0 verbose cli C:\Program Files\nodejs\node.exe C:\Program Files\nodejs\node_modules\npm\bin\npm-cli.js
1 info using npm@10.9.3
2 info using node@v22.20.0
3 silly config load:file:C:\Program Files\nodejs\node_modules\npm\npmrc
4 silly config load:file:C:\Users\nyath\Desktop\2.2\ZimCrafts Hub fullstack\zimcrafts-mobile\.npmrc
5 silly config load:file:C:\Users\nyath\.npmrc
6 silly config load:file:C:\Users\nyath\AppData\Roaming\npm\etc\npmrc
7 verbose title npm install
8 verbose argv "install"
9 verbose logfile logs-max:10 dir:C:\Users\nyath\Desktop\2.2\ZimCrafts Hub fullstack\zimcrafts-mobile\.npm-cache\_logs\2026-04-27T06_23_39_070Z-
10 verbose logfile C:\Users\nyath\Desktop\2.2\ZimCrafts Hub fullstack\zimcrafts-mobile\.npm-cache\_logs\2026-04-27T06_23_39_070Z-debug-0.log
11 silly logfile start cleaning logs, removing 1 files
12 silly packumentCache heap:2197815296 maxSize:549453824 maxEntrySize:274726912
13 silly logfile done cleaning log files
14 silly idealTree buildDeps
15 silly fetch manifest @expo/vector-icons@^15.0.3
16 silly packumentCache full:https://registry.npmjs.org/@expo%2fvector-icons cache-miss
17 http cache https://registry.npmjs.org/@expo%2fvector-icons 57ms (cache hit)
18 silly packumentCache full:https://registry.npmjs.org/@expo%2fvector-icons set size:222427 disposed:false
19 silly fetch manifest expo-font@~14.0.11
20 silly packumentCache full:https://registry.npmjs.org/expo-font cache-miss
21 http cache https://registry.npmjs.org/expo-font 26ms (cache hit)
22 silly packumentCache full:https://registry.npmjs.org/expo-font set size:852238 disposed:false
23 silly fetch manifest expo@~54.0.33
24 silly packumentCache full:https://registry.npmjs.org/expo cache-miss
25 http cache https://registry.npmjs.org/expo 52ms (cache hit)
26 silly packumentCache full:https://registry.npmjs.org/expo set size:3651946 disposed:false
27 silly fetch manifest @expo/dom-webview@*
28 silly packumentCache full:https://registry.npmjs.org/@expo%2fdom-webview cache-miss
29 http cache https://registry.npmjs.org/@expo%2fdom-webview 19ms (cache hit)
30 silly packumentCache full:https://registry.npmjs.org/@expo%2fdom-webview set size:362165 disposed:false
31 silly fetch manifest react@19.1.0
32 silly packumentCache full:https://registry.npmjs.org/react cache-miss
33 http cache https://registry.npmjs.org/react 62ms (cache hit)
34 silly packumentCache full:https://registry.npmjs.org/react set size:6625721 disposed:false
35 silly fetch manifest react-native@0.81.5
36 silly packumentCache full:https://registry.npmjs.org/react-native cache-miss
37 http cache https://registry.npmjs.org/react-native 99ms (cache hit)
38 silly packumentCache full:https://registry.npmjs.org/react-native set size:15187693 disposed:false
39 silly fetch manifest @types/react@~19.1.0
40 silly packumentCache full:https://registry.npmjs.org/@types%2freact cache-miss
41 http cache https://registry.npmjs.org/@types%2freact 33ms (cache hit)
42 silly packumentCache full:https://registry.npmjs.org/@types%2freact set size:2588964 disposed:false
43 silly fetch manifest @expo/metro-runtime@*
44 silly packumentCache full:https://registry.npmjs.org/@expo%2fmetro-runtime cache-miss
45 http cache https://registry.npmjs.org/@expo%2fmetro-runtime 25ms (cache hit)
46 silly packumentCache full:https://registry.npmjs.org/@expo%2fmetro-runtime set size:632184 disposed:false
47 silly fetch manifest react-dom@19.1.0
48 silly packumentCache full:https://registry.npmjs.org/react-dom cache-miss
49 http cache https://registry.npmjs.org/react-dom 73ms (cache hit)
50 silly packumentCache full:https://registry.npmjs.org/react-dom set size:8826021 disposed:false
51 silly fetch manifest react-native-webview@*
52 silly packumentCache full:https://registry.npmjs.org/react-native-webview cache-miss
53 http cache https://registry.npmjs.org/react-native-webview 49ms (cache hit)
54 silly packumentCache full:https://registry.npmjs.org/react-native-webview set size:1355349 disposed:false
55 silly fetch manifest @react-navigation/bottom-tabs@^7.4.0
56 silly packumentCache full:https://registry.npmjs.org/@react-navigation%2fbottom-tabs cache-miss
57 http cache https://registry.npmjs.org/@react-navigation%2fbottom-tabs 23ms (cache hit)
58 silly packumentCache full:https://registry.npmjs.org/@react-navigation%2fbottom-tabs set size:1154482 disposed:false
59 silly fetch manifest @react-navigation/native@^7.1.8
60 silly packumentCache full:https://registry.npmjs.org/@react-navigation%2fnative cache-miss
61 http cache https://registry.npmjs.org/@react-navigation%2fnative 20ms (cache hit)
62 silly packumentCache full:https://registry.npmjs.org/@react-navigation%2fnative set size:1077320 disposed:false
63 silly fetch manifest react-native-safe-area-context@~5.6.0
64 silly packumentCache full:https://registry.npmjs.org/react-native-safe-area-context cache-miss
65 http cache https://registry.npmjs.org/react-native-safe-area-context 17ms (cache hit)
66 silly packumentCache full:https://registry.npmjs.org/react-native-safe-area-context set size:662443 disposed:false
67 silly fetch manifest react-native-screens@~4.16.0
68 silly packumentCache full:https://registry.npmjs.org/react-native-screens cache-miss
69 http cache https://registry.npmjs.org/react-native-screens 38ms (cache hit)
70 silly packumentCache full:https://registry.npmjs.org/react-native-screens set size:3795426 disposed:false
71 silly fetch manifest @react-navigation/elements@^2.6.3
72 silly packumentCache full:https://registry.npmjs.org/@react-navigation%2felements cache-miss
73 http cache https://registry.npmjs.org/@react-navigation%2felements 23ms (cache hit)
74 silly packumentCache full:https://registry.npmjs.org/@react-navigation%2felements set size:625404 disposed:false
75 silly fetch manifest @react-native-masked-view/masked-view@>= 0.2.0
76 silly packumentCache full:https://registry.npmjs.org/@react-native-masked-view%2fmasked-view cache-miss
77 http cache https://registry.npmjs.org/@react-native-masked-view%2fmasked-view 40ms (cache hit)
78 silly packumentCache full:https://registry.npmjs.org/@react-native-masked-view%2fmasked-view set size:42980 disposed:false
79 silly fetch manifest @react-navigation/native-stack@^7.3.12
80 silly packumentCache full:https://registry.npmjs.org/@react-navigation%2fnative-stack cache-miss
81 http cache https://registry.npmjs.org/@react-navigation%2fnative-stack 31ms (cache hit)
82 silly packumentCache full:https://registry.npmjs.org/@react-navigation%2fnative-stack set size:850642 disposed:false
83 silly fetch manifest axios@^1.12.2
84 silly packumentCache full:https://registry.npmjs.org/axios cache-miss
85 http cache https://registry.npmjs.org/axios 30ms (cache hit)
86 silly packumentCache full:https://registry.npmjs.org/axios set size:803728 disposed:false
87 silly fetch manifest expo-constants@~18.0.13
88 silly packumentCache full:https://registry.npmjs.org/expo-constants cache-miss
89 http cache https://registry.npmjs.org/expo-constants 166ms (cache hit)
90 silly packumentCache full:https://registry.npmjs.org/expo-constants set size:979593 disposed:false
91 silly fetch manifest expo-haptics@~15.0.8
92 silly packumentCache full:https://registry.npmjs.org/expo-haptics cache-miss
93 http cache https://registry.npmjs.org/expo-haptics 18ms (cache hit)
94 silly packumentCache full:https://registry.npmjs.org/expo-haptics set size:645742 disposed:false
95 silly fetch manifest expo-image@~3.0.11
96 silly packumentCache full:https://registry.npmjs.org/expo-image cache-miss
97 http cache https://registry.npmjs.org/expo-image 28ms (cache hit)
98 silly packumentCache full:https://registry.npmjs.org/expo-image set size:802754 disposed:false
99 silly fetch manifest react-native-web@~0.21.0
100 silly packumentCache full:https://registry.npmjs.org/react-native-web cache-miss
101 http cache https://registry.npmjs.org/react-native-web 20ms (cache hit)
102 silly packumentCache full:https://registry.npmjs.org/react-native-web set size:1090363 disposed:false
103 silly fetch manifest expo-linking@~8.0.11
104 silly packumentCache full:https://registry.npmjs.org/expo-linking cache-miss
105 http cache https://registry.npmjs.org/expo-linking 18ms (cache hit)
106 silly packumentCache full:https://registry.npmjs.org/expo-linking set size:705039 disposed:false
107 silly fetch manifest expo-secure-store@~15.0.7
108 silly packumentCache full:https://registry.npmjs.org/expo-secure-store cache-miss
109 http cache https://registry.npmjs.org/expo-secure-store 26ms (cache hit)
110 silly packumentCache full:https://registry.npmjs.org/expo-secure-store set size:678403 disposed:false
111 silly fetch manifest expo-splash-screen@~31.0.13
112 silly packumentCache full:https://registry.npmjs.org/expo-splash-screen cache-miss
113 http cache https://registry.npmjs.org/expo-splash-screen 23ms (cache hit)
114 silly packumentCache full:https://registry.npmjs.org/expo-splash-screen set size:960669 disposed:false
115 silly fetch manifest expo-status-bar@~3.0.9
116 silly packumentCache full:https://registry.npmjs.org/expo-status-bar cache-miss
117 http cache https://registry.npmjs.org/expo-status-bar 21ms (cache hit)
118 silly packumentCache full:https://registry.npmjs.org/expo-status-bar set size:648252 disposed:false
119 silly fetch manifest expo-symbols@~1.0.8
120 silly packumentCache full:https://registry.npmjs.org/expo-symbols cache-miss
121 http cache https://registry.npmjs.org/expo-symbols 20ms (cache hit)
122 silly packumentCache full:https://registry.npmjs.org/expo-symbols set size:502316 disposed:false
123 silly fetch manifest expo-system-ui@~6.0.9
124 silly packumentCache full:https://registry.npmjs.org/expo-system-ui cache-miss
125 http cache https://registry.npmjs.org/expo-system-ui 21ms (cache hit)
126 silly packumentCache full:https://registry.npmjs.org/expo-system-ui set size:676757 disposed:false
127 silly fetch manifest expo-web-browser@~15.0.10
128 silly packumentCache full:https://registry.npmjs.org/expo-web-browser cache-miss
129 http cache https://registry.npmjs.org/expo-web-browser 25ms (cache hit)
130 silly packumentCache full:https://registry.npmjs.org/expo-web-browser set size:775201 disposed:false
131 silly fetch manifest react-native-gesture-handler@~2.28.0
132 silly packumentCache full:https://registry.npmjs.org/react-native-gesture-handler cache-miss
133 http cache https://registry.npmjs.org/react-native-gesture-handler 21ms (cache hit)
134 silly packumentCache full:https://registry.npmjs.org/react-native-gesture-handler set size:937382 disposed:false
135 silly fetch manifest react-native-paper@^5.14.5
136 silly packumentCache full:https://registry.npmjs.org/react-native-paper cache-miss
137 http cache https://registry.npmjs.org/react-native-paper 29ms (cache hit)
138 silly packumentCache full:https://registry.npmjs.org/react-native-paper set size:1000957 disposed:false
139 silly fetch manifest react-native-worklets@0.5.1
140 silly packumentCache full:https://registry.npmjs.org/react-native-worklets cache-miss
141 http cache https://registry.npmjs.org/react-native-worklets 39ms (cache hit)
142 silly packumentCache full:https://registry.npmjs.org/react-native-worklets set size:2503720 disposed:false
143 silly fetch manifest @babel/core@^7.0.0-0
144 silly packumentCache full:https://registry.npmjs.org/@babel%2fcore cache-miss
145 http cache https://registry.npmjs.org/@babel%2fcore 20ms (cache hit)
146 silly packumentCache full:https://registry.npmjs.org/@babel%2fcore set size:760113 disposed:false
147 silly fetch manifest react-native-reanimated@~4.1.1
148 silly packumentCache full:https://registry.npmjs.org/react-native-reanimated cache-miss
149 http cache https://registry.npmjs.org/react-native-reanimated 83ms (cache hit)
150 silly packumentCache full:https://registry.npmjs.org/react-native-reanimated set size:10666794 disposed:false
151 silly fetch manifest eslint@^9.25.0
152 silly packumentCache full:https://registry.npmjs.org/eslint cache-miss
153 http cache https://registry.npmjs.org/eslint 28ms (cache hit)
154 silly packumentCache full:https://registry.npmjs.org/eslint set size:1983515 disposed:false
155 silly fetch manifest jiti@*
156 silly packumentCache full:https://registry.npmjs.org/jiti cache-miss
157 http cache https://registry.npmjs.org/jiti 23ms (cache hit)
158 silly packumentCache full:https://registry.npmjs.org/jiti set size:382310 disposed:false
159 silly fetch manifest eslint-config-expo@~10.0.0
160 silly packumentCache full:https://registry.npmjs.org/eslint-config-expo cache-miss
161 http cache https://registry.npmjs.org/eslint-config-expo 16ms (cache hit)
162 silly packumentCache full:https://registry.npmjs.org/eslint-config-expo set size:401630 disposed:false
163 silly placeDep ROOT @expo/vector-icons@15.1.1 OK for: zimcrafts-mobile@1.0.0 want: ^15.0.3
164 silly placeDep ROOT react@19.1.0 OK for: @expo/vector-icons@15.1.1 want: *
165 silly placeDep ROOT expo-font@14.0.11 OK for: @expo/vector-icons@15.1.1 want: >=14.0.4
166 silly placeDep ROOT expo@54.0.33 OK for: expo-font@14.0.11 want: *
167 silly placeDep ROOT @react-navigation/bottom-tabs@7.15.10 OK for: zimcrafts-mobile@1.0.0 want: ^7.4.0
168 silly placeDep ROOT react-native-screens@4.16.0 OK for: @react-navigation/bottom-tabs@7.15.10 want: >= 4.0.0
169 silly placeDep ROOT @react-navigation/native@7.2.2 OK for: @react-navigation/bottom-tabs@7.15.10 want: ^7.2.2
170 silly placeDep ROOT react-native-safe-area-context@5.6.2 OK for: @react-navigation/bottom-tabs@7.15.10 want: >= 4.0.0
171 silly placeDep ROOT @react-navigation/elements@2.9.15 OK for: zimcrafts-mobile@1.0.0 want: ^2.6.3
172 silly placeDep ROOT @react-navigation/native-stack@7.14.12 OK for: zimcrafts-mobile@1.0.0 want: ^7.3.12
173 silly placeDep ROOT @types/react@19.1.17 OK for: zimcrafts-mobile@1.0.0 want: ~19.1.0
174 silly placeDep ROOT axios@1.15.2 OK for: zimcrafts-mobile@1.0.0 want: ^1.12.2
175 silly placeDep ROOT eslint@9.39.4 OK for: zimcrafts-mobile@1.0.0 want: ^9.25.0
176 silly placeDep ROOT eslint-config-expo@10.0.0 OK for: zimcrafts-mobile@1.0.0 want: ~10.0.0
177 silly placeDep ROOT expo-constants@18.0.13 OK for: zimcrafts-mobile@1.0.0 want: ~18.0.13
178 silly placeDep ROOT expo-haptics@15.0.8 OK for: zimcrafts-mobile@1.0.0 want: ~15.0.8
179 silly placeDep ROOT expo-image@3.0.11 OK for: zimcrafts-mobile@1.0.0 want: ~3.0.11
180 silly placeDep ROOT expo-linking@8.0.11 OK for: zimcrafts-mobile@1.0.0 want: ~8.0.11
181 silly placeDep ROOT expo-secure-store@15.0.8 OK for: zimcrafts-mobile@1.0.0 want: ~15.0.7
182 silly placeDep ROOT expo-splash-screen@31.0.13 OK for: zimcrafts-mobile@1.0.0 want: ~31.0.13
183 silly placeDep ROOT expo-status-bar@3.0.9 OK for: zimcrafts-mobile@1.0.0 want: ~3.0.9
184 silly placeDep ROOT expo-symbols@1.0.8 OK for: zimcrafts-mobile@1.0.0 want: ~1.0.8
185 silly placeDep ROOT expo-system-ui@6.0.9 OK for: zimcrafts-mobile@1.0.0 want: ~6.0.9
186 silly placeDep ROOT expo-web-browser@15.0.10 OK for: zimcrafts-mobile@1.0.0 want: ~15.0.10
187 silly placeDep ROOT react-dom@19.1.0 OK for: zimcrafts-mobile@1.0.0 want: 19.1.0
188 silly placeDep ROOT react-native@0.81.5 REPLACE for: zimcrafts-mobile@1.0.0 want: 0.81.5
189 silly placeDep ROOT react-native-gesture-handler@2.28.0 OK for: zimcrafts-mobile@1.0.0 want: ~2.28.0
190 silly placeDep ROOT react-native-paper@5.15.1 OK for: zimcrafts-mobile@1.0.0 want: ^5.14.5
191 silly placeDep ROOT react-native-reanimated@4.1.7 OK for: zimcrafts-mobile@1.0.0 want: ~4.1.1
192 silly placeDep ROOT react-native-worklets@0.5.1 OK for: react-native-reanimated@4.1.7 want: 0.5 - 0.8
193 silly placeDep ROOT @babel/core@7.29.0 OK for: react-native-worklets@0.5.1 want: ^7.0.0-0
194 silly placeDep ROOT react-native-web@0.21.2 OK for: zimcrafts-mobile@1.0.0 want: ~0.21.0
195 silly fetch manifest fontfaceobserver@^2.1.0
196 silly packumentCache full:https://registry.npmjs.org/fontfaceobserver cache-miss
197 silly fetch manifest @expo/cli@54.0.23
198 silly packumentCache full:https://registry.npmjs.org/@expo%2fcli cache-miss
199 silly fetch manifest expo-asset@~12.0.12
200 silly packumentCache full:https://registry.npmjs.org/expo-asset cache-miss
201 silly fetch manifest @expo/metro@~54.2.0
202 silly packumentCache full:https://registry.npmjs.org/@expo%2fmetro cache-miss
203 silly fetch manifest @expo/config@~12.0.13
204 silly packumentCache full:https://registry.npmjs.org/@expo%2fconfig cache-miss
205 silly fetch manifest pretty-format@^29.7.0
206 silly packumentCache full:https://registry.npmjs.org/pretty-format cache-miss
207 silly fetch manifest react-refresh@^0.14.2
208 silly packumentCache full:https://registry.npmjs.org/react-refresh cache-miss
209 http cache https://registry.npmjs.org/@expo%2fconfig 45ms (cache hit)
210 silly packumentCache full:https://registry.npmjs.org/@expo%2fconfig set size:1396746 disposed:false
211 silly fetch manifest @babel/runtime@^7.20.0
212 silly packumentCache full:https://registry.npmjs.org/@babel%2fruntime cache-miss
213 http cache https://registry.npmjs.org/expo-asset 73ms (cache hit)
214 silly packumentCache full:https://registry.npmjs.org/expo-asset set size:956157 disposed:false
215 silly fetch manifest @expo/devtools@0.1.8
216 silly packumentCache full:https://registry.npmjs.org/@expo%2fdevtools cache-miss
217 http cache https://registry.npmjs.org/@expo%2fcli 106ms (cache hit)
218 silly packumentCache full:https://registry.npmjs.org/@expo%2fcli set size:2476081 disposed:false
219 silly fetch manifest expo-keep-awake@~15.0.8
220 silly packumentCache full:https://registry.npmjs.org/expo-keep-awake cache-miss
221 http cache https://registry.npmjs.org/@expo%2fmetro 164ms (cache hit)
222 silly packumentCache full:https://registry.npmjs.org/@expo%2fmetro set size:52025 disposed:false
223 silly fetch manifest expo-file-system@~19.0.21
224 silly packumentCache full:https://registry.npmjs.org/expo-file-system cache-miss
225 http cache https://registry.npmjs.org/pretty-format 171ms (cache hit)
226 silly packumentCache full:https://registry.npmjs.org/pretty-format set size:593858 disposed:false
227 silly fetch manifest @expo/fingerprint@0.15.4
228 silly packumentCache full:https://registry.npmjs.org/@expo%2ffingerprint cache-miss
229 http cache https://registry.npmjs.org/fontfaceobserver 191ms (cache hit)
230 silly packumentCache full:https://registry.npmjs.org/fontfaceobserver set size:113480 disposed:false
231 silly fetch manifest babel-preset-expo@~54.0.10
232 silly packumentCache full:https://registry.npmjs.org/babel-preset-expo cache-miss
233 http cache https://registry.npmjs.org/react-refresh 206ms (cache hit)
234 silly packumentCache full:https://registry.npmjs.org/react-refresh set size:6311390 disposed:false
235 silly fetch manifest expo-modules-core@3.0.29
236 silly packumentCache full:https://registry.npmjs.org/expo-modules-core cache-miss
237 http cache https://registry.npmjs.org/@babel%2fruntime 302ms (cache hit)
238 silly packumentCache full:https://registry.npmjs.org/@babel%2fruntime set size:3372292 disposed:false
239 silly fetch manifest @expo/metro-config@54.0.14
240 silly packumentCache full:https://registry.npmjs.org/@expo%2fmetro-config cache-miss
241 http cache https://registry.npmjs.org/expo-keep-awake 277ms (cache hit)
242 silly packumentCache full:https://registry.npmjs.org/expo-keep-awake set size:684798 disposed:false
243 silly fetch manifest @expo/config-plugins@~54.0.4
244 silly packumentCache full:https://registry.npmjs.org/@expo%2fconfig-plugins cache-miss
245 http cache https://registry.npmjs.org/babel-preset-expo 267ms (cache hit)
246 silly packumentCache full:https://registry.npmjs.org/babel-preset-expo set size:1096184 disposed:false
247 silly fetch manifest @ungap/structured-clone@^1.3.0
248 silly packumentCache full:https://registry.npmjs.org/@ungap%2fstructured-clone cache-miss
249 http cache https://registry.npmjs.org/expo-file-system 317ms (cache hit)
250 silly packumentCache full:https://registry.npmjs.org/expo-file-system set size:1003609 disposed:false
251 silly fetch manifest expo-modules-autolinking@3.0.24
252 silly packumentCache full:https://registry.npmjs.org/expo-modules-autolinking cache-miss
253 http cache https://registry.npmjs.org/@expo%2fdevtools 414ms (cache hit)
254 silly packumentCache full:https://registry.npmjs.org/@expo%2fdevtools set size:186548 disposed:false
255 silly fetch manifest whatwg-url-without-unicode@8.0.0-3
256 silly packumentCache full:https://registry.npmjs.org/whatwg-url-without-unicode cache-miss
257 http cache https://registry.npmjs.org/@expo%2ffingerprint 329ms (cache hit)
258 silly packumentCache full:https://registry.npmjs.org/@expo%2ffingerprint set size:674174 disposed:false
259 silly fetch manifest color@^4.2.3
260 silly packumentCache full:https://registry.npmjs.org/color cache-miss
261 http cache https://registry.npmjs.org/expo-modules-core 212ms (cache hit)
262 silly packumentCache full:https://registry.npmjs.org/expo-modules-core set size:1214579 disposed:false
263 silly fetch manifest sf-symbols-typescript@^2.1.0
264 silly packumentCache full:https://registry.npmjs.org/sf-symbols-typescript cache-miss
265 http cache https://registry.npmjs.org/@expo%2fmetro-config 164ms (cache hit)
266 silly packumentCache full:https://registry.npmjs.org/@expo%2fmetro-config set size:1425348 disposed:false
267 silly fetch manifest @react-navigation/elements@^2.9.15
268 silly packumentCache full:https://registry.npmjs.org/@react-navigation%2felements cache-hit
269 silly fetch manifest nanoid@^3.3.11
270 silly packumentCache full:https://registry.npmjs.org/nanoid cache-miss
271 http cache https://registry.npmjs.org/@expo%2fconfig-plugins 176ms (cache hit)
272 silly packumentCache full:https://registry.npmjs.org/@expo%2fconfig-plugins set size:1158385 disposed:false
273 silly fetch manifest fast-deep-equal@^3.1.3
274 silly packumentCache full:https://registry.npmjs.org/fast-deep-equal cache-miss
275 http cache https://registry.npmjs.org/@ungap%2fstructured-clone 169ms (cache hit)
276 silly packumentCache full:https://registry.npmjs.org/@ungap%2fstructured-clone set size:55958 disposed:false
277 silly fetch manifest use-latest-callback@^0.2.4
278 silly packumentCache full:https://registry.npmjs.org/use-latest-callback cache-miss
279 http cache https://registry.npmjs.org/whatwg-url-without-unicode 141ms (cache hit)
280 silly packumentCache full:https://registry.npmjs.org/whatwg-url-without-unicode set size:35141 disposed:false
281 silly fetch manifest escape-string-regexp@^4.0.0
282 silly packumentCache full:https://registry.npmjs.org/escape-string-regexp cache-miss
283 http cache https://registry.npmjs.org/color 129ms (cache hit)
284 silly packumentCache full:https://registry.npmjs.org/color set size:98234 disposed:false
285 silly fetch manifest @react-navigation/core@^7.17.2
286 silly packumentCache full:https://registry.npmjs.org/@react-navigation%2fcore cache-miss
287 http cache https://registry.npmjs.org/expo-modules-autolinking 160ms (cache hit)
288 silly packumentCache full:https://registry.npmjs.org/expo-modules-autolinking set size:872303 disposed:false
289 silly fetch manifest warn-once@^0.1.0
290 silly packumentCache full:https://registry.npmjs.org/warn-once cache-miss
291 http cache https://registry.npmjs.org/sf-symbols-typescript 136ms (cache hit)
292 silly packumentCache full:https://registry.npmjs.org/sf-symbols-typescript set size:18602 disposed:false
293 silly fetch manifest react-freeze@^1.0.0
294 silly packumentCache full:https://registry.npmjs.org/react-freeze cache-miss
295 http cache https://registry.npmjs.org/use-latest-callback 68ms (cache hit)
296 silly packumentCache full:https://registry.npmjs.org/use-latest-callback set size:64855 disposed:false
297 silly fetch manifest react-native-is-edge-to-edge@^1.2.1
298 silly packumentCache full:https://registry.npmjs.org/react-native-is-edge-to-edge cache-miss
299 http cache https://registry.npmjs.org/fast-deep-equal 80ms (cache hit)
300 silly packumentCache full:https://registry.npmjs.org/fast-deep-equal set size:48634 disposed:false
301 silly fetch manifest use-sync-external-store@^1.5.0
302 silly packumentCache full:https://registry.npmjs.org/use-sync-external-store cache-miss
303 http cache https://registry.npmjs.org/nanoid 108ms (cache hit)
304 silly packumentCache full:https://registry.npmjs.org/nanoid set size:304025 disposed:false
305 silly fetch manifest warn-once@^0.1.1
306 silly packumentCache full:https://registry.npmjs.org/warn-once cache-miss
307 http cache https://registry.npmjs.org/escape-string-regexp 92ms (cache hit)
308 silly packumentCache full:https://registry.npmjs.org/escape-string-regexp set size:22244 disposed:false
309 silly fetch manifest csstype@^3.0.2
310 silly packumentCache full:https://registry.npmjs.org/csstype cache-miss
311 http cache https://registry.npmjs.org/warn-once 73ms (cache hit)
312 silly packumentCache full:https://registry.npmjs.org/warn-once set size:8138 disposed:false
313 silly fetch manifest follow-redirects@^1.15.11
314 silly packumentCache full:https://registry.npmjs.org/follow-redirects cache-miss
315 http cache https://registry.npmjs.org/@react-navigation%2fcore 103ms (cache hit)
316 silly packumentCache full:https://registry.npmjs.org/@react-navigation%2fcore set size:1019097 disposed:false
317 silly fetch manifest form-data@^4.0.5
318 silly packumentCache full:https://registry.npmjs.org/form-data cache-miss
319 http cache https://registry.npmjs.org/react-freeze 100ms (cache hit)
320 silly packumentCache full:https://registry.npmjs.org/react-freeze set size:30139 disposed:false
321 silly fetch manifest proxy-from-env@^2.1.0
322 silly packumentCache full:https://registry.npmjs.org/proxy-from-env cache-miss
323 http cache https://registry.npmjs.org/warn-once 108ms (cache hit)
324 silly packumentCache full:https://registry.npmjs.org/warn-once set size:8138 disposed:false
325 silly packumentCache full:https://registry.npmjs.org/warn-once dispose
326 silly fetch manifest ajv@^6.14.0
327 silly packumentCache full:https://registry.npmjs.org/ajv cache-miss
328 http cache https://registry.npmjs.org/use-sync-external-store 159ms (cache hit)
329 silly packumentCache full:https://registry.npmjs.org/use-sync-external-store set size:4653071 disposed:false
330 silly fetch manifest chalk@^4.0.0
331 silly packumentCache full:https://registry.npmjs.org/chalk cache-miss
332 http cache https://registry.npmjs.org/react-native-is-edge-to-edge 256ms (cache hit)
333 silly packumentCache full:https://registry.npmjs.org/react-native-is-edge-to-edge set size:36085 disposed:false
334 silly fetch manifest debug@^4.3.2
335 silly packumentCache full:https://registry.npmjs.org/debug cache-miss
336 http cache https://registry.npmjs.org/csstype 239ms (cache hit)
337 silly packumentCache full:https://registry.npmjs.org/csstype set size:274189 disposed:false
338 silly fetch manifest espree@^10.4.0
339 silly packumentCache full:https://registry.npmjs.org/espree cache-miss
340 http cache https://registry.npmjs.org/follow-redirects 246ms (cache hit)
341 silly packumentCache full:https://registry.npmjs.org/follow-redirects set size:188945 disposed:false
342 silly fetch manifest ignore@^5.2.0
343 silly packumentCache full:https://registry.npmjs.org/ignore cache-miss
344 http cache https://registry.npmjs.org/form-data 235ms (cache hit)
345 silly packumentCache full:https://registry.npmjs.org/form-data set size:153646 disposed:false
346 silly fetch manifest esquery@^1.5.0
347 silly packumentCache full:https://registry.npmjs.org/esquery cache-miss
348 http cache https://registry.npmjs.org/proxy-from-env 243ms (cache hit)
349 silly packumentCache full:https://registry.npmjs.org/proxy-from-env set size:21422 disposed:false
350 silly fetch manifest esutils@^2.0.2
351 silly packumentCache full:https://registry.npmjs.org/esutils cache-miss
352 http cache https://registry.npmjs.org/chalk 86ms (cache hit)
353 silly packumentCache full:https://registry.npmjs.org/chalk set size:117861 disposed:false
354 silly fetch manifest find-up@^5.0.0
355 silly packumentCache full:https://registry.npmjs.org/find-up cache-miss
356 http cache https://registry.npmjs.org/ajv 206ms (cache hit)
357 silly packumentCache full:https://registry.npmjs.org/ajv set size:1142658 disposed:false
358 silly fetch manifest is-glob@^4.0.0
359 silly packumentCache full:https://registry.npmjs.org/is-glob cache-miss
360 http cache https://registry.npmjs.org/debug 122ms (cache hit)
361 silly packumentCache full:https://registry.npmjs.org/debug set size:195840 disposed:false
362 silly fetch manifest minimatch@^3.1.5
363 silly packumentCache full:https://registry.npmjs.org/minimatch cache-miss
364 http cache https://registry.npmjs.org/espree 118ms (cache hit)
365 silly packumentCache full:https://registry.npmjs.org/espree set size:326080 disposed:false
366 silly fetch manifest @eslint/js@9.39.4
367 silly packumentCache full:https://registry.npmjs.org/@eslint%2fjs cache-miss
368 http cache https://registry.npmjs.org/ignore 124ms (cache hit)
369 silly packumentCache full:https://registry.npmjs.org/ignore set size:237380 disposed:false
370 silly fetch manifest optionator@^0.9.3
371 silly packumentCache full:https://registry.npmjs.org/optionator cache-miss
372 http cache https://registry.npmjs.org/esquery 133ms (cache hit)
373 silly packumentCache full:https://registry.npmjs.org/esquery set size:48888 disposed:false
374 silly fetch manifest cross-spawn@^7.0.6
375 silly packumentCache full:https://registry.npmjs.org/cross-spawn cache-miss
376 http cache https://registry.npmjs.org/esutils 122ms (cache hit)
377 silly packumentCache full:https://registry.npmjs.org/esutils set size:29522 disposed:false
378 silly fetch manifest glob-parent@^6.0.2
379 silly packumentCache full:https://registry.npmjs.org/glob-parent cache-miss
380 http cache https://registry.npmjs.org/is-glob 83ms (cache hit)
381 silly packumentCache full:https://registry.npmjs.org/is-glob set size:40530 disposed:false
382 silly fetch manifest imurmurhash@^0.1.4
383 silly packumentCache full:https://registry.npmjs.org/imurmurhash cache-miss
384 http cache https://registry.npmjs.org/find-up 118ms (cache hit)
385 silly packumentCache full:https://registry.npmjs.org/find-up set size:42620 disposed:false
386 silly fetch manifest @eslint/core@^0.17.0
387 silly packumentCache full:https://registry.npmjs.org/@eslint%2fcore cache-miss
388 http cache https://registry.npmjs.org/minimatch 85ms (cache hit)
389 silly packumentCache full:https://registry.npmjs.org/minimatch set size:375282 disposed:false
390 silly fetch manifest eslint-scope@^8.4.0
391 silly packumentCache full:https://registry.npmjs.org/eslint-scope cache-miss
392 http cache https://registry.npmjs.org/@eslint%2fjs 82ms (cache hit)
393 silly packumentCache full:https://registry.npmjs.org/@eslint%2fjs set size:140022 disposed:false
394 silly fetch manifest lodash.merge@^4.6.2
395 silly packumentCache full:https://registry.npmjs.org/lodash.merge cache-miss
396 http cache https://registry.npmjs.org/optionator 85ms (cache hit)
397 silly packumentCache full:https://registry.npmjs.org/optionator set size:49651 disposed:false
398 silly fetch manifest @humanfs/node@^0.16.6
399 silly packumentCache full:https://registry.npmjs.org/@humanfs%2fnode cache-miss
400 http cache https://registry.npmjs.org/cross-spawn 196ms (cache hit)
401 silly packumentCache full:https://registry.npmjs.org/cross-spawn set size:109066 disposed:false
402 silly fetch manifest @types/estree@^1.0.6
403 silly packumentCache full:https://registry.npmjs.org/@types%2festree cache-miss
404 http cache https://registry.npmjs.org/glob-parent 203ms (cache hit)
405 silly packumentCache full:https://registry.npmjs.org/glob-parent set size:42445 disposed:false
406 silly fetch manifest natural-compare@^1.4.0
407 silly packumentCache full:https://registry.npmjs.org/natural-compare cache-miss
408 http cache https://registry.npmjs.org/imurmurhash 248ms (cache hit)
409 silly packumentCache full:https://registry.npmjs.org/imurmurhash set size:35819 disposed:false
410 silly fetch manifest @eslint/eslintrc@^3.3.5
411 silly packumentCache full:https://registry.npmjs.org/@eslint%2feslintrc cache-miss
412 http cache https://registry.npmjs.org/@eslint%2fcore 252ms (cache hit)
413 silly packumentCache full:https://registry.npmjs.org/@eslint%2fcore set size:58023 disposed:false
414 silly fetch manifest file-entry-cache@^8.0.0
415 silly packumentCache full:https://registry.npmjs.org/file-entry-cache cache-miss
416 http cache https://registry.npmjs.org/lodash.merge 243ms (cache hit)
417 silly packumentCache full:https://registry.npmjs.org/lodash.merge set size:78575 disposed:false
418 silly fetch manifest @eslint/plugin-kit@^0.4.1
419 silly packumentCache full:https://registry.npmjs.org/@eslint%2fplugin-kit cache-miss
420 http cache https://registry.npmjs.org/eslint-scope 264ms (cache hit)
421 silly packumentCache full:https://registry.npmjs.org/eslint-scope set size:98867 disposed:false
422 silly fetch manifest eslint-visitor-keys@^4.2.1
423 silly packumentCache full:https://registry.npmjs.org/eslint-visitor-keys cache-miss
424 http cache https://registry.npmjs.org/@humanfs%2fnode 172ms (cache hit)
425 silly packumentCache full:https://registry.npmjs.org/@humanfs%2fnode set size:39629 disposed:false
426 silly fetch manifest @eslint/config-array@^0.21.2
427 silly packumentCache full:https://registry.npmjs.org/@eslint%2fconfig-array cache-miss
428 http cache https://registry.npmjs.org/natural-compare 127ms (cache hit)
429 silly packumentCache full:https://registry.npmjs.org/natural-compare set size:7852 disposed:false
430 silly fetch manifest @humanwhocodes/retry@^0.4.2
431 silly packumentCache full:https://registry.npmjs.org/@humanwhocodes%2fretry cache-miss
432 http cache https://registry.npmjs.org/@types%2festree 145ms (cache hit)
433 silly packumentCache full:https://registry.npmjs.org/@types%2festree set size:74091 disposed:false
434 silly fetch manifest @eslint/config-helpers@^0.4.2
435 silly packumentCache full:https://registry.npmjs.org/@eslint%2fconfig-helpers cache-miss
436 http cache https://registry.npmjs.org/@eslint%2feslintrc 101ms (cache hit)
437 silly packumentCache full:https://registry.npmjs.org/@eslint%2feslintrc set size:168674 disposed:false
438 silly fetch manifest @eslint-community/regexpp@^4.12.1
439 silly packumentCache full:https://registry.npmjs.org/@eslint-community%2fregexpp cache-miss
440 http cache https://registry.npmjs.org/file-entry-cache 105ms (cache hit)
441 silly packumentCache full:https://registry.npmjs.org/file-entry-cache set size:151480 disposed:false
442 silly fetch manifest @eslint-community/eslint-utils@^4.8.0
443 silly packumentCache full:https://registry.npmjs.org/@eslint-community%2feslint-utils cache-miss
444 http cache https://registry.npmjs.org/eslint-visitor-keys 94ms (cache hit)
445 silly packumentCache full:https://registry.npmjs.org/eslint-visitor-keys set size:69949 disposed:false
446 silly fetch manifest @humanwhocodes/module-importer@^1.0.1
447 silly packumentCache full:https://registry.npmjs.org/@humanwhocodes%2fmodule-importer cache-miss
448 http cache https://registry.npmjs.org/@eslint%2fplugin-kit 111ms (cache hit)
449 silly packumentCache full:https://registry.npmjs.org/@eslint%2fplugin-kit set size:73270 disposed:false
450 silly fetch manifest json-stable-stringify-without-jsonify@^1.0.1
451 silly packumentCache full:https://registry.npmjs.org/json-stable-stringify-without-jsonify cache-miss
452 http cache https://registry.npmjs.org/@eslint%2fconfig-array 95ms (cache hit)
453 silly packumentCache full:https://registry.npmjs.org/@eslint%2fconfig-array set size:74140 disposed:false
454 silly fetch manifest globals@^16.0.0
455 silly packumentCache full:https://registry.npmjs.org/globals cache-miss
456 http cache https://registry.npmjs.org/@humanwhocodes%2fretry 97ms (cache hit)
457 silly packumentCache full:https://registry.npmjs.org/@humanwhocodes%2fretry set size:42348 disposed:false
458 silly fetch manifest eslint-plugin-expo@^1.0.0
459 silly packumentCache full:https://registry.npmjs.org/eslint-plugin-expo cache-miss
460 http cache https://registry.npmjs.org/@eslint%2fconfig-helpers 97ms (cache hit)
461 silly packumentCache full:https://registry.npmjs.org/@eslint%2fconfig-helpers set size:47979 disposed:false
462 silly fetch manifest eslint-plugin-react@^7.37.3
463 silly packumentCache full:https://registry.npmjs.org/eslint-plugin-react cache-miss
464 http cache https://registry.npmjs.org/@eslint-community%2fregexpp 78ms (cache hit)
465 silly packumentCache full:https://registry.npmjs.org/@eslint-community%2fregexpp set size:106609 disposed:false
466 silly fetch manifest eslint-plugin-import@^2.30.0
467 silly packumentCache full:https://registry.npmjs.org/eslint-plugin-import cache-miss
468 http cache https://registry.npmjs.org/@eslint-community%2feslint-utils 69ms (cache hit)
469 silly packumentCache full:https://registry.npmjs.org/@eslint-community%2feslint-utils set size:93301 disposed:false
470 silly fetch manifest @typescript-eslint/parser@^8.18.2
471 silly packumentCache full:https://registry.npmjs.org/@typescript-eslint%2fparser cache-miss
472 http cache https://registry.npmjs.org/@humanwhocodes%2fmodule-importer 75ms (cache hit)
473 silly packumentCache full:https://registry.npmjs.org/@humanwhocodes%2fmodule-importer set size:9516 disposed:false
474 silly fetch manifest eslint-plugin-react-hooks@^5.1.0
475 silly packumentCache full:https://registry.npmjs.org/eslint-plugin-react-hooks cache-miss
476 http cache https://registry.npmjs.org/json-stable-stringify-without-jsonify 73ms (cache hit)
477 silly packumentCache full:https://registry.npmjs.org/json-stable-stringify-without-jsonify set size:5808 disposed:false
478 silly fetch manifest @typescript-eslint/eslint-plugin@^8.18.2
479 silly packumentCache full:https://registry.npmjs.org/@typescript-eslint%2feslint-plugin cache-miss
480 http cache https://registry.npmjs.org/globals 68ms (cache hit)
481 silly packumentCache full:https://registry.npmjs.org/globals set size:312297 disposed:false
482 silly fetch manifest eslint-import-resolver-typescript@^3.6.3
483 silly packumentCache full:https://registry.npmjs.org/eslint-import-resolver-typescript cache-miss
484 http cache https://registry.npmjs.org/eslint-plugin-react 69ms (cache hit)
485 silly packumentCache full:https://registry.npmjs.org/eslint-plugin-react set size:646827 disposed:false
486 silly fetch manifest @expo/env@~2.0.8
487 silly packumentCache full:https://registry.npmjs.org/@expo%2fenv cache-miss
488 http cache https://registry.npmjs.org/eslint-plugin-expo 92ms (cache hit)
489 silly packumentCache full:https://registry.npmjs.org/eslint-plugin-expo set size:362516 disposed:false
490 silly fetch manifest invariant@^2.2.4
491 silly packumentCache full:https://registry.npmjs.org/invariant cache-miss
492 http cache https://registry.npmjs.org/eslint-plugin-import 94ms (cache hit)
493 silly packumentCache full:https://registry.npmjs.org/eslint-plugin-import set size:484928 disposed:false
494 silly fetch manifest @expo/prebuild-config@^54.0.8
495 silly packumentCache full:https://registry.npmjs.org/@expo%2fprebuild-config cache-miss
496 http cache https://registry.npmjs.org/@typescript-eslint%2fparser 208ms (cache hit)
497 silly packumentCache full:https://registry.npmjs.org/@typescript-eslint%2fparser set size:15094266 disposed:false
498 silly fetch manifest sf-symbols-typescript@^2.0.0
499 silly packumentCache full:https://registry.npmjs.org/sf-symbols-typescript cache-hit
500 silly fetch manifest @react-native/normalize-colors@0.81.5
501 silly packumentCache full:https://registry.npmjs.org/@react-native%2fnormalize-colors cache-miss
502 http cache https://registry.npmjs.org/eslint-plugin-react-hooks 484ms (cache hit)
503 silly packumentCache full:https://registry.npmjs.org/eslint-plugin-react-hooks set size:7345133 disposed:false
504 silly fetch manifest scheduler@^0.26.0
505 silly packumentCache full:https://registry.npmjs.org/scheduler cache-miss
506 http cache https://registry.npmjs.org/eslint-import-resolver-typescript 605ms (cache hit)
507 silly packumentCache full:https://registry.npmjs.org/eslint-import-resolver-typescript set size:334387 disposed:false
508 silly fetch manifest ws@^6.2.3
509 silly packumentCache full:https://registry.npmjs.org/ws cache-miss
510 http cache https://registry.npmjs.org/@typescript-eslint%2feslint-plugin 720ms (cache hit)
511 silly packumentCache full:https://registry.npmjs.org/@typescript-eslint%2feslint-plugin set size:17800450 disposed:false
512 silly fetch manifest glob@^7.1.1
513 silly packumentCache full:https://registry.npmjs.org/glob cache-miss
514 http cache https://registry.npmjs.org/invariant 921ms (cache hit)
515 silly packumentCache full:https://registry.npmjs.org/invariant set size:22008 disposed:false
516 silly fetch manifest anser@^1.4.9
517 silly packumentCache full:https://registry.npmjs.org/anser cache-miss
518 http cache https://registry.npmjs.org/@expo%2fenv 940ms (cache hit)
519 silly packumentCache full:https://registry.npmjs.org/@expo%2fenv set size:523845 disposed:false
520 silly fetch manifest yargs@^17.6.2
521 silly packumentCache full:https://registry.npmjs.org/yargs cache-miss
522 http cache https://registry.npmjs.org/@expo%2fprebuild-config 929ms (cache hit)
523 silly packumentCache full:https://registry.npmjs.org/@expo%2fprebuild-config set size:1076991 disposed:false
524 silly fetch manifest semver@^7.1.3
525 silly packumentCache full:https://registry.npmjs.org/semver cache-miss
526 http cache https://registry.npmjs.org/ws 413ms (cache hit)
527 silly packumentCache full:https://registry.npmjs.org/ws set size:415737 disposed:false
528 silly fetch manifest promise@^8.3.0
529 silly packumentCache full:https://registry.npmjs.org/promise cache-miss
530 http cache https://registry.npmjs.org/@react-native%2fnormalize-colors 607ms (cache hit)
531 silly packumentCache full:https://registry.npmjs.org/@react-native%2fnormalize-colors set size:1837953 disposed:false
532 silly fetch manifest base64-js@^1.5.1
533 silly packumentCache full:https://registry.npmjs.org/base64-js cache-miss
534 http cache https://registry.npmjs.org/glob 124ms (cache hit)
535 silly packumentCache full:https://registry.npmjs.org/glob set size:469465 disposed:false
536 silly fetch manifest commander@^12.0.0
537 silly packumentCache full:https://registry.npmjs.org/commander cache-miss
538 http cache https://registry.npmjs.org/scheduler 498ms (cache hit)
539 silly packumentCache full:https://registry.npmjs.org/scheduler set size:5490166 disposed:false
540 silly fetch manifest scheduler@0.26.0
541 silly packumentCache full:https://registry.npmjs.org/scheduler cache-miss
542 http cache https://registry.npmjs.org/anser 242ms (cache hit)
543 silly packumentCache full:https://registry.npmjs.org/anser set size:109321 disposed:false
544 silly fetch manifest ansi-regex@^5.0.0
545 silly packumentCache full:https://registry.npmjs.org/ansi-regex cache-miss
546 http cache https://registry.npmjs.org/yargs 238ms (cache hit)
547 silly packumentCache full:https://registry.npmjs.org/yargs set size:743056 disposed:false
548 silly fetch manifest babel-jest@^29.7.0
549 silly packumentCache full:https://registry.npmjs.org/babel-jest cache-miss
550 http cache https://registry.npmjs.org/semver 249ms (cache hit)
551 silly packumentCache full:https://registry.npmjs.org/semver set size:229571 disposed:false
552 silly fetch manifest nullthrows@^1.1.1
553 silly packumentCache full:https://registry.npmjs.org/nullthrows cache-miss
554 http cache https://registry.npmjs.org/promise 229ms (cache hit)
555 silly packumentCache full:https://registry.npmjs.org/promise set size:112704 disposed:false
556 silly fetch manifest memoize-one@^5.0.0
557 silly packumentCache full:https://registry.npmjs.org/memoize-one cache-miss
558 http cache https://registry.npmjs.org/base64-js 198ms (cache hit)
559 silly packumentCache full:https://registry.npmjs.org/base64-js set size:41270 disposed:false
560 silly fetch manifest whatwg-fetch@^3.0.0
561 silly packumentCache full:https://registry.npmjs.org/whatwg-fetch cache-miss
562 http cache https://registry.npmjs.org/commander 192ms (cache hit)
563 silly packumentCache full:https://registry.npmjs.org/commander set size:306301 disposed:false
564 silly fetch manifest metro-runtime@^0.83.1
565 silly packumentCache full:https://registry.npmjs.org/metro-runtime cache-miss
566 http cache https://registry.npmjs.org/scheduler 104ms (cache hit)
567 silly packumentCache full:https://registry.npmjs.org/scheduler set size:5490166 disposed:false
568 silly fetch manifest react-refresh@^0.14.0
569 silly packumentCache full:https://registry.npmjs.org/react-refresh cache-miss
570 http cache https://registry.npmjs.org/ansi-regex 173ms (cache hit)
571 silly packumentCache full:https://registry.npmjs.org/ansi-regex set size:43572 disposed:false
572 silly fetch manifest abort-controller@^3.0.0
573 silly packumentCache full:https://registry.npmjs.org/abort-controller cache-miss
574 http cache https://registry.npmjs.org/babel-jest 156ms (cache hit)
575 silly packumentCache full:https://registry.npmjs.org/babel-jest set size:686500 disposed:false
576 silly fetch manifest metro-source-map@^0.83.1
577 silly packumentCache full:https://registry.npmjs.org/metro-source-map cache-miss
578 http cache https://registry.npmjs.org/memoize-one 147ms (cache hit)
579 silly packumentCache full:https://registry.npmjs.org/memoize-one set size:217155 disposed:false
580 silly fetch manifest stacktrace-parser@^0.1.10
581 silly packumentCache full:https://registry.npmjs.org/stacktrace-parser cache-miss
582 http cache https://registry.npmjs.org/nullthrows 162ms (cache hit)
583 silly packumentCache full:https://registry.npmjs.org/nullthrows set size:14885 disposed:false
584 silly fetch manifest flow-enums-runtime@^0.0.6
585 silly packumentCache full:https://registry.npmjs.org/flow-enums-runtime cache-miss
586 http cache https://registry.npmjs.org/whatwg-fetch 161ms (cache hit)
587 silly packumentCache full:https://registry.npmjs.org/whatwg-fetch set size:120970 disposed:false
588 silly fetch manifest react-devtools-core@^6.1.5
589 silly packumentCache full:https://registry.npmjs.org/react-devtools-core cache-miss
590 http cache https://registry.npmjs.org/metro-runtime 157ms (cache hit)
591 silly packumentCache full:https://registry.npmjs.org/metro-runtime set size:212197 disposed:false
592 silly fetch manifest regenerator-runtime@^0.13.2
593 silly packumentCache full:https://registry.npmjs.org/regenerator-runtime cache-miss
594 http cache https://registry.npmjs.org/react-refresh 98ms (cache hit)
595 silly packumentCache full:https://registry.npmjs.org/react-refresh set size:6311390 disposed:false
596 silly fetch manifest @react-native/codegen@0.81.5
597 silly packumentCache full:https://registry.npmjs.org/@react-native%2fcodegen cache-miss
598 http cache https://registry.npmjs.org/abort-controller 217ms (cache hit)
599 silly packumentCache full:https://registry.npmjs.org/abort-controller set size:47272 disposed:false
600 silly fetch manifest jest-environment-node@^29.7.0
601 silly packumentCache full:https://registry.npmjs.org/jest-environment-node cache-miss
602 http cache https://registry.npmjs.org/metro-source-map 215ms (cache hit)
603 silly packumentCache full:https://registry.npmjs.org/metro-source-map set size:419987 disposed:false
604 silly fetch manifest @react-native/js-polyfills@0.81.5
605 silly packumentCache full:https://registry.npmjs.org/@react-native%2fjs-polyfills cache-miss
606 http cache https://registry.npmjs.org/stacktrace-parser 226ms (cache hit)
607 silly packumentCache full:https://registry.npmjs.org/stacktrace-parser set size:31168 disposed:false
608 silly fetch manifest @react-native/gradle-plugin@0.81.5
609 silly packumentCache full:https://registry.npmjs.org/@react-native%2fgradle-plugin cache-miss
610 http cache https://registry.npmjs.org/react-devtools-core 219ms (cache hit)
611 silly packumentCache full:https://registry.npmjs.org/react-devtools-core set size:459848 disposed:false
612 silly fetch manifest @react-native/assets-registry@0.81.5
613 silly packumentCache full:https://registry.npmjs.org/@react-native%2fassets-registry cache-miss
614 http cache https://registry.npmjs.org/flow-enums-runtime 237ms (cache hit)
615 silly packumentCache full:https://registry.npmjs.org/flow-enums-runtime set size:20749 disposed:false
616 silly fetch manifest @jest/create-cache-key-function@^29.7.0
617 silly packumentCache full:https://registry.npmjs.org/@jest%2fcreate-cache-key-function cache-miss
618 http cache https://registry.npmjs.org/regenerator-runtime 223ms (cache hit)
619 silly packumentCache full:https://registry.npmjs.org/regenerator-runtime set size:59671 disposed:false
620 silly fetch manifest @react-native/virtualized-lists@0.81.5
621 silly packumentCache full:https://registry.npmjs.org/@react-native%2fvirtualized-lists cache-miss
622 http cache https://registry.npmjs.org/jest-environment-node 77ms (cache hit)
623 silly packumentCache full:https://registry.npmjs.org/jest-environment-node set size:643853 disposed:false
624 silly fetch manifest babel-plugin-syntax-hermes-parser@0.29.1
625 silly packumentCache full:https://registry.npmjs.org/babel-plugin-syntax-hermes-parser cache-miss
626 http cache https://registry.npmjs.org/@react-native%2fcodegen 125ms (cache hit)
627 silly packumentCache full:https://registry.npmjs.org/@react-native%2fcodegen set size:2785445 disposed:false
628 silly fetch manifest @react-native/community-cli-plugin@0.81.5
629 silly packumentCache full:https://registry.npmjs.org/@react-native%2fcommunity-cli-plugin cache-miss
630 http cache https://registry.npmjs.org/@react-native%2fjs-polyfills 197ms (cache hit)
631 silly packumentCache full:https://registry.npmjs.org/@react-native%2fjs-polyfills set size:1824870 disposed:false
632 silly fetch manifest @egjs/hammerjs@^2.0.17
633 silly packumentCache full:https://registry.npmjs.org/@egjs%2fhammerjs cache-miss
634 http cache https://registry.npmjs.org/@jest%2fcreate-cache-key-function 198ms (cache hit)
635 silly packumentCache full:https://registry.npmjs.org/@jest%2fcreate-cache-key-function set size:227866 disposed:false
636 silly fetch manifest hoist-non-react-statics@^3.3.0
637 silly packumentCache full:https://registry.npmjs.org/hoist-non-react-statics cache-miss
638 http cache https://registry.npmjs.org/@react-native%2fgradle-plugin 231ms (cache hit)
639 silly packumentCache full:https://registry.npmjs.org/@react-native%2fgradle-plugin set size:1973999 disposed:false
640 silly fetch manifest @callstack/react-theme-provider@^3.0.9
641 silly packumentCache full:https://registry.npmjs.org/@callstack%2freact-theme-provider cache-miss
642 http cache https://registry.npmjs.org/@react-native%2fassets-registry 270ms (cache hit)
643 silly packumentCache full:https://registry.npmjs.org/@react-native%2fassets-registry set size:1829613 disposed:false
644 silly fetch manifest color@^3.1.2
645 silly packumentCache full:https://registry.npmjs.org/color cache-hit
646 silly fetch manifest use-latest-callback@^0.2.3
647 silly packumentCache full:https://registry.npmjs.org/use-latest-callback cache-hit
648 silly fetch manifest semver@^7.7.2
649 silly packumentCache full:https://registry.npmjs.org/semver cache-hit
650 silly fetch manifest semver@7.7.2
651 silly packumentCache full:https://registry.npmjs.org/semver cache-hit
652 silly fetch manifest convert-source-map@^2.0.0
653 silly packumentCache full:https://registry.npmjs.org/convert-source-map cache-miss
654 http cache https://registry.npmjs.org/@react-native%2fvirtualized-lists 300ms (cache hit)
655 silly packumentCache full:https://registry.npmjs.org/@react-native%2fvirtualized-lists set size:2260806 disposed:false
656 silly fetch manifest @babel/preset-typescript@^7.16.7
657 silly packumentCache full:https://registry.npmjs.org/@babel%2fpreset-typescript cache-miss
658 http cache https://registry.npmjs.org/babel-plugin-syntax-hermes-parser 342ms (cache hit)
659 silly packumentCache full:https://registry.npmjs.org/babel-plugin-syntax-hermes-parser set size:100651 disposed:false
660 silly fetch manifest @babel/plugin-transform-classes@^7.0.0-0
661 silly packumentCache full:https://registry.npmjs.org/@babel%2fplugin-transform-classes cache-miss
662 http cache https://registry.npmjs.org/@react-native%2fcommunity-cli-plugin 247ms (cache hit)
663 silly packumentCache full:https://registry.npmjs.org/@react-native%2fcommunity-cli-plugin set size:2436119 disposed:false
664 silly fetch manifest @babel/plugin-transform-unicode-regex@^7.0.0-0
665 silly packumentCache full:https://registry.npmjs.org/@babel%2fplugin-transform-unicode-regex cache-miss
666 http cache https://registry.npmjs.org/@egjs%2fhammerjs 250ms (cache hit)
667 silly packumentCache full:https://registry.npmjs.org/@egjs%2fhammerjs set size:49632 disposed:false
668 silly fetch manifest @babel/plugin-transform-arrow-functions@^7.0.0-0
669 silly packumentCache full:https://registry.npmjs.org/@babel%2fplugin-transform-arrow-functions cache-miss
670 http cache https://registry.npmjs.org/hoist-non-react-statics 244ms (cache hit)
671 silly packumentCache full:https://registry.npmjs.org/hoist-non-react-statics set size:97044 disposed:false
672 silly fetch manifest @babel/plugin-transform-class-properties@^7.0.0-0
673 silly packumentCache full:https://registry.npmjs.org/@babel%2fplugin-transform-class-properties cache-miss
674 http cache https://registry.npmjs.org/@callstack%2freact-theme-provider 194ms (cache hit)
675 silly packumentCache full:https://registry.npmjs.org/@callstack%2freact-theme-provider set size:128619 disposed:false
676 silly fetch manifest @babel/plugin-transform-optional-chaining@^7.0.0-0
677 silly packumentCache full:https://registry.npmjs.org/@babel%2fplugin-transform-optional-chaining cache-miss
678 http cache https://registry.npmjs.org/convert-source-map 164ms (cache hit)
679 silly packumentCache full:https://registry.npmjs.org/convert-source-map set size:66997 disposed:false
680 silly fetch manifest @babel/plugin-transform-template-literals@^7.0.0-0
681 silly packumentCache full:https://registry.npmjs.org/@babel%2fplugin-transform-template-literals cache-miss
682 http cache https://registry.npmjs.org/@babel%2fpreset-typescript 124ms (cache hit)
683 silly packumentCache full:https://registry.npmjs.org/@babel%2fpreset-typescript set size:257348 disposed:false
684 silly fetch manifest @babel/plugin-transform-shorthand-properties@^7.0.0-0
685 silly packumentCache full:https://registry.npmjs.org/@babel%2fplugin-transform-shorthand-properties cache-miss
686 http cache https://registry.npmjs.org/@babel%2fplugin-transform-unicode-regex 72ms (cache hit)
687 silly packumentCache full:https://registry.npmjs.org/@babel%2fplugin-transform-unicode-regex set size:207625 disposed:false
688 silly fetch manifest @babel/plugin-transform-nullish-coalescing-operator@^7.0.0-0
689 silly packumentCache full:https://registry.npmjs.org/@babel%2fplugin-transform-nullish-coalescing-operator cache-miss
690 http cache https://registry.npmjs.org/@babel%2fplugin-transform-classes 129ms (cache hit)
691 silly packumentCache full:https://registry.npmjs.org/@babel%2fplugin-transform-classes set size:326173 disposed:false
692 silly fetch manifest debug@^4.1.0
693 silly packumentCache full:https://registry.npmjs.org/debug cache-hit
694 silly fetch manifest json5@^2.2.3
695 silly packumentCache full:https://registry.npmjs.org/json5 cache-miss
696 http cache https://registry.npmjs.org/@babel%2fplugin-transform-arrow-functions 76ms (cache hit)
697 silly packumentCache full:https://registry.npmjs.org/@babel%2fplugin-transform-arrow-functions set size:205700 disposed:false
698 silly fetch manifest semver@^6.3.1
699 silly packumentCache full:https://registry.npmjs.org/semver cache-hit
700 silly fetch manifest gensync@^1.0.0-beta.2
701 silly packumentCache full:https://registry.npmjs.org/gensync cache-miss
702 http cache https://registry.npmjs.org/@babel%2fplugin-transform-class-properties 78ms (cache hit)
703 silly packumentCache full:https://registry.npmjs.org/@babel%2fplugin-transform-class-properties set size:81346 disposed:false
704 silly fetch manifest @babel/types@^7.29.0
705 silly packumentCache full:https://registry.npmjs.org/@babel%2ftypes cache-miss
706 http cache https://registry.npmjs.org/@babel%2fplugin-transform-optional-chaining 78ms (cache hit)
707 silly packumentCache full:https://registry.npmjs.org/@babel%2fplugin-transform-optional-chaining set size:104559 disposed:false
708 silly fetch manifest @babel/parser@^7.29.0
709 silly packumentCache full:https://registry.npmjs.org/@babel%2fparser cache-miss
710 http cache https://registry.npmjs.org/@babel%2fplugin-transform-template-literals 79ms (cache hit)
711 silly packumentCache full:https://registry.npmjs.org/@babel%2fplugin-transform-template-literals set size:216465 disposed:false
712 silly fetch manifest @babel/helpers@^7.28.6
713 silly packumentCache full:https://registry.npmjs.org/@babel%2fhelpers cache-miss
714 http cache https://registry.npmjs.org/@babel%2fplugin-transform-shorthand-properties 80ms (cache hit)
715 silly packumentCache full:https://registry.npmjs.org/@babel%2fplugin-transform-shorthand-properties set size:193713 disposed:false
716 silly fetch manifest @babel/template@^7.28.6
717 silly packumentCache full:https://registry.npmjs.org/@babel%2ftemplate cache-miss
718 http cache https://registry.npmjs.org/@babel%2fplugin-transform-nullish-coalescing-operator 81ms (cache hit)
719 silly packumentCache full:https://registry.npmjs.org/@babel%2fplugin-transform-nullish-coalescing-operator set size:87324 disposed:false
720 silly fetch manifest @babel/traverse@^7.29.0
721 silly packumentCache full:https://registry.npmjs.org/@babel%2ftraverse cache-miss
722 http cache https://registry.npmjs.org/json5 74ms (cache hit)
723 silly packumentCache full:https://registry.npmjs.org/json5 set size:86136 disposed:false
724 silly fetch manifest @babel/generator@^7.29.0
725 silly packumentCache full:https://registry.npmjs.org/@babel%2fgenerator cache-miss
726 http cache https://registry.npmjs.org/gensync 74ms (cache hit)
727 silly packumentCache full:https://registry.npmjs.org/gensync set size:15068 disposed:false
728 silly fetch manifest @babel/code-frame@^7.29.0
729 silly packumentCache full:https://registry.npmjs.org/@babel%2fcode-frame cache-miss
730 http cache https://registry.npmjs.org/@babel%2ftypes 74ms (cache hit)
731 silly packumentCache full:https://registry.npmjs.org/@babel%2ftypes set size:487885 disposed:false
732 silly fetch manifest @jridgewell/remapping@^2.3.5
733 silly packumentCache full:https://registry.npmjs.org/@jridgewell%2fremapping cache-miss
734 http cache https://registry.npmjs.org/@babel%2fparser 78ms (cache hit)
735 silly packumentCache full:https://registry.npmjs.org/@babel%2fparser set size:718758 disposed:false
736 silly fetch manifest @babel/helper-module-transforms@^7.28.6
737 silly packumentCache full:https://registry.npmjs.org/@babel%2fhelper-module-transforms cache-miss
738 http cache https://registry.npmjs.org/@babel%2ftemplate 79ms (cache hit)
739 silly packumentCache full:https://registry.npmjs.org/@babel%2ftemplate set size:227169 disposed:false
740 silly fetch manifest @babel/helper-compilation-targets@^7.28.6
741 silly packumentCache full:https://registry.npmjs.org/@babel%2fhelper-compilation-targets cache-miss
742 http cache https://registry.npmjs.org/@babel%2fhelpers 96ms (cache hit)
743 silly packumentCache full:https://registry.npmjs.org/@babel%2fhelpers set size:388224 disposed:false
744 silly fetch manifest @babel/runtime@^7.18.6
745 silly packumentCache full:https://registry.npmjs.org/@babel%2fruntime cache-miss
746 http cache https://registry.npmjs.org/@babel%2ftraverse 105ms (cache hit)
747 silly packumentCache full:https://registry.npmjs.org/@babel%2ftraverse set size:548722 disposed:false
748 silly fetch manifest @react-native/normalize-colors@^0.74.1
749 silly packumentCache full:https://registry.npmjs.org/@react-native%2fnormalize-colors cache-miss
750 http cache https://registry.npmjs.org/@babel%2fgenerator 113ms (cache hit)
751 silly packumentCache full:https://registry.npmjs.org/@babel%2fgenerator set size:507107 disposed:false
752 silly fetch manifest fbjs@^3.0.4
753 silly packumentCache full:https://registry.npmjs.org/fbjs cache-miss
754 http cache https://registry.npmjs.org/@babel%2fcode-frame 111ms (cache hit)
755 silly packumentCache full:https://registry.npmjs.org/@babel%2fcode-frame set size:196196 disposed:false
756 silly fetch manifest inline-style-prefixer@^7.0.1
757 silly packumentCache full:https://registry.npmjs.org/inline-style-prefixer cache-miss
758 http cache https://registry.npmjs.org/@jridgewell%2fremapping 103ms (cache hit)
759 silly packumentCache full:https://registry.npmjs.org/@jridgewell%2fremapping set size:23809 disposed:false
760 silly fetch manifest memoize-one@^6.0.0
761 silly packumentCache full:https://registry.npmjs.org/memoize-one cache-hit
762 silly fetch manifest postcss-value-parser@^4.2.0
763 silly packumentCache full:https://registry.npmjs.org/postcss-value-parser cache-miss
764 http cache https://registry.npmjs.org/@babel%2fhelper-compilation-targets 84ms (cache hit)
765 silly packumentCache full:https://registry.npmjs.org/@babel%2fhelper-compilation-targets set size:218757 disposed:false
766 silly fetch manifest styleq@^0.1.3
767 silly packumentCache full:https://registry.npmjs.org/styleq cache-miss
768 http cache https://registry.npmjs.org/@babel%2fruntime 90ms (cache hit)
769 silly packumentCache full:https://registry.npmjs.org/@babel%2fruntime set size:3372292 disposed:false
770 http cache https://registry.npmjs.org/@babel%2fhelper-module-transforms 161ms (cache hit)
771 silly packumentCache full:https://registry.npmjs.org/@babel%2fhelper-module-transforms set size:333553 disposed:false
772 http cache https://registry.npmjs.org/@react-native%2fnormalize-colors 136ms (cache hit)
773 silly packumentCache full:https://registry.npmjs.org/@react-native%2fnormalize-colors set size:1837953 disposed:false
774 http cache https://registry.npmjs.org/inline-style-prefixer 154ms (cache hit)
775 silly packumentCache full:https://registry.npmjs.org/inline-style-prefixer set size:232334 disposed:false
776 http cache https://registry.npmjs.org/fbjs 174ms (cache hit)
777 silly packumentCache full:https://registry.npmjs.org/fbjs set size:175593 disposed:false
778 http cache https://registry.npmjs.org/styleq 155ms (cache hit)
779 silly packumentCache full:https://registry.npmjs.org/styleq set size:67761 disposed:false
780 http cache https://registry.npmjs.org/postcss-value-parser 165ms (cache hit)
781 silly packumentCache full:https://registry.npmjs.org/postcss-value-parser set size:73484 disposed:false
782 silly fetch manifest @babel/core@^7.0.0
783 silly packumentCache full:https://registry.npmjs.org/@babel%2fcore cache-hit
784 silly placeDep ROOT @babel/code-frame@7.29.0 OK for: @babel/core@7.29.0 want: ^7.29.0
785 silly placeDep ROOT @babel/generator@7.29.1 OK for: @babel/core@7.29.0 want: ^7.29.0
786 silly placeDep ROOT @babel/helper-compilation-targets@7.28.6 OK for: @babel/core@7.29.0 want: ^7.28.6
787 silly placeDep ROOT @babel/helper-module-transforms@7.28.6 OK for: @babel/core@7.29.0 want: ^7.28.6
788 silly placeDep ROOT @babel/helpers@7.29.2 OK for: @babel/core@7.29.0 want: ^7.28.6
789 silly placeDep ROOT @babel/parser@7.29.2 OK for: @babel/core@7.29.0 want: ^7.29.0
790 silly placeDep ROOT @babel/template@7.28.6 OK for: @babel/core@7.29.0 want: ^7.28.6
791 silly placeDep ROOT @babel/traverse@7.29.0 OK for: @babel/core@7.29.0 want: ^7.29.0
792 silly placeDep ROOT @babel/types@7.29.0 OK for: @babel/core@7.29.0 want: ^7.29.0
793 silly placeDep ROOT @jridgewell/remapping@2.3.5 OK for: @babel/core@7.29.0 want: ^2.3.5
794 silly placeDep ROOT convert-source-map@2.0.0 OK for: @babel/core@7.29.0 want: ^2.0.0
795 silly placeDep ROOT debug@4.4.3 OK for: @babel/core@7.29.0 want: ^4.1.0
796 silly placeDep ROOT gensync@1.0.0-beta.2 OK for: @babel/core@7.29.0 want: ^1.0.0-beta.2
797 silly placeDep ROOT json5@2.2.3 OK for: @babel/core@7.29.0 want: ^2.2.3
798 silly placeDep ROOT semver@6.3.1 OK for: @babel/core@7.29.0 want: ^6.3.1
799 silly fetch manifest js-tokens@^4.0.0
800 silly packumentCache full:https://registry.npmjs.org/js-tokens cache-miss
801 silly fetch manifest picocolors@^1.1.1
802 silly packumentCache full:https://registry.npmjs.org/picocolors cache-miss
803 silly fetch manifest @babel/helper-validator-identifier@^7.28.5
804 silly packumentCache full:https://registry.npmjs.org/@babel%2fhelper-validator-identifier cache-miss
805 silly fetch manifest jsesc@^3.0.2
806 silly packumentCache full:https://registry.npmjs.org/jsesc cache-miss
807 silly fetch manifest @jridgewell/gen-mapping@^0.3.12
808 silly packumentCache full:https://registry.npmjs.org/@jridgewell%2fgen-mapping cache-miss
809 silly fetch manifest @jridgewell/trace-mapping@^0.3.28
810 silly packumentCache full:https://registry.npmjs.org/@jridgewell%2ftrace-mapping cache-miss
811 silly fetch manifest lru-cache@^5.1.1
812 silly packumentCache full:https://registry.npmjs.org/lru-cache cache-miss
813 http cache https://registry.npmjs.org/js-tokens 38ms (cache hit)
814 silly packumentCache full:https://registry.npmjs.org/js-tokens set size:41947 disposed:false
815 silly fetch manifest browserslist@^4.24.0
816 silly packumentCache full:https://registry.npmjs.org/browserslist cache-miss
817 http cache https://registry.npmjs.org/@babel%2fhelper-validator-identifier 42ms (cache hit)
818 silly packumentCache full:https://registry.npmjs.org/@babel%2fhelper-validator-identifier set size:116299 disposed:false
819 silly fetch manifest @babel/compat-data@^7.28.6
820 silly packumentCache full:https://registry.npmjs.org/@babel%2fcompat-data cache-miss
821 http cache https://registry.npmjs.org/jsesc 45ms (cache hit)
822 silly packumentCache full:https://registry.npmjs.org/jsesc set size:61512 disposed:false
823 silly fetch manifest @babel/helper-validator-option@^7.27.1
824 silly packumentCache full:https://registry.npmjs.org/@babel%2fhelper-validator-option cache-miss
825 http cache https://registry.npmjs.org/picocolors 51ms (cache hit)
826 silly packumentCache full:https://registry.npmjs.org/picocolors set size:16648 disposed:false
827 silly fetch manifest @babel/traverse@^7.28.6
828 silly packumentCache full:https://registry.npmjs.org/@babel%2ftraverse cache-hit
829 silly fetch manifest @babel/helper-module-imports@^7.28.6
830 silly packumentCache full:https://registry.npmjs.org/@babel%2fhelper-module-imports cache-miss
831 http cache https://registry.npmjs.org/lru-cache 50ms (cache hit)
832 silly packumentCache full:https://registry.npmjs.org/lru-cache set size:439357 disposed:false
833 silly fetch manifest @babel/types@^7.28.6
834 silly packumentCache full:https://registry.npmjs.org/@babel%2ftypes cache-hit
835 silly fetch manifest debug@^4.3.1
836 silly packumentCache full:https://registry.npmjs.org/debug cache-hit
837 silly fetch manifest @babel/helper-globals@^7.28.0
838 silly packumentCache full:https://registry.npmjs.org/@babel%2fhelper-globals cache-miss
839 http cache https://registry.npmjs.org/@jridgewell%2fgen-mapping 68ms (cache hit)
840 silly packumentCache full:https://registry.npmjs.org/@jridgewell%2fgen-mapping set size:80719 disposed:false
841 silly fetch manifest @babel/helper-string-parser@^7.27.1
842 silly packumentCache full:https://registry.npmjs.org/@babel%2fhelper-string-parser cache-miss
843 http cache https://registry.npmjs.org/@jridgewell%2ftrace-mapping 72ms (cache hit)
844 silly packumentCache full:https://registry.npmjs.org/@jridgewell%2ftrace-mapping set size:170909 disposed:false
845 silly fetch manifest @jridgewell/gen-mapping@^0.3.5
846 silly packumentCache full:https://registry.npmjs.org/@jridgewell%2fgen-mapping cache-hit
847 silly fetch manifest @jridgewell/trace-mapping@^0.3.24
848 silly packumentCache full:https://registry.npmjs.org/@jridgewell%2ftrace-mapping cache-hit
849 silly fetch manifest ms@^2.1.3
850 silly packumentCache full:https://registry.npmjs.org/ms cache-miss
851 http cache https://registry.npmjs.org/@babel%2fcompat-data 64ms (cache hit)
852 silly packumentCache full:https://registry.npmjs.org/@babel%2fcompat-data set size:305632 disposed:false
853 http cache https://registry.npmjs.org/browserslist 78ms (cache hit)
854 silly packumentCache full:https://registry.npmjs.org/browserslist set size:504681 disposed:false
855 http cache https://registry.npmjs.org/@babel%2fhelper-module-imports 74ms (cache hit)
856 silly packumentCache full:https://registry.npmjs.org/@babel%2fhelper-module-imports set size:193449 disposed:false
857 http cache https://registry.npmjs.org/@babel%2fhelper-globals 65ms (cache hit)
858 silly packumentCache full:https://registry.npmjs.org/@babel%2fhelper-globals set size:15475 disposed:false
859 http cache https://registry.npmjs.org/@babel%2fhelper-validator-option 86ms (cache hit)
860 silly packumentCache full:https://registry.npmjs.org/@babel%2fhelper-validator-option set size:92248 disposed:false
861 http cache https://registry.npmjs.org/@babel%2fhelper-string-parser 64ms (cache hit)
862 silly packumentCache full:https://registry.npmjs.org/@babel%2fhelper-string-parser set size:82028 disposed:false
863 http cache https://registry.npmjs.org/ms 60ms (cache hit)
864 silly packumentCache full:https://registry.npmjs.org/ms set size:92208 disposed:false
865 silly placeDep ROOT @babel/helper-validator-identifier@7.28.5 OK for: @babel/code-frame@7.29.0 want: ^7.28.5
866 silly placeDep ROOT js-tokens@4.0.0 OK for: @babel/code-frame@7.29.0 want: ^4.0.0
867 silly placeDep ROOT picocolors@1.1.1 OK for: @babel/code-frame@7.29.0 want: ^1.1.1
868 silly placeDep ROOT @jridgewell/gen-mapping@0.3.13 OK for: @babel/generator@7.29.1 want: ^0.3.12
869 silly placeDep ROOT @jridgewell/trace-mapping@0.3.31 OK for: @babel/generator@7.29.1 want: ^0.3.28
870 silly placeDep ROOT jsesc@3.1.0 OK for: @babel/generator@7.29.1 want: ^3.0.2
871 silly fetch manifest @jridgewell/sourcemap-codec@^1.5.0
872 silly packumentCache full:https://registry.npmjs.org/@jridgewell%2fsourcemap-codec cache-miss
873 silly fetch manifest @jridgewell/resolve-uri@^3.1.0
874 silly packumentCache full:https://registry.npmjs.org/@jridgewell%2fresolve-uri cache-miss
875 silly fetch manifest @jridgewell/sourcemap-codec@^1.4.14
876 silly packumentCache full:https://registry.npmjs.org/@jridgewell%2fsourcemap-codec cache-miss
877 http cache https://registry.npmjs.org/@jridgewell%2fresolve-uri 32ms (cache hit)
878 silly packumentCache full:https://registry.npmjs.org/@jridgewell%2fresolve-uri set size:57361 disposed:false
879 http cache https://registry.npmjs.org/@jridgewell%2fsourcemap-codec 36ms (cache hit)
880 silly packumentCache full:https://registry.npmjs.org/@jridgewell%2fsourcemap-codec set size:59275 disposed:false
881 http cache https://registry.npmjs.org/@jridgewell%2fsourcemap-codec 38ms (cache hit)
882 silly packumentCache full:https://registry.npmjs.org/@jridgewell%2fsourcemap-codec set size:59275 disposed:false
883 silly packumentCache full:https://registry.npmjs.org/@jridgewell%2fsourcemap-codec dispose
884 silly placeDep ROOT @babel/compat-data@7.29.0 OK for: @babel/helper-compilation-targets@7.28.6 want: ^7.28.6
885 silly placeDep ROOT @babel/helper-validator-option@7.27.1 OK for: @babel/helper-compilation-targets@7.28.6 want: ^7.27.1
886 silly placeDep ROOT browserslist@4.28.2 OK for: @babel/helper-compilation-targets@7.28.6 want: ^4.24.0
887 silly placeDep ROOT lru-cache@5.1.1 OK for: @babel/helper-compilation-targets@7.28.6 want: ^5.1.1
888 silly fetch manifest baseline-browser-mapping@^2.10.12
889 silly packumentCache full:https://registry.npmjs.org/baseline-browser-mapping cache-miss
890 silly fetch manifest caniuse-lite@^1.0.30001782
891 silly packumentCache full:https://registry.npmjs.org/caniuse-lite cache-miss
892 silly fetch manifest electron-to-chromium@^1.5.328
893 silly packumentCache full:https://registry.npmjs.org/electron-to-chromium cache-miss
894 silly fetch manifest node-releases@^2.0.36
895 silly packumentCache full:https://registry.npmjs.org/node-releases cache-miss
896 silly fetch manifest update-browserslist-db@^1.2.3
897 silly packumentCache full:https://registry.npmjs.org/update-browserslist-db cache-miss
898 silly fetch manifest yallist@^3.0.2
899 silly packumentCache full:https://registry.npmjs.org/yallist cache-miss
900 http cache https://registry.npmjs.org/node-releases 37ms (cache hit)
901 silly packumentCache full:https://registry.npmjs.org/node-releases set size:273586 disposed:false
902 http cache https://registry.npmjs.org/baseline-browser-mapping 47ms (cache hit)
903 silly packumentCache full:https://registry.npmjs.org/baseline-browser-mapping set size:459738 disposed:false
904 http cache https://registry.npmjs.org/caniuse-lite 62ms (cache hit)
905 silly packumentCache full:https://registry.npmjs.org/caniuse-lite set size:2289092 disposed:false
906 http cache https://registry.npmjs.org/electron-to-chromium 108ms (cache hit)
907 silly packumentCache full:https://registry.npmjs.org/electron-to-chromium set size:4769900 disposed:false
908 http cache https://registry.npmjs.org/update-browserslist-db 179ms (cache hit)
909 silly packumentCache full:https://registry.npmjs.org/update-browserslist-db set size:62000 disposed:false
910 http cache https://registry.npmjs.org/yallist 180ms (cache hit)
911 silly packumentCache full:https://registry.npmjs.org/yallist set size:34610 disposed:false
912 silly placeDep ROOT @babel/helper-module-imports@7.28.6 OK for: @babel/helper-module-transforms@7.28.6 want: ^7.28.6
913 silly placeDep ROOT @babel/helper-globals@7.28.0 OK for: @babel/traverse@7.29.0 want: ^7.28.0
914 silly placeDep ROOT @babel/helper-string-parser@7.27.1 OK for: @babel/types@7.29.0 want: ^7.27.1
915 silly placeDep ROOT @jridgewell/sourcemap-codec@1.5.5 OK for: @jridgewell/gen-mapping@0.3.13 want: ^1.5.0
916 silly placeDep ROOT @jridgewell/resolve-uri@3.1.2 OK for: @jridgewell/trace-mapping@0.3.31 want: ^3.1.0
917 silly placeDep ROOT color@4.2.3 OK for: @react-navigation/bottom-tabs@7.15.10 want: ^4.2.3
918 silly placeDep ROOT sf-symbols-typescript@2.2.0 OK for: @react-navigation/bottom-tabs@7.15.10 want: ^2.1.0
919 silly fetch manifest color-string@^1.9.0
920 silly packumentCache full:https://registry.npmjs.org/color-string cache-miss
921 silly fetch manifest color-convert@^2.0.1
922 silly packumentCache full:https://registry.npmjs.org/color-convert cache-miss
923 http cache https://registry.npmjs.org/color-string 20ms (cache hit)
924 silly packumentCache full:https://registry.npmjs.org/color-string set size:84418 disposed:false
925 http cache https://registry.npmjs.org/color-convert 26ms (cache hit)
926 silly packumentCache full:https://registry.npmjs.org/color-convert set size:72663 disposed:false
927 silly fetch manifest react@>= 18.2.0
928 silly packumentCache full:https://registry.npmjs.org/react cache-miss
929 http cache https://registry.npmjs.org/react 35ms (cache hit)
930 silly packumentCache full:https://registry.npmjs.org/react set size:6625721 disposed:false
931 silly placeDep ROOT use-latest-callback@0.2.6 OK for: @react-navigation/elements@2.9.15 want: ^0.2.4
932 silly placeDep ROOT use-sync-external-store@1.6.0 OK for: @react-navigation/elements@2.9.15 want: ^1.5.0
933 silly placeDep ROOT @react-navigation/core@7.17.2 OK for: @react-navigation/native@7.2.2 want: ^7.17.2
934 silly placeDep ROOT escape-string-regexp@4.0.0 OK for: @react-navigation/native@7.2.2 want: ^4.0.0
935 silly placeDep ROOT fast-deep-equal@3.1.3 OK for: @react-navigation/native@7.2.2 want: ^3.1.3
936 silly placeDep ROOT nanoid@3.3.11 OK for: @react-navigation/native@7.2.2 want: ^3.3.11
937 silly fetch manifest react-is@^19.1.0
938 silly packumentCache full:https://registry.npmjs.org/react-is cache-miss
939 silly fetch manifest query-string@^7.1.3
940 silly packumentCache full:https://registry.npmjs.org/query-string cache-miss
941 silly fetch manifest @react-navigation/routers@^7.5.3
942 silly packumentCache full:https://registry.npmjs.org/@react-navigation%2frouters cache-miss
943 http cache https://registry.npmjs.org/query-string 19ms (cache hit)
944 silly packumentCache full:https://registry.npmjs.org/query-string set size:217776 disposed:false
945 http cache https://registry.npmjs.org/@react-navigation%2frouters 35ms (cache hit)
946 silly packumentCache full:https://registry.npmjs.org/@react-navigation%2frouters set size:355662 disposed:false
947 http cache https://registry.npmjs.org/react-is 77ms (cache hit)
948 silly packumentCache full:https://registry.npmjs.org/react-is set size:5361572 disposed:false
949 silly placeDep ROOT @react-navigation/routers@7.5.3 OK for: @react-navigation/core@7.17.2 want: ^7.5.3
950 silly placeDep ROOT query-string@7.1.3 OK for: @react-navigation/core@7.17.2 want: ^7.1.3
951 silly placeDep ROOT react-is@19.2.5 OK for: @react-navigation/core@7.17.2 want: ^19.1.0
952 silly fetch manifest filter-obj@^1.1.0
953 silly packumentCache full:https://registry.npmjs.org/filter-obj cache-miss
954 silly fetch manifest split-on-first@^1.0.0
955 silly packumentCache full:https://registry.npmjs.org/split-on-first cache-miss
956 silly fetch manifest strict-uri-encode@^2.0.0
957 silly packumentCache full:https://registry.npmjs.org/strict-uri-encode cache-miss
958 silly fetch manifest decode-uri-component@^0.2.2
959 silly packumentCache full:https://registry.npmjs.org/decode-uri-component cache-miss
960 http cache https://registry.npmjs.org/filter-obj 104ms (cache hit)
961 silly packumentCache full:https://registry.npmjs.org/filter-obj set size:26902 disposed:false
962 http cache https://registry.npmjs.org/split-on-first 105ms (cache hit)
963 silly packumentCache full:https://registry.npmjs.org/split-on-first set size:16494 disposed:false
964 http cache https://registry.npmjs.org/strict-uri-encode 107ms (cache hit)
965 silly packumentCache full:https://registry.npmjs.org/strict-uri-encode set size:8716 disposed:false
966 http cache https://registry.npmjs.org/decode-uri-component 107ms (cache hit)
967 silly packumentCache full:https://registry.npmjs.org/decode-uri-component set size:20325 disposed:false
968 silly placeDep ROOT warn-once@0.1.1 OK for: @react-navigation/native-stack@7.14.12 want: ^0.1.1
969 silly placeDep ROOT csstype@3.2.3 OK for: @types/react@19.1.17 want: ^3.0.2
970 silly placeDep ROOT follow-redirects@1.16.0 OK for: axios@1.15.2 want: ^1.15.11
971 silly placeDep ROOT form-data@4.0.5 OK for: axios@1.15.2 want: ^4.0.5
972 silly placeDep ROOT proxy-from-env@2.1.0 OK for: axios@1.15.2 want: ^2.1.0
973 silly fetch manifest asynckit@^0.4.0
974 silly packumentCache full:https://registry.npmjs.org/asynckit cache-miss
975 silly fetch manifest combined-stream@^1.0.8
976 silly packumentCache full:https://registry.npmjs.org/combined-stream cache-miss
977 silly fetch manifest es-set-tostringtag@^2.1.0
978 silly packumentCache full:https://registry.npmjs.org/es-set-tostringtag cache-miss
979 silly fetch manifest hasown@^2.0.2
980 silly packumentCache full:https://registry.npmjs.org/hasown cache-miss
981 silly fetch manifest mime-types@^2.1.12
982 silly packumentCache full:https://registry.npmjs.org/mime-types cache-miss
983 http cache https://registry.npmjs.org/hasown 29ms (cache hit)
984 silly packumentCache full:https://registry.npmjs.org/hasown set size:15429 disposed:false
985 http cache https://registry.npmjs.org/combined-stream 34ms (cache hit)
986 silly packumentCache full:https://registry.npmjs.org/combined-stream set size:40337 disposed:false
987 http cache https://registry.npmjs.org/es-set-tostringtag 36ms (cache hit)
988 silly packumentCache full:https://registry.npmjs.org/es-set-tostringtag set size:22094 disposed:false
989 http cache https://registry.npmjs.org/asynckit 41ms (cache hit)
990 silly packumentCache full:https://registry.npmjs.org/asynckit set size:18932 disposed:false
991 http cache https://registry.npmjs.org/mime-types 40ms (cache hit)
992 silly packumentCache full:https://registry.npmjs.org/mime-types set size:139110 disposed:false
993 silly fetch manifest browserslist@>= 4.21.0
994 silly packumentCache full:https://registry.npmjs.org/browserslist cache-hit
995 silly placeDep ROOT baseline-browser-mapping@2.10.23 OK for: browserslist@4.28.2 want: ^2.10.12
996 silly placeDep ROOT caniuse-lite@1.0.30001791 OK for: browserslist@4.28.2 want: ^1.0.30001782
997 silly placeDep ROOT electron-to-chromium@1.5.344 OK for: browserslist@4.28.2 want: ^1.5.328
998 silly placeDep ROOT node-releases@2.0.38 OK for: browserslist@4.28.2 want: ^2.0.36
999 silly placeDep ROOT update-browserslist-db@1.2.3 OK for: browserslist@4.28.2 want: ^1.2.3
1000 silly fetch manifest escalade@^3.2.0
1001 silly packumentCache full:https://registry.npmjs.org/escalade cache-miss
1002 http cache https://registry.npmjs.org/escalade 13ms (cache hit)
1003 silly packumentCache full:https://registry.npmjs.org/escalade set size:33724 disposed:false
1004 silly placeDep ROOT color-convert@2.0.1 OK for: color@4.2.3 want: ^2.0.1
1005 silly placeDep ROOT color-string@1.9.1 OK for: color@4.2.3 want: ^1.9.0
1006 silly fetch manifest color-name@~1.1.4
1007 silly packumentCache full:https://registry.npmjs.org/color-name cache-miss
1008 silly fetch manifest color-name@^1.0.0
1009 silly packumentCache full:https://registry.npmjs.org/color-name cache-miss
1010 silly fetch manifest simple-swizzle@^0.2.2
1011 silly packumentCache full:https://registry.npmjs.org/simple-swizzle cache-miss
1012 http cache https://registry.npmjs.org/simple-swizzle 16ms (cache hit)
1013 silly packumentCache full:https://registry.npmjs.org/simple-swizzle set size:10651 disposed:false
1014 http cache https://registry.npmjs.org/color-name 19ms (cache hit)
1015 silly packumentCache full:https://registry.npmjs.org/color-name set size:19467 disposed:false
1016 http cache https://registry.npmjs.org/color-name 23ms (cache hit)
1017 silly packumentCache full:https://registry.npmjs.org/color-name set size:19467 disposed:false
1018 silly packumentCache full:https://registry.npmjs.org/color-name dispose
1019 silly placeDep ROOT color-name@1.1.4 OK for: color-convert@2.0.1 want: ~1.1.4
1020 silly placeDep ROOT simple-swizzle@0.2.4 OK for: color-string@1.9.1 want: ^0.2.2
1021 silly fetch manifest is-arrayish@^0.3.1
1022 silly packumentCache full:https://registry.npmjs.org/is-arrayish cache-miss
1023 http cache https://registry.npmjs.org/is-arrayish 11ms (cache hit)
1024 silly packumentCache full:https://registry.npmjs.org/is-arrayish set size:15371 disposed:false
1025 silly placeDep ROOT ms@2.1.3 OK for: debug@4.4.3 want: ^2.1.3
1026 silly fetch manifest eslint@^6.0.0 || ^7.0.0 || >=8.0.0
1027 silly packumentCache full:https://registry.npmjs.org/eslint cache-miss
1028 http cache https://registry.npmjs.org/eslint 20ms (cache hit)
1029 silly packumentCache full:https://registry.npmjs.org/eslint set size:1983515 disposed:false
1030 silly placeDep ROOT @eslint-community/eslint-utils@4.9.1 OK for: eslint@9.39.4 want: ^4.8.0
1031 silly placeDep ROOT @eslint-community/regexpp@4.12.2 OK for: eslint@9.39.4 want: ^4.12.1
1032 silly placeDep ROOT @eslint/config-array@0.21.2 OK for: eslint@9.39.4 want: ^0.21.2
1033 silly placeDep ROOT @eslint/config-helpers@0.4.2 OK for: eslint@9.39.4 want: ^0.4.2
1034 silly placeDep ROOT @eslint/core@0.17.0 OK for: eslint@9.39.4 want: ^0.17.0
1035 silly placeDep ROOT @eslint/eslintrc@3.3.5 OK for: eslint@9.39.4 want: ^3.3.5
1036 silly placeDep ROOT @eslint/js@9.39.4 OK for: eslint@9.39.4 want: 9.39.4
1037 silly placeDep ROOT @eslint/plugin-kit@0.4.1 OK for: eslint@9.39.4 want: ^0.4.1
1038 silly placeDep ROOT @humanfs/node@0.16.8 OK for: eslint@9.39.4 want: ^0.16.6
1039 silly placeDep ROOT @humanwhocodes/module-importer@1.0.1 OK for: eslint@9.39.4 want: ^1.0.1
1040 silly placeDep ROOT @humanwhocodes/retry@0.4.3 OK for: eslint@9.39.4 want: ^0.4.2
1041 silly placeDep ROOT @types/estree@1.0.8 OK for: eslint@9.39.4 want: ^1.0.6
1042 silly placeDep ROOT ajv@6.15.0 OK for: eslint@9.39.4 want: ^6.14.0
1043 silly placeDep ROOT chalk@4.1.2 OK for: eslint@9.39.4 want: ^4.0.0
1044 silly placeDep ROOT cross-spawn@7.0.6 OK for: eslint@9.39.4 want: ^7.0.6
1045 silly placeDep ROOT eslint-scope@8.4.0 OK for: eslint@9.39.4 want: ^8.4.0
1046 silly placeDep ROOT eslint-visitor-keys@4.2.1 OK for: eslint@9.39.4 want: ^4.2.1
1047 silly placeDep ROOT espree@10.4.0 OK for: eslint@9.39.4 want: ^10.4.0
1048 silly placeDep ROOT esquery@1.7.0 OK for: eslint@9.39.4 want: ^1.5.0
1049 silly placeDep ROOT esutils@2.0.3 OK for: eslint@9.39.4 want: ^2.0.2
1050 silly placeDep ROOT file-entry-cache@8.0.0 OK for: eslint@9.39.4 want: ^8.0.0
1051 silly placeDep ROOT find-up@5.0.0 OK for: eslint@9.39.4 want: ^5.0.0
1052 silly placeDep ROOT glob-parent@6.0.2 OK for: eslint@9.39.4 want: ^6.0.2
1053 silly placeDep ROOT ignore@5.3.2 OK for: eslint@9.39.4 want: ^5.2.0
1054 silly placeDep ROOT imurmurhash@0.1.4 OK for: eslint@9.39.4 want: ^0.1.4
1055 silly placeDep ROOT is-glob@4.0.3 OK for: eslint@9.39.4 want: ^4.0.0
1056 silly placeDep ROOT json-stable-stringify-without-jsonify@1.0.1 OK for: eslint@9.39.4 want: ^1.0.1
1057 silly placeDep ROOT lodash.merge@4.6.2 OK for: eslint@9.39.4 want: ^4.6.2
1058 silly placeDep ROOT minimatch@3.1.5 OK for: eslint@9.39.4 want: ^3.1.5
1059 silly placeDep ROOT natural-compare@1.4.0 OK for: eslint@9.39.4 want: ^1.4.0
1060 silly placeDep ROOT optionator@0.9.4 OK for: eslint@9.39.4 want: ^0.9.3
1061 silly fetch manifest eslint-visitor-keys@^3.4.3
1062 silly packumentCache full:https://registry.npmjs.org/eslint-visitor-keys cache-hit
1063 silly fetch manifest @eslint/object-schema@^2.1.7
1064 silly packumentCache full:https://registry.npmjs.org/@eslint%2fobject-schema cache-miss
1065 silly fetch manifest @types/json-schema@^7.0.15
1066 silly packumentCache full:https://registry.npmjs.org/@types%2fjson-schema cache-miss
1067 silly fetch manifest espree@^10.0.1
1068 silly packumentCache full:https://registry.npmjs.org/espree cache-hit
1069 silly fetch manifest globals@^14.0.0
1070 silly packumentCache full:https://registry.npmjs.org/globals cache-hit
1071 silly fetch manifest import-fresh@^3.2.1
1072 silly packumentCache full:https://registry.npmjs.org/import-fresh cache-miss
1073 silly fetch manifest js-yaml@^4.1.1
1074 silly packumentCache full:https://registry.npmjs.org/js-yaml cache-miss
1075 silly fetch manifest strip-json-comments@^3.1.1
1076 silly packumentCache full:https://registry.npmjs.org/strip-json-comments cache-miss
1077 silly fetch manifest levn@^0.4.1
1078 silly packumentCache full:https://registry.npmjs.org/levn cache-miss
1079 silly fetch manifest @humanwhocodes/retry@^0.4.0
1080 silly packumentCache full:https://registry.npmjs.org/@humanwhocodes%2fretry cache-hit
1081 silly fetch manifest @humanfs/core@^0.19.2
1082 silly packumentCache full:https://registry.npmjs.org/@humanfs%2fcore cache-miss
1083 http cache https://registry.npmjs.org/import-fresh 39ms (cache hit)
1084 silly packumentCache full:https://registry.npmjs.org/import-fresh set size:24604 disposed:false
1085 silly fetch manifest @humanfs/types@^0.15.0
1086 silly packumentCache full:https://registry.npmjs.org/@humanfs%2ftypes cache-miss
1087 http cache https://registry.npmjs.org/js-yaml 41ms (cache hit)
1088 silly packumentCache full:https://registry.npmjs.org/js-yaml set size:152232 disposed:false
1089 silly fetch manifest uri-js@^4.2.2
1090 silly packumentCache full:https://registry.npmjs.org/uri-js cache-miss
1091 http cache https://registry.npmjs.org/@eslint%2fobject-schema 55ms (cache hit)
1092 silly packumentCache full:https://registry.npmjs.org/@eslint%2fobject-schema set size:38535 disposed:false
1093 silly fetch manifest json-schema-traverse@^0.4.1
1094 silly packumentCache full:https://registry.npmjs.org/json-schema-traverse cache-miss
1095 http cache https://registry.npmjs.org/strip-json-comments 49ms (cache hit)
1096 silly packumentCache full:https://registry.npmjs.org/strip-json-comments set size:43569 disposed:false
1097 silly fetch manifest fast-json-stable-stringify@^2.0.0
1098 silly packumentCache full:https://registry.npmjs.org/fast-json-stable-stringify cache-miss
1099 http cache https://registry.npmjs.org/@types%2fjson-schema 62ms (cache hit)
1100 silly packumentCache full:https://registry.npmjs.org/@types%2fjson-schema set size:44704 disposed:false
1101 silly fetch manifest ansi-styles@^4.1.0
1102 silly packumentCache full:https://registry.npmjs.org/ansi-styles cache-miss
1103 http cache https://registry.npmjs.org/levn 56ms (cache hit)
1104 silly packumentCache full:https://registry.npmjs.org/levn set size:28223 disposed:false
1105 silly fetch manifest supports-color@^7.1.0
1106 silly packumentCache full:https://registry.npmjs.org/supports-color cache-miss
1107 http cache https://registry.npmjs.org/@humanfs%2fcore 57ms (cache hit)
1108 silly packumentCache full:https://registry.npmjs.org/@humanfs%2fcore set size:37261 disposed:false
1109 silly fetch manifest which@^2.0.1
1110 silly packumentCache full:https://registry.npmjs.org/which cache-miss
1111 http cache https://registry.npmjs.org/@humanfs%2ftypes 47ms (cache hit)
1112 silly packumentCache full:https://registry.npmjs.org/@humanfs%2ftypes set size:19212 disposed:false
1113 silly fetch manifest path-key@^3.1.0
1114 silly packumentCache full:https://registry.npmjs.org/path-key cache-miss
1115 http cache https://registry.npmjs.org/json-schema-traverse 42ms (cache hit)
1116 silly packumentCache full:https://registry.npmjs.org/json-schema-traverse set size:23537 disposed:false
1117 silly fetch manifest shebang-command@^2.0.0
1118 silly packumentCache full:https://registry.npmjs.org/shebang-command cache-miss
1119 http cache https://registry.npmjs.org/uri-js 48ms (cache hit)
1120 silly packumentCache full:https://registry.npmjs.org/uri-js set size:42559 disposed:false
1121 silly fetch manifest esrecurse@^4.3.0
1122 silly packumentCache full:https://registry.npmjs.org/esrecurse cache-miss
1123 http cache https://registry.npmjs.org/fast-json-stable-stringify 45ms (cache hit)
1124 silly packumentCache full:https://registry.npmjs.org/fast-json-stable-stringify set size:11337 disposed:false
1125 silly fetch manifest estraverse@^5.2.0
1126 silly packumentCache full:https://registry.npmjs.org/estraverse cache-miss
1127 http cache https://registry.npmjs.org/supports-color 42ms (cache hit)
1128 silly packumentCache full:https://registry.npmjs.org/supports-color set size:118680 disposed:false
1129 silly fetch manifest acorn@^8.15.0
1130 silly packumentCache full:https://registry.npmjs.org/acorn cache-miss
1131 http cache https://registry.npmjs.org/ansi-styles 50ms (cache hit)
1132 silly packumentCache full:https://registry.npmjs.org/ansi-styles set size:63233 disposed:false
1133 silly fetch manifest acorn-jsx@^5.3.2
1134 silly packumentCache full:https://registry.npmjs.org/acorn-jsx cache-miss
1135 http cache https://registry.npmjs.org/which 48ms (cache hit)
1136 silly packumentCache full:https://registry.npmjs.org/which set size:67698 disposed:false
1137 silly fetch manifest estraverse@^5.1.0
1138 silly packumentCache full:https://registry.npmjs.org/estraverse cache-miss
1139 http cache https://registry.npmjs.org/shebang-command 46ms (cache hit)
1140 silly packumentCache full:https://registry.npmjs.org/shebang-command set size:8525 disposed:false
1141 silly fetch manifest flat-cache@^4.0.0
1142 silly packumentCache full:https://registry.npmjs.org/flat-cache cache-miss
1143 http cache https://registry.npmjs.org/path-key 56ms (cache hit)
1144 silly packumentCache full:https://registry.npmjs.org/path-key set size:16975 disposed:false
1145 silly fetch manifest locate-path@^6.0.0
1146 silly packumentCache full:https://registry.npmjs.org/locate-path cache-miss
1147 http cache https://registry.npmjs.org/estraverse 49ms (cache hit)
1148 silly packumentCache full:https://registry.npmjs.org/estraverse set size:62412 disposed:false
1149 silly fetch manifest path-exists@^4.0.0
1150 silly packumentCache full:https://registry.npmjs.org/path-exists cache-miss
1151 http cache https://registry.npmjs.org/estraverse 37ms (cache hit)
1152 silly packumentCache full:https://registry.npmjs.org/estraverse set size:62412 disposed:false
1153 silly packumentCache full:https://registry.npmjs.org/estraverse dispose
1154 silly fetch manifest is-glob@^4.0.3
1155 silly packumentCache full:https://registry.npmjs.org/is-glob cache-hit
1156 silly fetch manifest is-extglob@^2.1.1
1157 silly packumentCache full:https://registry.npmjs.org/is-extglob cache-miss
1158 http cache https://registry.npmjs.org/esrecurse 59ms (cache hit)
1159 silly packumentCache full:https://registry.npmjs.org/esrecurse set size:29005 disposed:false
1160 silly fetch manifest brace-expansion@^1.1.7
1161 silly packumentCache full:https://registry.npmjs.org/brace-expansion cache-miss
1162 http cache https://registry.npmjs.org/acorn 55ms (cache hit)
1163 silly packumentCache full:https://registry.npmjs.org/acorn set size:379626 disposed:false
1164 silly fetch manifest prelude-ls@^1.2.1
1165 silly packumentCache full:https://registry.npmjs.org/prelude-ls cache-miss
1166 http cache https://registry.npmjs.org/acorn-jsx 60ms (cache hit)
1167 silly packumentCache full:https://registry.npmjs.org/acorn-jsx set size:71068 disposed:false
1168 silly fetch manifest deep-is@^0.1.3
1169 silly packumentCache full:https://registry.npmjs.org/deep-is cache-miss
1170 http cache https://registry.npmjs.org/is-extglob 45ms (cache hit)
1171 silly packumentCache full:https://registry.npmjs.org/is-extglob set size:11766 disposed:false
1172 silly fetch manifest word-wrap@^1.2.5
1173 silly packumentCache full:https://registry.npmjs.org/word-wrap cache-miss
1174 http cache https://registry.npmjs.org/flat-cache 62ms (cache hit)
1175 silly packumentCache full:https://registry.npmjs.org/flat-cache set size:169582 disposed:false
1176 silly fetch manifest type-check@^0.4.0
1177 silly packumentCache full:https://registry.npmjs.org/type-check cache-miss
1178 http cache https://registry.npmjs.org/locate-path 62ms (cache hit)
1179 silly packumentCache full:https://registry.npmjs.org/locate-path set size:31329 disposed:false
1180 silly fetch manifest fast-levenshtein@^2.0.6
1181 silly packumentCache full:https://registry.npmjs.org/fast-levenshtein cache-miss
1182 http cache https://registry.npmjs.org/path-exists 61ms (cache hit)
1183 silly packumentCache full:https://registry.npmjs.org/path-exists set size:13704 disposed:false
1184 http cache https://registry.npmjs.org/brace-expansion 57ms (cache hit)
1185 silly packumentCache full:https://registry.npmjs.org/brace-expansion set size:65768 disposed:false
1186 http cache https://registry.npmjs.org/deep-is 46ms (cache hit)
1187 silly packumentCache full:https://registry.npmjs.org/deep-is set size:10205 disposed:false
1188 http cache https://registry.npmjs.org/prelude-ls 54ms (cache hit)
1189 silly packumentCache full:https://registry.npmjs.org/prelude-ls set size:25777 disposed:false
1190 http cache https://registry.npmjs.org/type-check 29ms (cache hit)
1191 silly packumentCache full:https://registry.npmjs.org/type-check set size:21221 disposed:false
1192 http cache https://registry.npmjs.org/word-wrap 36ms (cache hit)
1193 silly packumentCache full:https://registry.npmjs.org/word-wrap set size:37835 disposed:false
1194 http cache https://registry.npmjs.org/fast-levenshtein 27ms (cache hit)
1195 silly packumentCache full:https://registry.npmjs.org/fast-levenshtein set size:39317 disposed:false
1196 silly placeDep node_modules/@eslint-community/eslint-utils eslint-visitor-keys@3.4.3 OK for: @eslint-community/eslint-utils@4.9.1 want: ^3.4.3
1197 silly placeDep ROOT @eslint/object-schema@2.1.7 OK for: @eslint/config-array@0.21.2 want: ^2.1.7
1198 silly placeDep ROOT @types/json-schema@7.0.15 OK for: @eslint/core@0.17.0 want: ^7.0.15
1199 silly placeDep ROOT globals@14.0.0 OK for: @eslint/eslintrc@3.3.5 want: ^14.0.0
1200 silly placeDep ROOT import-fresh@3.3.1 OK for: @eslint/eslintrc@3.3.5 want: ^3.2.1
1201 silly placeDep ROOT js-yaml@4.1.1 OK for: @eslint/eslintrc@3.3.5 want: ^4.1.1
1202 silly placeDep ROOT strip-json-comments@3.1.1 OK for: @eslint/eslintrc@3.3.5 want: ^3.1.1
1203 silly fetch manifest resolve-from@^4.0.0
1204 silly packumentCache full:https://registry.npmjs.org/resolve-from cache-miss
1205 silly fetch manifest parent-module@^1.0.0
1206 silly packumentCache full:https://registry.npmjs.org/parent-module cache-miss
1207 silly fetch manifest argparse@^2.0.1
1208 silly packumentCache full:https://registry.npmjs.org/argparse cache-miss
1209 http cache https://registry.npmjs.org/resolve-from 20ms (cache hit)
1210 silly packumentCache full:https://registry.npmjs.org/resolve-from set size:12911 disposed:false
1211 http cache https://registry.npmjs.org/argparse 23ms (cache hit)
1212 silly packumentCache full:https://registry.npmjs.org/argparse set size:49266 disposed:false
1213 http cache https://registry.npmjs.org/parent-module 30ms (cache hit)
1214 silly packumentCache full:https://registry.npmjs.org/parent-module set size:18255 disposed:false
1215 silly placeDep ROOT levn@0.4.1 OK for: @eslint/plugin-kit@0.4.1 want: ^0.4.1
1216 silly fetch manifest type-check@~0.4.0
1217 silly packumentCache full:https://registry.npmjs.org/type-check cache-hit
1218 silly placeDep ROOT @humanfs/core@0.19.2 OK for: @humanfs/node@0.16.8 want: ^0.19.2
1219 silly placeDep ROOT @humanfs/types@0.15.0 OK for: @humanfs/node@0.16.8 want: ^0.15.0
1220 silly placeDep ROOT fast-json-stable-stringify@2.1.0 OK for: ajv@6.15.0 want: ^2.0.0
1221 silly placeDep ROOT json-schema-traverse@0.4.1 OK for: ajv@6.15.0 want: ^0.4.1
1222 silly placeDep ROOT uri-js@4.4.1 OK for: ajv@6.15.0 want: ^4.2.2
1223 silly fetch manifest punycode@^2.1.0
1224 silly packumentCache full:https://registry.npmjs.org/punycode cache-miss
1225 http cache https://registry.npmjs.org/punycode 16ms (cache hit)
1226 silly packumentCache full:https://registry.npmjs.org/punycode set size:61278 disposed:false
1227 silly placeDep ROOT ansi-styles@4.3.0 OK for: chalk@4.1.2 want: ^4.1.0
1228 silly placeDep ROOT supports-color@7.2.0 OK for: chalk@4.1.2 want: ^7.1.0
1229 silly fetch manifest has-flag@^4.0.0
1230 silly packumentCache full:https://registry.npmjs.org/has-flag cache-miss
1231 http cache https://registry.npmjs.org/has-flag 16ms (cache hit)
1232 silly packumentCache full:https://registry.npmjs.org/has-flag set size:15180 disposed:false
1233 silly placeDep ROOT path-key@3.1.1 OK for: cross-spawn@7.0.6 want: ^3.1.0
1234 silly placeDep ROOT shebang-command@2.0.0 OK for: cross-spawn@7.0.6 want: ^2.0.0
1235 silly placeDep ROOT which@2.0.2 OK for: cross-spawn@7.0.6 want: ^2.0.1
1236 silly fetch manifest shebang-regex@^3.0.0
1237 silly packumentCache full:https://registry.npmjs.org/shebang-regex cache-miss
1238 silly fetch manifest isexe@^2.0.0
1239 silly packumentCache full:https://registry.npmjs.org/isexe cache-miss
1240 http cache https://registry.npmjs.org/shebang-regex 19ms (cache hit)
1241 silly packumentCache full:https://registry.npmjs.org/shebang-regex set size:9763 disposed:false
1242 http cache https://registry.npmjs.org/isexe 21ms (cache hit)
1243 silly packumentCache full:https://registry.npmjs.org/isexe set size:31756 disposed:false
1244 silly fetch manifest eslint@>=8.10
1245 silly packumentCache full:https://registry.npmjs.org/eslint cache-miss
1246 http cache https://registry.npmjs.org/eslint 24ms (cache hit)
1247 silly packumentCache full:https://registry.npmjs.org/eslint set size:1983515 disposed:false
1248 silly fetch manifest eslint@^3 || ^4 || ^5 || ^6 || ^7 || ^8 || ^9.7
1249 silly packumentCache full:https://registry.npmjs.org/eslint cache-miss
1250 http cache https://registry.npmjs.org/eslint 21ms (cache hit)
1251 silly packumentCache full:https://registry.npmjs.org/eslint set size:1983515 disposed:false
1252 silly fetch manifest eslint@^2 || ^3 || ^4 || ^5 || ^6 || ^7.2.0 || ^8 || ^9
1253 silly packumentCache full:https://registry.npmjs.org/eslint cache-miss
1254 http cache https://registry.npmjs.org/eslint 20ms (cache hit)
1255 silly packumentCache full:https://registry.npmjs.org/eslint set size:1983515 disposed:false
1256 silly fetch manifest typescript@>=4.8.4 <6.1.0
1257 silly packumentCache full:https://registry.npmjs.org/typescript cache-miss
1258 http cache https://registry.npmjs.org/typescript 123ms (cache hit)
1259 silly packumentCache full:https://registry.npmjs.org/typescript set size:15409943 disposed:false
1260 silly fetch manifest eslint@^3.0.0 || ^4.0.0 || ^5.0.0 || ^6.0.0 || ^7.0.0 || ^8.0.0-0 || ^9.0.0
1261 silly packumentCache full:https://registry.npmjs.org/eslint cache-miss
1262 http cache https://registry.npmjs.org/eslint 22ms (cache hit)
1263 silly packumentCache full:https://registry.npmjs.org/eslint set size:1983515 disposed:false
1264 silly fetch manifest eslint-plugin-import-x@*
1265 silly packumentCache full:https://registry.npmjs.org/eslint-plugin-import-x cache-miss
1266 http cache https://registry.npmjs.org/eslint-plugin-import-x 16ms (cache hit)
1267 silly packumentCache full:https://registry.npmjs.org/eslint-plugin-import-x set size:270770 disposed:false
1268 silly fetch manifest @typescript-eslint/utils@^8.56.0
1269 silly packumentCache full:https://registry.npmjs.org/@typescript-eslint%2futils cache-miss
1270 http cache https://registry.npmjs.org/@typescript-eslint%2futils 91ms (cache hit)
1271 silly packumentCache full:https://registry.npmjs.org/@typescript-eslint%2futils set size:10039447 disposed:false
1272 silly fetch manifest eslint-import-resolver-node@*
1273 silly packumentCache full:https://registry.npmjs.org/eslint-import-resolver-node cache-miss
1274 http cache https://registry.npmjs.org/eslint-import-resolver-node 19ms (cache hit)
1275 silly packumentCache full:https://registry.npmjs.org/eslint-import-resolver-node set size:37178 disposed:false
1276 silly placeDep ROOT @typescript-eslint/eslint-plugin@8.59.0 OK for: eslint-config-expo@10.0.0 want: ^8.18.2
1277 silly placeDep ROOT typescript@6.0.3 OK for: @typescript-eslint/eslint-plugin@8.59.0 want: >=4.8.4 <6.1.0
1278 silly placeDep ROOT @typescript-eslint/parser@8.59.0 OK for: @typescript-eslint/eslint-plugin@8.59.0 want: ^8.59.0
1279 silly placeDep ROOT eslint-import-resolver-typescript@3.10.1 OK for: eslint-config-expo@10.0.0 want: ^3.6.3
1280 silly placeDep ROOT eslint-plugin-expo@1.0.0 OK for: eslint-config-expo@10.0.0 want: ^1.0.0
1281 silly placeDep ROOT eslint-plugin-import@2.32.0 OK for: eslint-config-expo@10.0.0 want: ^2.30.0
1282 silly placeDep ROOT eslint-plugin-react@7.37.5 OK for: eslint-config-expo@10.0.0 want: ^7.37.3
1283 silly placeDep ROOT eslint-plugin-react-hooks@5.2.0 OK for: eslint-config-expo@10.0.0 want: ^5.1.0
1284 silly placeDep node_modules/eslint-config-expo globals@16.5.0 OK for: eslint-config-expo@10.0.0 want: ^16.0.0
1285 silly fetch manifest ignore@^7.0.5
1286 silly packumentCache full:https://registry.npmjs.org/ignore cache-hit
1287 silly fetch manifest ts-api-utils@^2.5.0
1288 silly packumentCache full:https://registry.npmjs.org/ts-api-utils cache-miss
1289 silly fetch manifest @typescript-eslint/utils@8.59.0
1290 silly packumentCache full:https://registry.npmjs.org/@typescript-eslint%2futils cache-miss
1291 silly fetch manifest @typescript-eslint/type-utils@8.59.0
1292 silly packumentCache full:https://registry.npmjs.org/@typescript-eslint%2ftype-utils cache-miss
1293 silly fetch manifest @typescript-eslint/visitor-keys@8.59.0
1294 silly packumentCache full:https://registry.npmjs.org/@typescript-eslint%2fvisitor-keys cache-miss
1295 silly fetch manifest @typescript-eslint/scope-manager@8.59.0
1296 silly packumentCache full:https://registry.npmjs.org/@typescript-eslint%2fscope-manager cache-miss
1297 silly fetch manifest @typescript-eslint/types@8.59.0
1298 silly packumentCache full:https://registry.npmjs.org/@typescript-eslint%2ftypes cache-miss
1299 silly fetch manifest @typescript-eslint/visitor-keys@8.59.0
1300 silly packumentCache full:https://registry.npmjs.org/@typescript-eslint%2fvisitor-keys cache-miss
1301 http cache https://registry.npmjs.org/@typescript-eslint%2futils 103ms (cache hit)
1302 silly packumentCache full:https://registry.npmjs.org/@typescript-eslint%2futils set size:10039447 disposed:false
1303 silly fetch manifest @typescript-eslint/scope-manager@8.59.0
1304 silly packumentCache full:https://registry.npmjs.org/@typescript-eslint%2fscope-manager cache-miss
1305 http cache https://registry.npmjs.org/ts-api-utils 502ms (cache hit)
1306 silly packumentCache full:https://registry.npmjs.org/ts-api-utils set size:226785 disposed:false
1307 silly fetch manifest @typescript-eslint/typescript-estree@8.59.0
1308 silly packumentCache full:https://registry.npmjs.org/@typescript-eslint%2ftypescript-estree cache-miss
1309 http cache https://registry.npmjs.org/@typescript-eslint%2ftype-utils 553ms (cache hit)
1310 silly packumentCache full:https://registry.npmjs.org/@typescript-eslint%2ftype-utils set size:9215778 disposed:false
1311 silly fetch manifest tinyglobby@^0.2.13
1312 silly packumentCache full:https://registry.npmjs.org/tinyglobby cache-miss
1313 http cache https://registry.npmjs.org/@typescript-eslint%2fvisitor-keys 813ms (cache hit)
1314 silly packumentCache full:https://registry.npmjs.org/@typescript-eslint%2fvisitor-keys set size:11749995 disposed:false
1315 silly fetch manifest stable-hash@^0.0.5
1316 silly packumentCache full:https://registry.npmjs.org/stable-hash cache-miss
1317 http cache https://registry.npmjs.org/@typescript-eslint%2fscope-manager 1070ms (cache hit)
1318 silly packumentCache full:https://registry.npmjs.org/@typescript-eslint%2fscope-manager set size:12339337 disposed:false
1319 silly fetch manifest get-tsconfig@^4.10.0
1320 silly packumentCache full:https://registry.npmjs.org/get-tsconfig cache-miss
1321 http cache https://registry.npmjs.org/@typescript-eslint%2fvisitor-keys 1354ms (cache hit)
1322 silly packumentCache full:https://registry.npmjs.org/@typescript-eslint%2fvisitor-keys set size:11749995 disposed:false
1323 silly fetch manifest is-bun-module@^2.0.0
1324 silly packumentCache full:https://registry.npmjs.org/is-bun-module cache-miss
1325 http cache https://registry.npmjs.org/@typescript-eslint%2ftypes 1531ms (cache hit)
1326 silly packumentCache full:https://registry.npmjs.org/@typescript-eslint%2ftypes set size:12149739 disposed:false
1327 silly fetch manifest unrs-resolver@^1.6.2
1328 silly packumentCache full:https://registry.npmjs.org/unrs-resolver cache-miss
1329 http cache https://registry.npmjs.org/stable-hash 787ms (cache hit)
1330 silly packumentCache full:https://registry.npmjs.org/stable-hash set size:18359 disposed:false
1331 silly fetch manifest @nolyfill/is-core-module@1.0.39
1332 silly packumentCache full:https://registry.npmjs.org/@nolyfill%2fis-core-module cache-miss
1333 http cache https://registry.npmjs.org/@typescript-eslint%2fscope-manager 1382ms (cache hit)
1334 silly packumentCache full:https://registry.npmjs.org/@typescript-eslint%2fscope-manager set size:12339337 disposed:false
1335 silly fetch manifest @typescript-eslint/types@^8.29.1
1336 silly packumentCache full:https://registry.npmjs.org/@typescript-eslint%2ftypes cache-miss
1337 http cache https://registry.npmjs.org/tinyglobby 1290ms (cache hit)
1338 silly packumentCache full:https://registry.npmjs.org/tinyglobby set size:52660 disposed:false
1339 silly fetch manifest @typescript-eslint/utils@^8.29.1
1340 silly packumentCache full:https://registry.npmjs.org/@typescript-eslint%2futils cache-miss
1341 http cache https://registry.npmjs.org/@typescript-eslint%2ftypescript-estree 1592ms (cache hit)
1342 silly packumentCache full:https://registry.npmjs.org/@typescript-eslint%2ftypescript-estree set size:16285096 disposed:false
1343 silly fetch manifest @rtsao/scc@^1.1.0
1344 silly packumentCache full:https://registry.npmjs.org/@rtsao%2fscc cache-miss
1345 http cache https://registry.npmjs.org/get-tsconfig 1108ms (cache hit)
1346 silly packumentCache full:https://registry.npmjs.org/get-tsconfig set size:125877 disposed:false
1347 silly fetch manifest array-includes@^3.1.9
1348 silly packumentCache full:https://registry.npmjs.org/array-includes cache-miss
1349 http cache https://registry.npmjs.org/is-bun-module 961ms (cache hit)
1350 silly packumentCache full:https://registry.npmjs.org/is-bun-module set size:19768 disposed:false
1351 silly fetch manifest array.prototype.findlastindex@^1.2.6
1352 silly packumentCache full:https://registry.npmjs.org/array.prototype.findlastindex cache-miss
1353 http cache https://registry.npmjs.org/unrs-resolver 684ms (cache hit)
1354 silly packumentCache full:https://registry.npmjs.org/unrs-resolver set size:142730 disposed:false
1355 silly fetch manifest array.prototype.flat@^1.3.3
1356 silly packumentCache full:https://registry.npmjs.org/array.prototype.flat cache-miss
1357 http cache https://registry.npmjs.org/@nolyfill%2fis-core-module 664ms (cache hit)
1358 silly packumentCache full:https://registry.npmjs.org/@nolyfill%2fis-core-module set size:10461 disposed:false
1359 silly fetch manifest array.prototype.flatmap@^1.3.3
1360 silly packumentCache full:https://registry.npmjs.org/array.prototype.flatmap cache-miss
1361 http cache https://registry.npmjs.org/@typescript-eslint%2futils 477ms (cache hit)
1362 silly packumentCache full:https://registry.npmjs.org/@typescript-eslint%2futils set size:10039447 disposed:false
1363 silly fetch manifest debug@^3.2.7
1364 silly packumentCache full:https://registry.npmjs.org/debug cache-hit
1365 silly fetch manifest doctrine@^2.1.0
1366 silly packumentCache full:https://registry.npmjs.org/doctrine cache-miss
1367 http cache https://registry.npmjs.org/@rtsao%2fscc 219ms (cache hit)
1368 silly packumentCache full:https://registry.npmjs.org/@rtsao%2fscc set size:6332 disposed:false
1369 silly fetch manifest eslint-import-resolver-node@^0.3.9
1370 silly packumentCache full:https://registry.npmjs.org/eslint-import-resolver-node cache-hit
1371 silly fetch manifest eslint-module-utils@^2.12.1
1372 silly packumentCache full:https://registry.npmjs.org/eslint-module-utils cache-miss
1373 http cache https://registry.npmjs.org/array-includes 231ms (cache hit)
1374 silly packumentCache full:https://registry.npmjs.org/array-includes set size:77143 disposed:false
1375 silly fetch manifest is-core-module@^2.16.1
1376 silly packumentCache full:https://registry.npmjs.org/is-core-module cache-miss
1377 http cache https://registry.npmjs.org/@typescript-eslint%2ftypes 694ms (cache hit)
1378 silly packumentCache full:https://registry.npmjs.org/@typescript-eslint%2ftypes set size:12149739 disposed:false
1379 silly fetch manifest object.fromentries@^2.0.8
1380 silly packumentCache full:https://registry.npmjs.org/object.fromentries cache-miss
1381 http cache https://registry.npmjs.org/array.prototype.findlastindex 484ms (cache hit)
1382 silly packumentCache full:https://registry.npmjs.org/array.prototype.findlastindex set size:44828 disposed:false
1383 silly fetch manifest object.groupby@^1.0.3
1384 silly packumentCache full:https://registry.npmjs.org/object.groupby cache-miss
1385 http cache https://registry.npmjs.org/array.prototype.flat 482ms (cache hit)
1386 silly packumentCache full:https://registry.npmjs.org/array.prototype.flat set size:38327 disposed:false
1387 silly fetch manifest object.values@^1.2.1
1388 silly packumentCache full:https://registry.npmjs.org/object.values cache-miss
1389 http cache https://registry.npmjs.org/array.prototype.flatmap 491ms (cache hit)
1390 silly packumentCache full:https://registry.npmjs.org/array.prototype.flatmap set size:51458 disposed:false
1391 silly fetch manifest string.prototype.trimend@^1.0.9
1392 silly packumentCache full:https://registry.npmjs.org/string.prototype.trimend cache-miss
1393 http cache https://registry.npmjs.org/object.fromentries 61ms (cache hit)
1394 silly packumentCache full:https://registry.npmjs.org/object.fromentries set size:37686 disposed:false
1395 silly fetch manifest tsconfig-paths@^3.15.0
1396 silly packumentCache full:https://registry.npmjs.org/tsconfig-paths cache-miss
1397 http cache https://registry.npmjs.org/doctrine 339ms (cache hit)
1398 silly packumentCache full:https://registry.npmjs.org/doctrine set size:64052 disposed:false
1399 silly fetch manifest array-includes@^3.1.8
1400 silly packumentCache full:https://registry.npmjs.org/array-includes cache-hit
1401 silly fetch manifest array.prototype.findlast@^1.2.5
1402 silly packumentCache full:https://registry.npmjs.org/array.prototype.findlast cache-miss
1403 http cache https://registry.npmjs.org/is-core-module 323ms (cache hit)
1404 silly packumentCache full:https://registry.npmjs.org/is-core-module set size:71788 disposed:false
1405 silly fetch manifest array.prototype.tosorted@^1.1.4
1406 silly packumentCache full:https://registry.npmjs.org/array.prototype.tosorted cache-miss
1407 http cache https://registry.npmjs.org/eslint-module-utils 350ms (cache hit)
1408 silly packumentCache full:https://registry.npmjs.org/eslint-module-utils set size:77496 disposed:false
1409 silly fetch manifest es-iterator-helpers@^1.2.1
1410 silly packumentCache full:https://registry.npmjs.org/es-iterator-helpers cache-miss
1411 http cache https://registry.npmjs.org/object.groupby 75ms (cache hit)
1412 silly packumentCache full:https://registry.npmjs.org/object.groupby set size:15504 disposed:false
1413 silly fetch manifest estraverse@^5.3.0
1414 silly packumentCache full:https://registry.npmjs.org/estraverse cache-hit
1415 silly fetch manifest jsx-ast-utils@^2.4.1 || ^3.0.0
1416 silly packumentCache full:https://registry.npmjs.org/jsx-ast-utils cache-miss
1417 http cache https://registry.npmjs.org/object.values 76ms (cache hit)
1418 silly packumentCache full:https://registry.npmjs.org/object.values set size:49009 disposed:false
1419 silly fetch manifest object.entries@^1.1.9
1420 silly packumentCache full:https://registry.npmjs.org/object.entries cache-miss
1421 http cache https://registry.npmjs.org/string.prototype.trimend 73ms (cache hit)
1422 silly packumentCache full:https://registry.npmjs.org/string.prototype.trimend set size:41090 disposed:false
1423 silly fetch manifest prop-types@^15.8.1
1424 silly packumentCache full:https://registry.npmjs.org/prop-types cache-miss
1425 http cache https://registry.npmjs.org/tsconfig-paths 75ms (cache hit)
1426 silly packumentCache full:https://registry.npmjs.org/tsconfig-paths set size:192565 disposed:false
1427 silly fetch manifest resolve@^2.0.0-next.5
1428 silly packumentCache full:https://registry.npmjs.org/resolve cache-miss
1429 http cache https://registry.npmjs.org/array.prototype.findlast 71ms (cache hit)
1430 silly packumentCache full:https://registry.npmjs.org/array.prototype.findlast set size:40323 disposed:false
1431 silly fetch manifest string.prototype.matchall@^4.0.12
1432 silly packumentCache full:https://registry.npmjs.org/string.prototype.matchall cache-miss
1433 http cache https://registry.npmjs.org/array.prototype.tosorted 65ms (cache hit)
1434 silly packumentCache full:https://registry.npmjs.org/array.prototype.tosorted set size:24661 disposed:false
1435 silly fetch manifest string.prototype.repeat@^1.0.0
1436 silly packumentCache full:https://registry.npmjs.org/string.prototype.repeat cache-miss
1437 http cache https://registry.npmjs.org/es-iterator-helpers 64ms (cache hit)
1438 silly packumentCache full:https://registry.npmjs.org/es-iterator-helpers set size:258484 disposed:false
1439 http cache https://registry.npmjs.org/jsx-ast-utils 66ms (cache hit)
1440 silly packumentCache full:https://registry.npmjs.org/jsx-ast-utils set size:115998 disposed:false
1441 http cache https://registry.npmjs.org/object.entries 67ms (cache hit)
1442 silly packumentCache full:https://registry.npmjs.org/object.entries set size:50037 disposed:false
1443 http cache https://registry.npmjs.org/prop-types 77ms (cache hit)
1444 silly packumentCache full:https://registry.npmjs.org/prop-types set size:76747 disposed:false
1445 http cache https://registry.npmjs.org/resolve 78ms (cache hit)
1446 silly packumentCache full:https://registry.npmjs.org/resolve set size:252941 disposed:false
1447 http cache https://registry.npmjs.org/string.prototype.repeat 91ms (cache hit)
1448 silly packumentCache full:https://registry.npmjs.org/string.prototype.repeat set size:8608 disposed:false
1449 http cache https://registry.npmjs.org/string.prototype.matchall 98ms (cache hit)
1450 silly packumentCache full:https://registry.npmjs.org/string.prototype.matchall set size:63239 disposed:false
1451 silly fetch manifest eslint@^8.57.0 || ^9.0.0 || ^10.0.0
1452 silly packumentCache full:https://registry.npmjs.org/eslint cache-miss
1453 http cache https://registry.npmjs.org/eslint 19ms (cache hit)
1454 silly packumentCache full:https://registry.npmjs.org/eslint set size:1983515 disposed:false
1455 silly placeDep ROOT @typescript-eslint/scope-manager@8.59.0 OK for: @typescript-eslint/eslint-plugin@8.59.0 want: 8.59.0
1456 silly placeDep ROOT @typescript-eslint/type-utils@8.59.0 OK for: @typescript-eslint/eslint-plugin@8.59.0 want: 8.59.0
1457 silly placeDep ROOT @typescript-eslint/utils@8.59.0 OK for: @typescript-eslint/eslint-plugin@8.59.0 want: 8.59.0
1458 silly placeDep ROOT @typescript-eslint/visitor-keys@8.59.0 OK for: @typescript-eslint/eslint-plugin@8.59.0 want: 8.59.0
1459 silly placeDep node_modules/@typescript-eslint/eslint-plugin ignore@7.0.5 OK for: @typescript-eslint/eslint-plugin@8.59.0 want: ^7.0.5
1460 silly placeDep ROOT ts-api-utils@2.5.0 OK for: @typescript-eslint/eslint-plugin@8.59.0 want: ^2.5.0
1461 silly fetch manifest eslint-visitor-keys@^5.0.0
1462 silly packumentCache full:https://registry.npmjs.org/eslint-visitor-keys cache-hit
1463 silly placeDep ROOT @typescript-eslint/types@8.59.0 OK for: @typescript-eslint/parser@8.59.0 want: 8.59.0
1464 silly placeDep ROOT @typescript-eslint/typescript-estree@8.59.0 OK for: @typescript-eslint/parser@8.59.0 want: 8.59.0
1465 silly fetch manifest semver@^7.7.3
1466 silly packumentCache full:https://registry.npmjs.org/semver cache-hit
1467 silly fetch manifest minimatch@^10.2.2
1468 silly packumentCache full:https://registry.npmjs.org/minimatch cache-hit
1469 silly fetch manifest tinyglobby@^0.2.15
1470 silly packumentCache full:https://registry.npmjs.org/tinyglobby cache-hit
1471 silly fetch manifest @typescript-eslint/tsconfig-utils@8.59.0
1472 silly packumentCache full:https://registry.npmjs.org/@typescript-eslint%2ftsconfig-utils cache-miss
1473 silly fetch manifest @typescript-eslint/project-service@8.59.0
1474 silly packumentCache full:https://registry.npmjs.org/@typescript-eslint%2fproject-service cache-miss
1475 http cache https://registry.npmjs.org/@typescript-eslint%2ftsconfig-utils 25ms (cache hit)
1476 silly packumentCache full:https://registry.npmjs.org/@typescript-eslint%2ftsconfig-utils set size:1159775 disposed:false
1477 http cache https://registry.npmjs.org/@typescript-eslint%2fproject-service 42ms (cache hit)
1478 silly packumentCache full:https://registry.npmjs.org/@typescript-eslint%2fproject-service set size:1231737 disposed:false
1479 silly placeDep ROOT @typescript-eslint/project-service@8.59.0 OK for: @typescript-eslint/typescript-estree@8.59.0 want: 8.59.0
1480 silly placeDep ROOT @typescript-eslint/tsconfig-utils@8.59.0 OK for: @typescript-eslint/typescript-estree@8.59.0 want: 8.59.0
1481 silly placeDep node_modules/@typescript-eslint/typescript-estree minimatch@10.2.5 OK for: @typescript-eslint/typescript-estree@8.59.0 want: ^10.2.2
1482 silly placeDep node_modules/@typescript-eslint/typescript-estree semver@7.7.4 OK for: @typescript-eslint/typescript-estree@8.59.0 want: ^7.7.3
1483 silly placeDep ROOT tinyglobby@0.2.16 OK for: @typescript-eslint/typescript-estree@8.59.0 want: ^0.2.15
1484 silly fetch manifest @typescript-eslint/tsconfig-utils@^8.59.0
1485 silly packumentCache full:https://registry.npmjs.org/@typescript-eslint%2ftsconfig-utils cache-miss
1486 silly fetch manifest brace-expansion@^5.0.5
1487 silly packumentCache full:https://registry.npmjs.org/brace-expansion cache-hit
1488 silly fetch manifest fdir@^6.5.0
1489 silly packumentCache full:https://registry.npmjs.org/fdir cache-miss
1490 silly fetch manifest picomatch@^4.0.4
1491 silly packumentCache full:https://registry.npmjs.org/picomatch cache-miss
1492 http cache https://registry.npmjs.org/@typescript-eslint%2ftsconfig-utils 22ms (cache hit)
1493 silly packumentCache full:https://registry.npmjs.org/@typescript-eslint%2ftsconfig-utils set size:1159775 disposed:false
1494 http cache https://registry.npmjs.org/fdir 36ms (cache hit)
1495 silly packumentCache full:https://registry.npmjs.org/fdir set size:136182 disposed:false
1496 http cache https://registry.npmjs.org/picomatch 41ms (cache hit)
1497 silly packumentCache full:https://registry.npmjs.org/picomatch set size:126376 disposed:false
1498 silly placeDep node_modules/@typescript-eslint/visitor-keys eslint-visitor-keys@5.0.1 OK for: @typescript-eslint/visitor-keys@8.59.0 want: ^5.0.0
1499 silly placeDep ROOT @nolyfill/is-core-module@1.0.39 OK for: eslint-import-resolver-typescript@3.10.1 want: 1.0.39
1500 silly placeDep ROOT get-tsconfig@4.14.0 OK for: eslint-import-resolver-typescript@3.10.1 want: ^4.10.0
1501 silly placeDep ROOT is-bun-module@2.0.0 OK for: eslint-import-resolver-typescript@3.10.1 want: ^2.0.0
1502 silly placeDep ROOT stable-hash@0.0.5 OK for: eslint-import-resolver-typescript@3.10.1 want: ^0.0.5
1503 silly placeDep ROOT unrs-resolver@1.11.1 OK for: eslint-import-resolver-typescript@3.10.1 want: ^1.6.2
1504 silly fetch manifest resolve-pkg-maps@^1.0.0
1505 silly packumentCache full:https://registry.npmjs.org/resolve-pkg-maps cache-miss
1506 silly fetch manifest semver@^7.7.1
1507 silly packumentCache full:https://registry.npmjs.org/semver cache-hit
1508 silly fetch manifest napi-postinstall@^0.3.0
1509 silly packumentCache full:https://registry.npmjs.org/napi-postinstall cache-miss
1510 silly fetch manifest @unrs/resolver-binding-win32-x64-msvc@1.11.1
1511 silly packumentCache full:https://registry.npmjs.org/@unrs%2fresolver-binding-win32-x64-msvc cache-miss
1512 silly fetch manifest @unrs/resolver-binding-win32-arm64-msvc@1.11.1
1513 silly packumentCache full:https://registry.npmjs.org/@unrs%2fresolver-binding-win32-arm64-msvc cache-miss
1514 silly fetch manifest @unrs/resolver-binding-win32-ia32-msvc@1.11.1
1515 silly packumentCache full:https://registry.npmjs.org/@unrs%2fresolver-binding-win32-ia32-msvc cache-miss
1516 silly fetch manifest @unrs/resolver-binding-linux-x64-gnu@1.11.1
1517 silly packumentCache full:https://registry.npmjs.org/@unrs%2fresolver-binding-linux-x64-gnu cache-miss
1518 silly fetch manifest @unrs/resolver-binding-linux-x64-musl@1.11.1
1519 silly packumentCache full:https://registry.npmjs.org/@unrs%2fresolver-binding-linux-x64-musl cache-miss
1520 http cache https://registry.npmjs.org/napi-postinstall 119ms (cache hit)
1521 silly packumentCache full:https://registry.npmjs.org/napi-postinstall set size:41400 disposed:false
1522 silly fetch manifest @unrs/resolver-binding-freebsd-x64@1.11.1
1523 silly packumentCache full:https://registry.npmjs.org/@unrs%2fresolver-binding-freebsd-x64 cache-miss
1524 http cache https://registry.npmjs.org/@unrs%2fresolver-binding-linux-x64-gnu 120ms (cache hit)
1525 silly packumentCache full:https://registry.npmjs.org/@unrs%2fresolver-binding-linux-x64-gnu set size:59167 disposed:false
1526 silly fetch manifest @unrs/resolver-binding-android-arm64@1.11.1
1527 silly packumentCache full:https://registry.npmjs.org/@unrs%2fresolver-binding-android-arm64 cache-miss
1528 http cache https://registry.npmjs.org/@unrs%2fresolver-binding-win32-arm64-msvc 126ms (cache hit)
1529 silly packumentCache full:https://registry.npmjs.org/@unrs%2fresolver-binding-win32-arm64-msvc set size:59292 disposed:false
1530 silly fetch manifest @unrs/resolver-binding-linux-arm64-gnu@1.11.1
1531 silly packumentCache full:https://registry.npmjs.org/@unrs%2fresolver-binding-linux-arm64-gnu cache-miss
1532 http cache https://registry.npmjs.org/@unrs%2fresolver-binding-win32-x64-msvc 131ms (cache hit)
1533 silly packumentCache full:https://registry.npmjs.org/@unrs%2fresolver-binding-win32-x64-msvc set size:58760 disposed:false
1534 silly fetch manifest @unrs/resolver-binding-linux-arm64-musl@1.11.1
1535 silly packumentCache full:https://registry.npmjs.org/@unrs%2fresolver-binding-linux-arm64-musl cache-miss
1536 http cache https://registry.npmjs.org/resolve-pkg-maps 139ms (cache hit)
1537 silly packumentCache full:https://registry.npmjs.org/resolve-pkg-maps set size:11615 disposed:false
1538 silly fetch manifest @unrs/resolver-binding-android-arm-eabi@1.11.1
1539 silly packumentCache full:https://registry.npmjs.org/@unrs%2fresolver-binding-android-arm-eabi cache-miss
1540 http cache https://registry.npmjs.org/@unrs%2fresolver-binding-win32-ia32-msvc 137ms (cache hit)
1541 silly packumentCache full:https://registry.npmjs.org/@unrs%2fresolver-binding-win32-ia32-msvc set size:59023 disposed:false
1542 silly fetch manifest @unrs/resolver-binding-linux-arm-gnueabihf@1.11.1
1543 silly packumentCache full:https://registry.npmjs.org/@unrs%2fresolver-binding-linux-arm-gnueabihf cache-miss
1544 http cache https://registry.npmjs.org/@unrs%2fresolver-binding-linux-x64-musl 132ms (cache hit)
1545 silly packumentCache full:https://registry.npmjs.org/@unrs%2fresolver-binding-linux-x64-musl set size:59364 disposed:false
1546 silly fetch manifest @unrs/resolver-binding-linux-arm-musleabihf@1.11.1
1547 silly packumentCache full:https://registry.npmjs.org/@unrs%2fresolver-binding-linux-arm-musleabihf cache-miss
1548 http cache https://registry.npmjs.org/@unrs%2fresolver-binding-android-arm64 50ms (cache hit)
1549 silly packumentCache full:https://registry.npmjs.org/@unrs%2fresolver-binding-android-arm64 set size:12351 disposed:false
1550 silly fetch manifest @unrs/resolver-binding-linux-ppc64-gnu@1.11.1
1551 silly packumentCache full:https://registry.npmjs.org/@unrs%2fresolver-binding-linux-ppc64-gnu cache-miss
1552 http cache https://registry.npmjs.org/@unrs%2fresolver-binding-linux-arm64-gnu 52ms (cache hit)
1553 silly packumentCache full:https://registry.npmjs.org/@unrs%2fresolver-binding-linux-arm64-gnu set size:59697 disposed:false
1554 silly fetch manifest @unrs/resolver-binding-linux-riscv64-gnu@1.11.1
1555 silly packumentCache full:https://registry.npmjs.org/@unrs%2fresolver-binding-linux-riscv64-gnu cache-miss
1556 http cache https://registry.npmjs.org/@unrs%2fresolver-binding-linux-arm64-musl 51ms (cache hit)
1557 silly packumentCache full:https://registry.npmjs.org/@unrs%2fresolver-binding-linux-arm64-musl set size:59889 disposed:false
1558 silly fetch manifest @unrs/resolver-binding-linux-riscv64-musl@1.11.1
1559 silly packumentCache full:https://registry.npmjs.org/@unrs%2fresolver-binding-linux-riscv64-musl cache-miss
1560 http cache https://registry.npmjs.org/@unrs%2fresolver-binding-freebsd-x64 73ms (cache hit)
1561 silly packumentCache full:https://registry.npmjs.org/@unrs%2fresolver-binding-freebsd-x64 set size:58172 disposed:false
1562 silly fetch manifest @unrs/resolver-binding-linux-s390x-gnu@1.11.1
1563 silly packumentCache full:https://registry.npmjs.org/@unrs%2fresolver-binding-linux-s390x-gnu cache-miss
1564 http cache https://registry.npmjs.org/@unrs%2fresolver-binding-android-arm-eabi 66ms (cache hit)
1565 silly packumentCache full:https://registry.npmjs.org/@unrs%2fresolver-binding-android-arm-eabi set size:12473 disposed:false
1566 silly fetch manifest @unrs/resolver-binding-darwin-x64@1.11.1
1567 silly packumentCache full:https://registry.npmjs.org/@unrs%2fresolver-binding-darwin-x64 cache-miss
1568 http cache https://registry.npmjs.org/@unrs%2fresolver-binding-linux-arm-gnueabihf 66ms (cache hit)
1569 silly packumentCache full:https://registry.npmjs.org/@unrs%2fresolver-binding-linux-arm-gnueabihf set size:59902 disposed:false
1570 silly fetch manifest @unrs/resolver-binding-darwin-arm64@1.11.1
1571 silly packumentCache full:https://registry.npmjs.org/@unrs%2fresolver-binding-darwin-arm64 cache-miss
1572 http cache https://registry.npmjs.org/@unrs%2fresolver-binding-linux-arm-musleabihf 67ms (cache hit)
1573 silly packumentCache full:https://registry.npmjs.org/@unrs%2fresolver-binding-linux-arm-musleabihf set size:60135 disposed:false
1574 silly fetch manifest @unrs/resolver-binding-wasm32-wasi@1.11.1
1575 silly packumentCache full:https://registry.npmjs.org/@unrs%2fresolver-binding-wasm32-wasi cache-miss
1576 http cache https://registry.npmjs.org/@unrs%2fresolver-binding-linux-riscv64-musl 49ms (cache hit)
1577 silly packumentCache full:https://registry.npmjs.org/@unrs%2fresolver-binding-linux-riscv64-musl set size:40293 disposed:false
1578 http cache https://registry.npmjs.org/@unrs%2fresolver-binding-linux-ppc64-gnu 65ms (cache hit)
1579 silly packumentCache full:https://registry.npmjs.org/@unrs%2fresolver-binding-linux-ppc64-gnu set size:59704 disposed:false
1580 http cache https://registry.npmjs.org/@unrs%2fresolver-binding-linux-riscv64-gnu 61ms (cache hit)
1581 silly packumentCache full:https://registry.npmjs.org/@unrs%2fresolver-binding-linux-riscv64-gnu set size:50987 disposed:false
1582 http cache https://registry.npmjs.org/@unrs%2fresolver-binding-linux-s390x-gnu 50ms (cache hit)
1583 silly packumentCache full:https://registry.npmjs.org/@unrs%2fresolver-binding-linux-s390x-gnu set size:59697 disposed:false
1584 http cache https://registry.npmjs.org/@unrs%2fresolver-binding-darwin-x64 46ms (cache hit)
1585 silly packumentCache full:https://registry.npmjs.org/@unrs%2fresolver-binding-darwin-x64 set size:57901 disposed:false
1586 http cache https://registry.npmjs.org/@unrs%2fresolver-binding-wasm32-wasi 40ms (cache hit)
1587 silly packumentCache full:https://registry.npmjs.org/@unrs%2fresolver-binding-wasm32-wasi set size:61704 disposed:false
1588 http cache https://registry.npmjs.org/@unrs%2fresolver-binding-darwin-arm64 48ms (cache hit)
1589 silly packumentCache full:https://registry.npmjs.org/@unrs%2fresolver-binding-darwin-arm64 set size:58434 disposed:false
1590 silly placeDep ROOT @rtsao/scc@1.1.0 OK for: eslint-plugin-import@2.32.0 want: ^1.1.0
1591 silly placeDep ROOT array-includes@3.1.9 OK for: eslint-plugin-import@2.32.0 want: ^3.1.9
1592 silly placeDep ROOT array.prototype.findlastindex@1.2.6 OK for: eslint-plugin-import@2.32.0 want: ^1.2.6
1593 silly placeDep ROOT array.prototype.flat@1.3.3 OK for: eslint-plugin-import@2.32.0 want: ^1.3.3
1594 silly placeDep ROOT array.prototype.flatmap@1.3.3 OK for: eslint-plugin-import@2.32.0 want: ^1.3.3
1595 silly placeDep node_modules/eslint-plugin-import debug@3.2.7 OK for: eslint-plugin-import@2.32.0 want: ^3.2.7
1596 silly placeDep ROOT doctrine@2.1.0 OK for: eslint-plugin-import@2.32.0 want: ^2.1.0
1597 silly placeDep ROOT eslint-import-resolver-node@0.3.10 OK for: eslint-plugin-import@2.32.0 want: ^0.3.9
1598 silly placeDep ROOT eslint-module-utils@2.12.1 OK for: eslint-plugin-import@2.32.0 want: ^2.12.1
1599 silly placeDep ROOT hasown@2.0.3 OK for: eslint-plugin-import@2.32.0 want: ^2.0.2
1600 silly placeDep ROOT is-core-module@2.16.1 OK for: eslint-plugin-import@2.32.0 want: ^2.16.1
1601 silly placeDep ROOT object.fromentries@2.0.8 OK for: eslint-plugin-import@2.32.0 want: ^2.0.8
1602 silly placeDep ROOT object.groupby@1.0.3 OK for: eslint-plugin-import@2.32.0 want: ^1.0.3
1603 silly placeDep ROOT object.values@1.2.1 OK for: eslint-plugin-import@2.32.0 want: ^1.2.1
1604 silly placeDep ROOT string.prototype.trimend@1.0.9 OK for: eslint-plugin-import@2.32.0 want: ^1.0.9
1605 silly placeDep ROOT tsconfig-paths@3.15.0 OK for: eslint-plugin-import@2.32.0 want: ^3.15.0
1606 silly fetch manifest call-bind@^1.0.8
1607 silly packumentCache full:https://registry.npmjs.org/call-bind cache-miss
1608 silly fetch manifest call-bound@^1.0.4
1609 silly packumentCache full:https://registry.npmjs.org/call-bound cache-miss
1610 silly fetch manifest define-properties@^1.2.1
1611 silly packumentCache full:https://registry.npmjs.org/define-properties cache-miss
1612 silly fetch manifest es-abstract@^1.24.0
1613 silly packumentCache full:https://registry.npmjs.org/es-abstract cache-miss
1614 silly fetch manifest es-object-atoms@^1.1.1
1615 silly packumentCache full:https://registry.npmjs.org/es-object-atoms cache-miss
1616 silly fetch manifest get-intrinsic@^1.3.0
1617 silly packumentCache full:https://registry.npmjs.org/get-intrinsic cache-miss
1618 silly fetch manifest is-string@^1.1.1
1619 silly packumentCache full:https://registry.npmjs.org/is-string cache-miss
1620 http cache https://registry.npmjs.org/call-bind 41ms (cache hit)
1621 silly packumentCache full:https://registry.npmjs.org/call-bind set size:32985 disposed:false
1622 silly fetch manifest math-intrinsics@^1.1.0
1623 silly packumentCache full:https://registry.npmjs.org/math-intrinsics cache-miss
1624 http cache https://registry.npmjs.org/es-object-atoms 41ms (cache hit)
1625 silly packumentCache full:https://registry.npmjs.org/es-object-atoms set size:15304 disposed:false
1626 silly fetch manifest call-bound@^1.0.4
1627 silly packumentCache full:https://registry.npmjs.org/call-bound cache-miss
1628 http cache https://registry.npmjs.org/call-bound 47ms (cache hit)
1629 silly packumentCache full:https://registry.npmjs.org/call-bound set size:15317 disposed:false
1630 silly fetch manifest define-properties@^1.2.1
1631 silly packumentCache full:https://registry.npmjs.org/define-properties cache-miss
1632 http cache https://registry.npmjs.org/get-intrinsic 48ms (cache hit)
1633 silly packumentCache full:https://registry.npmjs.org/get-intrinsic set size:60985 disposed:false
1634 silly fetch manifest es-abstract@^1.23.9
1635 silly packumentCache full:https://registry.npmjs.org/es-abstract cache-miss
1636 http cache https://registry.npmjs.org/define-properties 55ms (cache hit)
1637 silly packumentCache full:https://registry.npmjs.org/define-properties set size:31491 disposed:false
1638 silly fetch manifest es-errors@^1.3.0
1639 silly packumentCache full:https://registry.npmjs.org/es-errors cache-miss
1640 http cache https://registry.npmjs.org/es-abstract 59ms (cache hit)
1641 silly packumentCache full:https://registry.npmjs.org/es-abstract set size:384124 disposed:false
1642 silly fetch manifest es-shim-unscopables@^1.1.0
1643 silly packumentCache full:https://registry.npmjs.org/es-shim-unscopables cache-miss
1644 http cache https://registry.npmjs.org/is-string 70ms (cache hit)
1645 silly packumentCache full:https://registry.npmjs.org/is-string set size:29636 disposed:false
1646 silly fetch manifest es-abstract@^1.23.5
1647 silly packumentCache full:https://registry.npmjs.org/es-abstract cache-hit
1648 silly fetch manifest es-shim-unscopables@^1.0.2
1649 silly packumentCache full:https://registry.npmjs.org/es-shim-unscopables cache-miss
1650 http cache https://registry.npmjs.org/math-intrinsics 62ms (cache hit)
1651 silly packumentCache full:https://registry.npmjs.org/math-intrinsics set size:9265 disposed:false
1652 silly fetch manifest es-shim-unscopables@^1.0.2
1653 silly packumentCache full:https://registry.npmjs.org/es-shim-unscopables cache-miss
1654 http cache https://registry.npmjs.org/call-bound 64ms (cache hit)
1655 silly packumentCache full:https://registry.npmjs.org/call-bound set size:15317 disposed:false
1656 silly packumentCache full:https://registry.npmjs.org/call-bound dispose
1657 silly fetch manifest resolve@^2.0.0-next.6
1658 silly packumentCache full:https://registry.npmjs.org/resolve cache-hit
1659 silly fetch manifest function-bind@^1.1.2
1660 silly packumentCache full:https://registry.npmjs.org/function-bind cache-miss
1661 http cache https://registry.npmjs.org/es-errors 57ms (cache hit)
1662 silly packumentCache full:https://registry.npmjs.org/es-errors set size:16918 disposed:false
1663 silly fetch manifest call-bind@^1.0.7
1664 silly packumentCache full:https://registry.npmjs.org/call-bind cache-hit
1665 silly fetch manifest es-abstract@^1.23.2
1666 silly packumentCache full:https://registry.npmjs.org/es-abstract cache-hit
1667 silly fetch manifest es-object-atoms@^1.0.0
1668 silly packumentCache full:https://registry.npmjs.org/es-object-atoms cache-hit
1669 silly fetch manifest call-bound@^1.0.3
1670 silly packumentCache full:https://registry.npmjs.org/call-bound cache-hit
1671 silly fetch manifest call-bound@^1.0.2
1672 silly packumentCache full:https://registry.npmjs.org/call-bound cache-hit
1673 silly fetch manifest json5@^1.0.2
1674 silly packumentCache full:https://registry.npmjs.org/json5 cache-hit
1675 silly fetch manifest minimist@^1.2.6
1676 silly packumentCache full:https://registry.npmjs.org/minimist cache-miss
1677 http cache https://registry.npmjs.org/define-properties 77ms (cache hit)
1678 silly packumentCache full:https://registry.npmjs.org/define-properties set size:31491 disposed:false
1679 silly packumentCache full:https://registry.npmjs.org/define-properties dispose
1680 silly fetch manifest strip-bom@^3.0.0
1681 silly packumentCache full:https://registry.npmjs.org/strip-bom cache-miss
1682 http cache https://registry.npmjs.org/es-abstract 77ms (cache hit)
1683 silly packumentCache full:https://registry.npmjs.org/es-abstract set size:384124 disposed:false
1684 silly packumentCache full:https://registry.npmjs.org/es-abstract dispose
1685 silly fetch manifest @types/json5@^0.0.29
1686 silly packumentCache full:https://registry.npmjs.org/@types%2fjson5 cache-miss
1687 http cache https://registry.npmjs.org/es-shim-unscopables 61ms (cache hit)
1688 silly packumentCache full:https://registry.npmjs.org/es-shim-unscopables set size:13965 disposed:false
1689 http cache https://registry.npmjs.org/es-shim-unscopables 68ms (cache hit)
1690 silly packumentCache full:https://registry.npmjs.org/es-shim-unscopables set size:13965 disposed:false
1691 silly packumentCache full:https://registry.npmjs.org/es-shim-unscopables dispose
1692 http cache https://registry.npmjs.org/es-shim-unscopables 50ms (cache hit)
1693 silly packumentCache full:https://registry.npmjs.org/es-shim-unscopables set size:13965 disposed:true
1694 silly packumentCache full:https://registry.npmjs.org/es-shim-unscopables dispose
1695 http cache https://registry.npmjs.org/minimist 36ms (cache hit)
1696 silly packumentCache full:https://registry.npmjs.org/minimist set size:77063 disposed:false
1697 http cache https://registry.npmjs.org/function-bind 51ms (cache hit)
1698 silly packumentCache full:https://registry.npmjs.org/function-bind set size:15733 disposed:false
1699 http cache https://registry.npmjs.org/strip-bom 38ms (cache hit)
1700 silly packumentCache full:https://registry.npmjs.org/strip-bom set size:19359 disposed:false
1701 http cache https://registry.npmjs.org/@types%2fjson5 32ms (cache hit)
1702 silly packumentCache full:https://registry.npmjs.org/@types%2fjson5 set size:19581 disposed:false
1703 silly placeDep ROOT call-bind@1.0.9 OK for: array-includes@3.1.9 want: ^1.0.8
1704 silly placeDep ROOT call-bound@1.0.4 OK for: array-includes@3.1.9 want: ^1.0.4
1705 silly placeDep ROOT define-properties@1.2.1 OK for: array-includes@3.1.9 want: ^1.2.1
1706 silly placeDep ROOT es-abstract@1.24.2 OK for: array-includes@3.1.9 want: ^1.24.0
1707 silly placeDep ROOT es-object-atoms@1.1.1 OK for: array-includes@3.1.9 want: ^1.1.1
1708 silly placeDep ROOT get-intrinsic@1.3.0 OK for: array-includes@3.1.9 want: ^1.3.0
1709 silly placeDep ROOT is-string@1.1.1 OK for: array-includes@3.1.9 want: ^1.1.1
1710 silly placeDep ROOT math-intrinsics@1.1.0 OK for: array-includes@3.1.9 want: ^1.1.0
1711 silly fetch manifest call-bind-apply-helpers@^1.0.2
1712 silly packumentCache full:https://registry.npmjs.org/call-bind-apply-helpers cache-miss
1713 silly fetch manifest es-define-property@^1.0.1
1714 silly packumentCache full:https://registry.npmjs.org/es-define-property cache-miss
1715 silly fetch manifest set-function-length@^1.2.2
1716 silly packumentCache full:https://registry.npmjs.org/set-function-length cache-miss
1717 silly fetch manifest call-bind-apply-helpers@^1.0.2
1718 silly packumentCache full:https://registry.npmjs.org/call-bind-apply-helpers cache-miss
1719 silly fetch manifest define-data-property@^1.0.1
1720 silly packumentCache full:https://registry.npmjs.org/define-data-property cache-miss
1721 silly fetch manifest has-property-descriptors@^1.0.0
1722 silly packumentCache full:https://registry.npmjs.org/has-property-descriptors cache-miss
1723 silly fetch manifest object-keys@^1.1.1
1724 silly packumentCache full:https://registry.npmjs.org/object-keys cache-miss
1725 http cache https://registry.npmjs.org/es-define-property 39ms (cache hit)
1726 silly packumentCache full:https://registry.npmjs.org/es-define-property set size:8542 disposed:false
1727 silly fetch manifest array-buffer-byte-length@^1.0.2
1728 silly packumentCache full:https://registry.npmjs.org/array-buffer-byte-length cache-miss
1729 http cache https://registry.npmjs.org/call-bind-apply-helpers 44ms (cache hit)
1730 silly packumentCache full:https://registry.npmjs.org/call-bind-apply-helpers set size:12744 disposed:false
1731 silly fetch manifest arraybuffer.prototype.slice@^1.0.4
1732 silly packumentCache full:https://registry.npmjs.org/arraybuffer.prototype.slice cache-miss
1733 http cache https://registry.npmjs.org/define-data-property 44ms (cache hit)
1734 silly packumentCache full:https://registry.npmjs.org/define-data-property set size:28048 disposed:false
1735 silly fetch manifest available-typed-arrays@^1.0.7
1736 silly packumentCache full:https://registry.npmjs.org/available-typed-arrays cache-miss
1737 http cache https://registry.npmjs.org/set-function-length 51ms (cache hit)
1738 silly packumentCache full:https://registry.npmjs.org/set-function-length set size:24261 disposed:false
1739 silly fetch manifest data-view-buffer@^1.0.2
1740 silly packumentCache full:https://registry.npmjs.org/data-view-buffer cache-miss
1741 http cache https://registry.npmjs.org/object-keys 49ms (cache hit)
1742 silly packumentCache full:https://registry.npmjs.org/object-keys set size:67744 disposed:false
1743 silly fetch manifest data-view-byte-length@^1.0.2
1744 silly packumentCache full:https://registry.npmjs.org/data-view-byte-length cache-miss
1745 http cache https://registry.npmjs.org/has-property-descriptors 53ms (cache hit)
1746 silly packumentCache full:https://registry.npmjs.org/has-property-descriptors set size:12452 disposed:false
1747 silly fetch manifest data-view-byte-offset@^1.0.1
1748 silly packumentCache full:https://registry.npmjs.org/data-view-byte-offset cache-miss
1749 http cache https://registry.npmjs.org/call-bind-apply-helpers 61ms (cache hit)
1750 silly packumentCache full:https://registry.npmjs.org/call-bind-apply-helpers set size:12744 disposed:false
1751 silly packumentCache full:https://registry.npmjs.org/call-bind-apply-helpers dispose
1752 silly fetch manifest es-to-primitive@^1.3.0
1753 silly packumentCache full:https://registry.npmjs.org/es-to-primitive cache-miss
1754 http cache https://registry.npmjs.org/array-buffer-byte-length 59ms (cache hit)
1755 silly packumentCache full:https://registry.npmjs.org/array-buffer-byte-length set size:13099 disposed:false
1756 silly fetch manifest function.prototype.name@^1.1.8
1757 silly packumentCache full:https://registry.npmjs.org/function.prototype.name cache-miss
1758 http cache https://registry.npmjs.org/arraybuffer.prototype.slice 63ms (cache hit)
1759 silly packumentCache full:https://registry.npmjs.org/arraybuffer.prototype.slice set size:20917 disposed:false
1760 silly fetch manifest get-proto@^1.0.1
1761 silly packumentCache full:https://registry.npmjs.org/get-proto cache-miss
1762 http cache https://registry.npmjs.org/available-typed-arrays 65ms (cache hit)
1763 silly packumentCache full:https://registry.npmjs.org/available-typed-arrays set size:31390 disposed:false
1764 silly fetch manifest get-symbol-description@^1.1.0
1765 silly packumentCache full:https://registry.npmjs.org/get-symbol-description cache-miss
1766 http cache https://registry.npmjs.org/data-view-buffer 69ms (cache hit)
1767 silly packumentCache full:https://registry.npmjs.org/data-view-buffer set size:11789 disposed:false
1768 silly fetch manifest globalthis@^1.0.4
1769 silly packumentCache full:https://registry.npmjs.org/globalthis cache-miss
1770 http cache https://registry.npmjs.org/data-view-byte-length 68ms (cache hit)
1771 silly packumentCache full:https://registry.npmjs.org/data-view-byte-length set size:12269 disposed:false
1772 silly fetch manifest gopd@^1.2.0
1773 silly packumentCache full:https://registry.npmjs.org/gopd cache-miss
1774 http cache https://registry.npmjs.org/es-to-primitive 66ms (cache hit)
1775 silly packumentCache full:https://registry.npmjs.org/es-to-primitive set size:22465 disposed:false
1776 silly fetch manifest has-property-descriptors@^1.0.2
1777 silly packumentCache full:https://registry.npmjs.org/has-property-descriptors cache-hit
1778 silly fetch manifest has-proto@^1.2.0
1779 silly packumentCache full:https://registry.npmjs.org/has-proto cache-miss
1780 http cache https://registry.npmjs.org/data-view-byte-offset 76ms (cache hit)
1781 silly packumentCache full:https://registry.npmjs.org/data-view-byte-offset set size:9200 disposed:false
1782 silly fetch manifest has-symbols@^1.1.0
1783 silly packumentCache full:https://registry.npmjs.org/has-symbols cache-miss
1784 http cache https://registry.npmjs.org/function.prototype.name 52ms (cache hit)
1785 silly packumentCache full:https://registry.npmjs.org/function.prototype.name set size:44756 disposed:false
1786 silly fetch manifest internal-slot@^1.1.0
1787 silly packumentCache full:https://registry.npmjs.org/internal-slot cache-miss
1788 http cache https://registry.npmjs.org/get-proto 49ms (cache hit)
1789 silly packumentCache full:https://registry.npmjs.org/get-proto set size:8300 disposed:false
1790 silly fetch manifest is-array-buffer@^3.0.5
1791 silly packumentCache full:https://registry.npmjs.org/is-array-buffer cache-miss
1792 http cache https://registry.npmjs.org/get-symbol-description 49ms (cache hit)
1793 silly packumentCache full:https://registry.npmjs.org/get-symbol-description set size:15540 disposed:false
1794 silly fetch manifest is-callable@^1.2.7
1795 silly packumentCache full:https://registry.npmjs.org/is-callable cache-miss
1796 http cache https://registry.npmjs.org/globalthis 48ms (cache hit)
1797 silly packumentCache full:https://registry.npmjs.org/globalthis set size:22522 disposed:false
1798 silly fetch manifest is-data-view@^1.0.2
1799 silly packumentCache full:https://registry.npmjs.org/is-data-view cache-miss
1800 http cache https://registry.npmjs.org/has-proto 41ms (cache hit)
1801 silly packumentCache full:https://registry.npmjs.org/has-proto set size:21527 disposed:false
1802 silly fetch manifest is-negative-zero@^2.0.3
1803 silly packumentCache full:https://registry.npmjs.org/is-negative-zero cache-miss
1804 http cache https://registry.npmjs.org/gopd 54ms (cache hit)
1805 silly packumentCache full:https://registry.npmjs.org/gopd set size:11458 disposed:false
1806 silly fetch manifest is-regex@^1.2.1
1807 silly packumentCache full:https://registry.npmjs.org/is-regex cache-miss
1808 http cache https://registry.npmjs.org/has-symbols 50ms (cache hit)
1809 silly packumentCache full:https://registry.npmjs.org/has-symbols set size:21550 disposed:false
1810 silly fetch manifest is-set@^2.0.3
1811 silly packumentCache full:https://registry.npmjs.org/is-set cache-miss
1812 http cache https://registry.npmjs.org/internal-slot 52ms (cache hit)
1813 silly packumentCache full:https://registry.npmjs.org/internal-slot set size:30267 disposed:false
1814 silly fetch manifest is-shared-array-buffer@^1.0.4
1815 silly packumentCache full:https://registry.npmjs.org/is-shared-array-buffer cache-miss
1816 http cache https://registry.npmjs.org/is-array-buffer 54ms (cache hit)
1817 silly packumentCache full:https://registry.npmjs.org/is-array-buffer set size:33562 disposed:false
1818 silly fetch manifest is-typed-array@^1.1.15
1819 silly packumentCache full:https://registry.npmjs.org/is-typed-array cache-miss
1820 http cache https://registry.npmjs.org/is-callable 54ms (cache hit)
1821 silly packumentCache full:https://registry.npmjs.org/is-callable set size:66606 disposed:false
1822 silly fetch manifest is-weakref@^1.1.1
1823 silly packumentCache full:https://registry.npmjs.org/is-weakref cache-miss
1824 http cache https://registry.npmjs.org/is-data-view 53ms (cache hit)
1825 silly packumentCache full:https://registry.npmjs.org/is-data-view set size:13756 disposed:false
1826 silly fetch manifest object-inspect@^1.13.4
1827 silly packumentCache full:https://registry.npmjs.org/object-inspect cache-miss
1828 http cache https://registry.npmjs.org/is-negative-zero 52ms (cache hit)
1829 silly packumentCache full:https://registry.npmjs.org/is-negative-zero set size:22152 disposed:false
1830 silly fetch manifest object.assign@^4.1.7
1831 silly packumentCache full:https://registry.npmjs.org/object.assign cache-miss
1832 http cache https://registry.npmjs.org/is-regex 53ms (cache hit)
1833 silly packumentCache full:https://registry.npmjs.org/is-regex set size:42924 disposed:false
1834 silly fetch manifest own-keys@^1.0.1
1835 silly packumentCache full:https://registry.npmjs.org/own-keys cache-miss
1836 http cache https://registry.npmjs.org/is-set 59ms (cache hit)
1837 silly packumentCache full:https://registry.npmjs.org/is-set set size:16614 disposed:false
1838 silly fetch manifest regexp.prototype.flags@^1.5.4
1839 silly packumentCache full:https://registry.npmjs.org/regexp.prototype.flags cache-miss
1840 http cache https://registry.npmjs.org/is-shared-array-buffer 57ms (cache hit)
1841 silly packumentCache full:https://registry.npmjs.org/is-shared-array-buffer set size:19880 disposed:false
1842 silly fetch manifest safe-array-concat@^1.1.3
1843 silly packumentCache full:https://registry.npmjs.org/safe-array-concat cache-miss
1844 http cache https://registry.npmjs.org/is-typed-array 60ms (cache hit)
1845 silly packumentCache full:https://registry.npmjs.org/is-typed-array set size:79965 disposed:false
1846 silly fetch manifest safe-push-apply@^1.0.0
1847 silly packumentCache full:https://registry.npmjs.org/safe-push-apply cache-miss
1848 http cache https://registry.npmjs.org/is-weakref 65ms (cache hit)
1849 silly packumentCache full:https://registry.npmjs.org/is-weakref set size:18473 disposed:false
1850 silly fetch manifest safe-regex-test@^1.1.0
1851 silly packumentCache full:https://registry.npmjs.org/safe-regex-test cache-miss
1852 http cache https://registry.npmjs.org/object.assign 59ms (cache hit)
1853 silly packumentCache full:https://registry.npmjs.org/object.assign set size:85907 disposed:false
1854 silly fetch manifest set-proto@^1.0.0
1855 silly packumentCache full:https://registry.npmjs.org/set-proto cache-miss
1856 http cache https://registry.npmjs.org/object-inspect 69ms (cache hit)
1857 silly packumentCache full:https://registry.npmjs.org/object-inspect set size:101912 disposed:false
1858 silly fetch manifest stop-iteration-iterator@^1.1.0
1859 silly packumentCache full:https://registry.npmjs.org/stop-iteration-iterator cache-miss
1860 http cache https://registry.npmjs.org/own-keys 66ms (cache hit)
1861 silly packumentCache full:https://registry.npmjs.org/own-keys set size:8735 disposed:false
1862 silly fetch manifest string.prototype.trim@^1.2.10
1863 silly packumentCache full:https://registry.npmjs.org/string.prototype.trim cache-miss
1864 http cache https://registry.npmjs.org/regexp.prototype.flags 70ms (cache hit)
1865 silly packumentCache full:https://registry.npmjs.org/regexp.prototype.flags set size:60621 disposed:false
1866 silly fetch manifest string.prototype.trimstart@^1.0.8
1867 silly packumentCache full:https://registry.npmjs.org/string.prototype.trimstart cache-miss
1868 http cache https://registry.npmjs.org/safe-array-concat 84ms (cache hit)
1869 silly packumentCache full:https://registry.npmjs.org/safe-array-concat set size:25516 disposed:false
1870 silly fetch manifest typed-array-buffer@^1.0.3
1871 silly packumentCache full:https://registry.npmjs.org/typed-array-buffer cache-miss
1872 http cache https://registry.npmjs.org/safe-push-apply 74ms (cache hit)
1873 silly packumentCache full:https://registry.npmjs.org/safe-push-apply set size:5759 disposed:false
1874 silly fetch manifest typed-array-byte-length@^1.0.3
1875 silly packumentCache full:https://registry.npmjs.org/typed-array-byte-length cache-miss
1876 http cache https://registry.npmjs.org/safe-regex-test 73ms (cache hit)
1877 silly packumentCache full:https://registry.npmjs.org/safe-regex-test set size:17412 disposed:false
1878 silly fetch manifest typed-array-byte-offset@^1.0.4
1879 silly packumentCache full:https://registry.npmjs.org/typed-array-byte-offset cache-miss
1880 http cache https://registry.npmjs.org/set-proto 73ms (cache hit)
1881 silly packumentCache full:https://registry.npmjs.org/set-proto set size:5334 disposed:false
1882 silly fetch manifest typed-array-length@^1.0.7
1883 silly packumentCache full:https://registry.npmjs.org/typed-array-length cache-miss
1884 http cache https://registry.npmjs.org/stop-iteration-iterator 70ms (cache hit)
1885 silly packumentCache full:https://registry.npmjs.org/stop-iteration-iterator set size:9160 disposed:false
1886 silly fetch manifest unbox-primitive@^1.1.0
1887 silly packumentCache full:https://registry.npmjs.org/unbox-primitive cache-miss
1888 http cache https://registry.npmjs.org/string.prototype.trim 74ms (cache hit)
1889 silly packumentCache full:https://registry.npmjs.org/string.prototype.trim set size:54116 disposed:false
1890 silly fetch manifest which-typed-array@^1.1.19
1891 silly packumentCache full:https://registry.npmjs.org/which-typed-array cache-miss
1892 http cache https://registry.npmjs.org/string.prototype.trimstart 71ms (cache hit)
1893 silly packumentCache full:https://registry.npmjs.org/string.prototype.trimstart set size:38291 disposed:false
1894 silly fetch manifest has-tostringtag@^1.0.2
1895 silly packumentCache full:https://registry.npmjs.org/has-tostringtag cache-miss
1896 http cache https://registry.npmjs.org/typed-array-buffer 73ms (cache hit)
1897 silly packumentCache full:https://registry.npmjs.org/typed-array-buffer set size:14045 disposed:false
1898 http cache https://registry.npmjs.org/typed-array-byte-length 75ms (cache hit)
1899 silly packumentCache full:https://registry.npmjs.org/typed-array-byte-length set size:18382 disposed:false
1900 http cache https://registry.npmjs.org/typed-array-byte-offset 72ms (cache hit)
1901 silly packumentCache full:https://registry.npmjs.org/typed-array-byte-offset set size:21714 disposed:false
1902 http cache https://registry.npmjs.org/typed-array-length 72ms (cache hit)
1903 silly packumentCache full:https://registry.npmjs.org/typed-array-length set size:32113 disposed:false
1904 http cache https://registry.npmjs.org/unbox-primitive 72ms (cache hit)
1905 silly packumentCache full:https://registry.npmjs.org/unbox-primitive set size:15669 disposed:false
1906 http cache https://registry.npmjs.org/which-typed-array 70ms (cache hit)
1907 silly packumentCache full:https://registry.npmjs.org/which-typed-array set size:93605 disposed:false
1908 http cache https://registry.npmjs.org/has-tostringtag 63ms (cache hit)
1909 silly packumentCache full:https://registry.npmjs.org/has-tostringtag set size:13945 disposed:false
1910 silly placeDep ROOT es-errors@1.3.0 OK for: array.prototype.findlastindex@1.2.6 want: ^1.3.0
1911 silly placeDep ROOT es-shim-unscopables@1.1.0 OK for: array.prototype.findlastindex@1.2.6 want: ^1.1.0
1912 silly placeDep ROOT call-bind-apply-helpers@1.0.2 OK for: call-bind@1.0.9 want: ^1.0.2
1913 silly placeDep ROOT es-define-property@1.0.1 OK for: call-bind@1.0.9 want: ^1.0.1
1914 silly placeDep ROOT set-function-length@1.2.2 OK for: call-bind@1.0.9 want: ^1.2.2
1915 silly fetch manifest define-data-property@^1.1.4
1916 silly packumentCache full:https://registry.npmjs.org/define-data-property cache-hit
1917 silly fetch manifest gopd@^1.0.1
1918 silly packumentCache full:https://registry.npmjs.org/gopd cache-hit
1919 silly placeDep ROOT function-bind@1.1.2 OK for: call-bind-apply-helpers@1.0.2 want: ^1.1.2
1920 silly placeDep ROOT define-data-property@1.1.4 OK for: define-properties@1.2.1 want: ^1.0.1
1921 silly placeDep ROOT has-property-descriptors@1.0.2 OK for: define-properties@1.2.1 want: ^1.0.0
1922 silly placeDep ROOT object-keys@1.1.1 OK for: define-properties@1.2.1 want: ^1.1.1
1923 silly placeDep ROOT gopd@1.2.0 OK for: define-data-property@1.1.4 want: ^1.0.1
1924 silly placeDep ROOT array-buffer-byte-length@1.0.2 OK for: es-abstract@1.24.2 want: ^1.0.2
1925 silly placeDep ROOT arraybuffer.prototype.slice@1.0.4 OK for: es-abstract@1.24.2 want: ^1.0.4
1926 silly placeDep ROOT available-typed-arrays@1.0.7 OK for: es-abstract@1.24.2 want: ^1.0.7
1927 silly placeDep ROOT data-view-buffer@1.0.2 OK for: es-abstract@1.24.2 want: ^1.0.2
1928 silly placeDep ROOT data-view-byte-length@1.0.2 OK for: es-abstract@1.24.2 want: ^1.0.2
1929 silly placeDep ROOT data-view-byte-offset@1.0.1 OK for: es-abstract@1.24.2 want: ^1.0.1
1930 silly placeDep ROOT es-set-tostringtag@2.1.0 OK for: es-abstract@1.24.2 want: ^2.1.0
1931 silly placeDep ROOT es-to-primitive@1.3.0 OK for: es-abstract@1.24.2 want: ^1.3.0
1932 silly placeDep ROOT function.prototype.name@1.1.8 OK for: es-abstract@1.24.2 want: ^1.1.8
1933 silly placeDep ROOT get-proto@1.0.1 OK for: es-abstract@1.24.2 want: ^1.0.1
1934 silly placeDep ROOT get-symbol-description@1.1.0 OK for: es-abstract@1.24.2 want: ^1.1.0
1935 silly placeDep ROOT globalthis@1.0.4 OK for: es-abstract@1.24.2 want: ^1.0.4
1936 silly placeDep ROOT has-proto@1.2.0 OK for: es-abstract@1.24.2 want: ^1.2.0
1937 silly placeDep ROOT has-symbols@1.1.0 OK for: es-abstract@1.24.2 want: ^1.1.0
1938 silly placeDep ROOT internal-slot@1.1.0 OK for: es-abstract@1.24.2 want: ^1.1.0
1939 silly placeDep ROOT is-array-buffer@3.0.5 OK for: es-abstract@1.24.2 want: ^3.0.5
1940 silly placeDep ROOT is-callable@1.2.7 OK for: es-abstract@1.24.2 want: ^1.2.7
1941 silly placeDep ROOT is-data-view@1.0.2 OK for: es-abstract@1.24.2 want: ^1.0.2
1942 silly placeDep ROOT is-negative-zero@2.0.3 OK for: es-abstract@1.24.2 want: ^2.0.3
1943 silly placeDep ROOT is-regex@1.2.1 OK for: es-abstract@1.24.2 want: ^1.2.1
1944 silly placeDep ROOT is-set@2.0.3 OK for: es-abstract@1.24.2 want: ^2.0.3
1945 silly placeDep ROOT is-shared-array-buffer@1.0.4 OK for: es-abstract@1.24.2 want: ^1.0.4
1946 silly placeDep ROOT is-typed-array@1.1.15 OK for: es-abstract@1.24.2 want: ^1.1.15
1947 silly placeDep ROOT is-weakref@1.1.1 OK for: es-abstract@1.24.2 want: ^1.1.1
1948 silly placeDep ROOT object-inspect@1.13.4 OK for: es-abstract@1.24.2 want: ^1.13.4
1949 silly placeDep ROOT object.assign@4.1.7 OK for: es-abstract@1.24.2 want: ^4.1.7
1950 silly placeDep ROOT own-keys@1.0.1 OK for: es-abstract@1.24.2 want: ^1.0.1
1951 silly placeDep ROOT regexp.prototype.flags@1.5.4 OK for: es-abstract@1.24.2 want: ^1.5.4
1952 silly placeDep ROOT safe-array-concat@1.1.4 OK for: es-abstract@1.24.2 want: ^1.1.3
1953 silly placeDep ROOT safe-push-apply@1.0.0 OK for: es-abstract@1.24.2 want: ^1.0.0
1954 silly placeDep ROOT safe-regex-test@1.1.0 OK for: es-abstract@1.24.2 want: ^1.1.0
1955 silly placeDep ROOT set-proto@1.0.0 OK for: es-abstract@1.24.2 want: ^1.0.0
1956 silly placeDep ROOT stop-iteration-iterator@1.1.0 OK for: es-abstract@1.24.2 want: ^1.1.0
1957 silly placeDep ROOT string.prototype.trim@1.2.10 OK for: es-abstract@1.24.2 want: ^1.2.10
1958 silly placeDep ROOT string.prototype.trimstart@1.0.8 OK for: es-abstract@1.24.2 want: ^1.0.8
1959 silly placeDep ROOT typed-array-buffer@1.0.3 OK for: es-abstract@1.24.2 want: ^1.0.3
1960 silly placeDep ROOT typed-array-byte-length@1.0.3 OK for: es-abstract@1.24.2 want: ^1.0.3
1961 silly placeDep ROOT typed-array-byte-offset@1.0.4 OK for: es-abstract@1.24.2 want: ^1.0.4
1962 silly placeDep ROOT typed-array-length@1.0.7 OK for: es-abstract@1.24.2 want: ^1.0.7
1963 silly placeDep ROOT unbox-primitive@1.1.0 OK for: es-abstract@1.24.2 want: ^1.1.0
1964 silly placeDep ROOT which-typed-array@1.1.20 OK for: es-abstract@1.24.2 want: ^1.1.19
1965 silly fetch manifest is-array-buffer@^3.0.4
1966 silly packumentCache full:https://registry.npmjs.org/is-array-buffer cache-hit
1967 silly fetch manifest possible-typed-array-names@^1.0.0
1968 silly packumentCache full:https://registry.npmjs.org/possible-typed-array-names cache-miss
1969 silly fetch manifest is-data-view@^1.0.1
1970 silly packumentCache full:https://registry.npmjs.org/is-data-view cache-hit
1971 silly fetch manifest is-date-object@^1.0.5
1972 silly packumentCache full:https://registry.npmjs.org/is-date-object cache-miss
1973 silly fetch manifest is-symbol@^1.0.4
1974 silly packumentCache full:https://registry.npmjs.org/is-symbol cache-miss
1975 silly fetch manifest functions-have-names@^1.2.3
1976 silly packumentCache full:https://registry.npmjs.org/functions-have-names cache-miss
1977 silly fetch manifest dunder-proto@^1.0.1
1978 silly packumentCache full:https://registry.npmjs.org/dunder-proto cache-miss
1979 silly fetch manifest dunder-proto@^1.0.0
1980 silly packumentCache full:https://registry.npmjs.org/dunder-proto cache-miss
1981 silly fetch manifest side-channel@^1.1.0
1982 silly packumentCache full:https://registry.npmjs.org/side-channel cache-miss
1983 http cache https://registry.npmjs.org/is-date-object 39ms (cache hit)
1984 silly packumentCache full:https://registry.npmjs.org/is-date-object set size:25050 disposed:false
1985 silly fetch manifest is-typed-array@^1.1.13
1986 silly packumentCache full:https://registry.npmjs.org/is-typed-array cache-hit
1987 silly fetch manifest which-typed-array@^1.1.16
1988 silly packumentCache full:https://registry.npmjs.org/which-typed-array cache-hit
1989 silly fetch manifest set-function-name@^2.0.2
1990 silly packumentCache full:https://registry.npmjs.org/set-function-name cache-miss
1991 http cache https://registry.npmjs.org/is-symbol 48ms (cache hit)
1992 silly packumentCache full:https://registry.npmjs.org/is-symbol set size:22675 disposed:false
1993 silly fetch manifest isarray@^2.0.5
1994 silly packumentCache full:https://registry.npmjs.org/isarray cache-miss
1995 http cache https://registry.npmjs.org/possible-typed-array-names 58ms (cache hit)
1996 silly packumentCache full:https://registry.npmjs.org/possible-typed-array-names set size:9167 disposed:false
1997 silly fetch manifest isarray@^2.0.5
1998 silly packumentCache full:https://registry.npmjs.org/isarray cache-miss
1999 http cache https://registry.npmjs.org/dunder-proto 51ms (cache hit)
2000 silly packumentCache full:https://registry.npmjs.org/dunder-proto set size:8256 disposed:false
2001 silly fetch manifest for-each@^0.3.3
2002 silly packumentCache full:https://registry.npmjs.org/for-each cache-miss
2003 http cache https://registry.npmjs.org/functions-have-names 60ms (cache hit)
2004 silly packumentCache full:https://registry.npmjs.org/functions-have-names set size:24196 disposed:false
2005 silly fetch manifest for-each@^0.3.3
2006 silly packumentCache full:https://registry.npmjs.org/for-each cache-miss
2007 http cache https://registry.npmjs.org/dunder-proto 59ms (cache hit)
2008 silly packumentCache full:https://registry.npmjs.org/dunder-proto set size:8256 disposed:false
2009 silly packumentCache full:https://registry.npmjs.org/dunder-proto dispose
2010 silly fetch manifest reflect.getprototypeof@^1.0.9
2011 silly packumentCache full:https://registry.npmjs.org/reflect.getprototypeof cache-miss
2012 http cache https://registry.npmjs.org/side-channel 61ms (cache hit)
2013 silly packumentCache full:https://registry.npmjs.org/side-channel set size:24660 disposed:false
2014 silly fetch manifest for-each@^0.3.3
2015 silly packumentCache full:https://registry.npmjs.org/for-each cache-miss
2016 http cache https://registry.npmjs.org/set-function-name 54ms (cache hit)
2017 silly packumentCache full:https://registry.npmjs.org/set-function-name set size:13766 disposed:false
2018 silly fetch manifest reflect.getprototypeof@^1.0.6
2019 silly packumentCache full:https://registry.npmjs.org/reflect.getprototypeof cache-miss
2020 http cache https://registry.npmjs.org/isarray 53ms (cache hit)
2021 silly packumentCache full:https://registry.npmjs.org/isarray set size:17392 disposed:false
2022 silly fetch manifest has-bigints@^1.0.2
2023 silly packumentCache full:https://registry.npmjs.org/has-bigints cache-miss
2024 http cache https://registry.npmjs.org/isarray 54ms (cache hit)
2025 silly packumentCache full:https://registry.npmjs.org/isarray set size:17392 disposed:false
2026 silly packumentCache full:https://registry.npmjs.org/isarray dispose
2027 silly fetch manifest which-boxed-primitive@^1.1.1
2028 silly packumentCache full:https://registry.npmjs.org/which-boxed-primitive cache-miss
2029 http cache https://registry.npmjs.org/for-each 50ms (cache hit)
2030 silly packumentCache full:https://registry.npmjs.org/for-each set size:14327 disposed:false
2031 silly fetch manifest for-each@^0.3.5
2032 silly packumentCache full:https://registry.npmjs.org/for-each cache-hit
2033 http cache https://registry.npmjs.org/for-each 49ms (cache hit)
2034 silly packumentCache full:https://registry.npmjs.org/for-each set size:14327 disposed:false
2035 silly packumentCache full:https://registry.npmjs.org/for-each dispose
2036 http cache https://registry.npmjs.org/reflect.getprototypeof 55ms (cache hit)
2037 silly packumentCache full:https://registry.npmjs.org/reflect.getprototypeof set size:44083 disposed:false
2038 http cache https://registry.npmjs.org/for-each 69ms (cache hit)
2039 silly packumentCache full:https://registry.npmjs.org/for-each set size:14327 disposed:true
2040 silly packumentCache full:https://registry.npmjs.org/for-each dispose
2041 http cache https://registry.npmjs.org/has-bigints 49ms (cache hit)
2042 silly packumentCache full:https://registry.npmjs.org/has-bigints set size:14176 disposed:false
2043 http cache https://registry.npmjs.org/which-boxed-primitive 45ms (cache hit)
2044 silly packumentCache full:https://registry.npmjs.org/which-boxed-primitive set size:19407 disposed:false
2045 http cache https://registry.npmjs.org/reflect.getprototypeof 58ms (cache hit)
2046 silly packumentCache full:https://registry.npmjs.org/reflect.getprototypeof set size:44083 disposed:false
2047 silly packumentCache full:https://registry.npmjs.org/reflect.getprototypeof dispose
2048 silly placeDep ROOT possible-typed-array-names@1.1.0 OK for: available-typed-arrays@1.0.7 want: ^1.0.0
2049 silly placeDep ROOT has-tostringtag@1.0.2 OK for: es-set-tostringtag@2.1.0 want: ^1.0.2
2050 silly placeDep ROOT is-date-object@1.1.0 OK for: es-to-primitive@1.3.0 want: ^1.0.5
2051 silly placeDep ROOT is-symbol@1.1.1 OK for: es-to-primitive@1.3.0 want: ^1.0.4
2052 silly placeDep node_modules/eslint-import-resolver-node debug@3.2.7 OK for: eslint-import-resolver-node@0.3.10 want: ^3.2.7
2053 silly placeDep ROOT resolve@2.0.0-next.6 OK for: eslint-import-resolver-node@0.3.10 want: ^2.0.0-next.6
2054 silly fetch manifest path-parse@^1.0.7
2055 silly packumentCache full:https://registry.npmjs.org/path-parse cache-miss
2056 silly fetch manifest node-exports-info@^1.6.0
2057 silly packumentCache full:https://registry.npmjs.org/node-exports-info cache-miss
2058 silly fetch manifest supports-preserve-symlinks-flag@^1.0.0
2059 silly packumentCache full:https://registry.npmjs.org/supports-preserve-symlinks-flag cache-miss
2060 http cache https://registry.npmjs.org/supports-preserve-symlinks-flag 23ms (cache hit)
2061 silly packumentCache full:https://registry.npmjs.org/supports-preserve-symlinks-flag set size:6802 disposed:false
2062 http cache https://registry.npmjs.org/path-parse 27ms (cache hit)
2063 silly packumentCache full:https://registry.npmjs.org/path-parse set size:14523 disposed:false
2064 http cache https://registry.npmjs.org/node-exports-info 29ms (cache hit)
2065 silly packumentCache full:https://registry.npmjs.org/node-exports-info set size:58723 disposed:false
2066 silly placeDep node_modules/eslint-module-utils debug@3.2.7 OK for: eslint-module-utils@2.12.1 want: ^3.2.7
2067 silly placeDep ROOT array.prototype.findlast@1.2.5 OK for: eslint-plugin-react@7.37.5 want: ^1.2.5
2068 silly placeDep ROOT array.prototype.tosorted@1.1.4 OK for: eslint-plugin-react@7.37.5 want: ^1.1.4
2069 silly placeDep ROOT es-iterator-helpers@1.3.2 OK for: eslint-plugin-react@7.37.5 want: ^1.2.1
2070 silly placeDep ROOT estraverse@5.3.0 OK for: eslint-plugin-react@7.37.5 want: ^5.3.0
2071 silly placeDep ROOT jsx-ast-utils@3.3.5 OK for: eslint-plugin-react@7.37.5 want: ^2.4.1 || ^3.0.0
2072 silly placeDep ROOT object.entries@1.1.9 OK for: eslint-plugin-react@7.37.5 want: ^1.1.9
2073 silly placeDep ROOT prop-types@15.8.1 OK for: eslint-plugin-react@7.37.5 want: ^15.8.1
2074 silly placeDep ROOT string.prototype.matchall@4.0.12 OK for: eslint-plugin-react@7.37.5 want: ^4.0.12
2075 silly placeDep ROOT string.prototype.repeat@1.0.0 OK for: eslint-plugin-react@7.37.5 want: ^1.0.0
2076 silly fetch manifest iterator.prototype@^1.1.5
2077 silly packumentCache full:https://registry.npmjs.org/iterator.prototype cache-miss
2078 silly fetch manifest loose-envify@^1.4.0
2079 silly packumentCache full:https://registry.npmjs.org/loose-envify cache-miss
2080 silly fetch manifest object-assign@^4.1.1
2081 silly packumentCache full:https://registry.npmjs.org/object-assign cache-miss
2082 silly fetch manifest react-is@^16.13.1
2083 silly packumentCache full:https://registry.npmjs.org/react-is cache-miss
2084 http cache https://registry.npmjs.org/loose-envify 28ms (cache hit)
2085 silly packumentCache full:https://registry.npmjs.org/loose-envify set size:12559 disposed:false
2086 http cache https://registry.npmjs.org/iterator.prototype 31ms (cache hit)
2087 silly packumentCache full:https://registry.npmjs.org/iterator.prototype set size:26870 disposed:false
2088 http cache https://registry.npmjs.org/react-is 50ms (cache hit)
2089 silly packumentCache full:https://registry.npmjs.org/react-is set size:5361572 disposed:false
2090 http cache https://registry.npmjs.org/object-assign 147ms (cache hit)
2091 silly packumentCache full:https://registry.npmjs.org/object-assign set size:28988 disposed:false
2092 silly placeDep ROOT iterator.prototype@1.1.5 OK for: es-iterator-helpers@1.3.2 want: ^1.1.5
2093 silly placeDep ROOT esrecurse@4.3.0 OK for: eslint-scope@8.4.0 want: ^4.3.0
2094 silly placeDep ROOT acorn@8.16.0 OK for: espree@10.4.0 want: ^8.15.0
2095 silly placeDep ROOT acorn-jsx@5.3.2 OK for: espree@10.4.0 want: ^5.3.2
2096 silly fetch manifest expo@*
2097 silly packumentCache full:https://registry.npmjs.org/expo cache-miss
2098 http cache https://registry.npmjs.org/expo 21ms (cache hit)
2099 silly packumentCache full:https://registry.npmjs.org/expo set size:3651946 disposed:false
2100 silly fetch manifest react@*
2101 silly packumentCache full:https://registry.npmjs.org/react cache-miss
2102 http cache https://registry.npmjs.org/react 69ms (cache hit)
2103 silly packumentCache full:https://registry.npmjs.org/react set size:6625721 disposed:false
2104 silly fetch manifest react-native@*
2105 silly packumentCache full:https://registry.npmjs.org/react-native cache-miss
2106 http cache https://registry.npmjs.org/react-native 83ms (cache hit)
2107 silly packumentCache full:https://registry.npmjs.org/react-native set size:15187693 disposed:false
2108 silly fetch manifest @react-native/jest-preset@0.85.2
2109 silly packumentCache full:https://registry.npmjs.org/@react-native%2fjest-preset cache-miss
2110 http cache https://registry.npmjs.org/@react-native%2fjest-preset 14ms (cache hit)
2111 silly packumentCache full:https://registry.npmjs.org/@react-native%2fjest-preset set size:134309 disposed:false
2112 silly fetch manifest @types/react@^19.1.1
2113 silly packumentCache full:https://registry.npmjs.org/@types%2freact cache-miss
2114 http cache https://registry.npmjs.org/@types%2freact 41ms (cache hit)
2115 silly packumentCache full:https://registry.npmjs.org/@types%2freact set size:2588964 disposed:false
2116 silly fetch manifest react-dom@*
2117 silly packumentCache full:https://registry.npmjs.org/react-dom cache-miss
2118 http cache https://registry.npmjs.org/react-dom 55ms (cache hit)
2119 silly packumentCache full:https://registry.npmjs.org/react-dom set size:8826021 disposed:false
2120 silly fetch manifest expo-router@*
2121 silly packumentCache full:https://registry.npmjs.org/expo-router cache-miss
2122 http cache https://registry.npmjs.org/expo-router 102ms (cache hit)
2123 silly packumentCache full:https://registry.npmjs.org/expo-router set size:1694993 disposed:false
2124 silly fetch manifest @expo/log-box@55.0.11
2125 silly packumentCache full:https://registry.npmjs.org/@expo%2flog-box cache-miss
2126 http cache https://registry.npmjs.org/@expo%2flog-box 81ms (cache hit)
2127 silly packumentCache full:https://registry.npmjs.org/@expo%2flog-box set size:158531 disposed:false
2128 silly fetch manifest @react-navigation/drawer@^7.9.4
2129 silly packumentCache full:https://registry.npmjs.org/@react-navigation%2fdrawer cache-miss
2130 http cache https://registry.npmjs.org/@react-navigation%2fdrawer 31ms (cache hit)
2131 silly packumentCache full:https://registry.npmjs.org/@react-navigation%2fdrawer set size:1225444 disposed:false
2132 silly fetch manifest @react-navigation/native@^7.2.2
2133 silly packumentCache full:https://registry.npmjs.org/@react-navigation%2fnative cache-miss
2134 http cache https://registry.npmjs.org/@react-navigation%2fnative 16ms (cache hit)
2135 silly packumentCache full:https://registry.npmjs.org/@react-navigation%2fnative set size:1077320 disposed:false
2136 silly fetch manifest react-native-gesture-handler@>= 2.0.0
2137 silly packumentCache full:https://registry.npmjs.org/react-native-gesture-handler cache-hit
2138 silly fetch manifest react-native-reanimated@>= 2.0.0
2139 silly packumentCache full:https://registry.npmjs.org/react-native-reanimated cache-miss
2140 http cache https://registry.npmjs.org/react-native-reanimated 47ms (cache hit)
2141 silly packumentCache full:https://registry.npmjs.org/react-native-reanimated set size:10666794 disposed:false
2142 silly fetch manifest react-native-worklets@0.8.x
2143 silly packumentCache full:https://registry.npmjs.org/react-native-worklets cache-miss
2144 http cache https://registry.npmjs.org/react-native-worklets 20ms (cache hit)
2145 silly packumentCache full:https://registry.npmjs.org/react-native-worklets set size:2503720 disposed:false
2146 silly fetch manifest @babel/core@*
2147 silly packumentCache full:https://registry.npmjs.org/@babel%2fcore cache-hit
2148 silly fetch manifest @react-native/metro-config@*
2149 silly packumentCache full:https://registry.npmjs.org/@react-native%2fmetro-config cache-miss
2150 http cache https://registry.npmjs.org/@react-native%2fmetro-config 23ms (cache hit)
2151 silly packumentCache full:https://registry.npmjs.org/@react-native%2fmetro-config set size:2141375 disposed:false
2152 silly fetch manifest react-native-safe-area-context@>= 4.0.0
2153 silly packumentCache full:https://registry.npmjs.org/react-native-safe-area-context cache-hit
2154 silly fetch manifest react-native-screens@>= 4.0.0
2155 silly packumentCache full:https://registry.npmjs.org/react-native-screens cache-miss
2156 http cache https://registry.npmjs.org/react-native-screens 27ms (cache hit)
2157 silly packumentCache full:https://registry.npmjs.org/react-native-screens set size:3795426 disposed:false
2158 silly fetch manifest @testing-library/react-native@>= 13.2.0
2159 silly packumentCache full:https://registry.npmjs.org/@testing-library%2freact-native cache-miss
2160 http cache https://registry.npmjs.org/@testing-library%2freact-native 18ms (cache hit)
2161 silly packumentCache full:https://registry.npmjs.org/@testing-library%2freact-native set size:585716 disposed:false
2162 silly fetch manifest jest@>=29.0.0
2163 silly packumentCache full:https://registry.npmjs.org/jest cache-miss
2164 http cache https://registry.npmjs.org/jest 16ms (cache hit)
2165 silly packumentCache full:https://registry.npmjs.org/jest set size:855903 disposed:false
2166 silly fetch manifest node-notifier@^8.0.1 || ^9.0.0 || ^10.0.0
2167 silly packumentCache full:https://registry.npmjs.org/node-notifier cache-miss
2168 http cache https://registry.npmjs.org/node-notifier 18ms (cache hit)
2169 silly packumentCache full:https://registry.npmjs.org/node-notifier set size:171533 disposed:false
2170 silly fetch manifest react-test-renderer@>=18.2.0
2171 silly packumentCache full:https://registry.npmjs.org/react-test-renderer cache-miss
2172 http cache https://registry.npmjs.org/react-test-renderer 44ms (cache hit)
2173 silly packumentCache full:https://registry.npmjs.org/react-test-renderer set size:6353171 disposed:false
2174 silly fetch manifest expo-constants@^55.0.15
2175 silly packumentCache full:https://registry.npmjs.org/expo-constants cache-hit
2176 silly fetch manifest expo-linking@^55.0.14
2177 silly packumentCache full:https://registry.npmjs.org/expo-linking cache-hit
2178 silly fetch manifest react-native-web@*
2179 silly packumentCache full:https://registry.npmjs.org/react-native-web cache-miss
2180 http cache https://registry.npmjs.org/react-native-web 13ms (cache hit)
2181 silly packumentCache full:https://registry.npmjs.org/react-native-web set size:1090363 disposed:false
2182 silly fetch manifest react-server-dom-webpack@~19.0.4 || ~19.1.5 || ~19.2.4
2183 silly packumentCache full:https://registry.npmjs.org/react-server-dom-webpack cache-miss
2184 http cache https://registry.npmjs.org/react-server-dom-webpack 58ms (cache hit)
2185 silly packumentCache full:https://registry.npmjs.org/react-server-dom-webpack set size:7157389 disposed:false
2186 silly fetch manifest webpack@^5.59.0
2187 silly packumentCache full:https://registry.npmjs.org/webpack cache-miss
2188 http cache https://registry.npmjs.org/webpack 37ms (cache hit)
2189 silly packumentCache full:https://registry.npmjs.org/webpack set size:5004069 disposed:false
2190 silly placeDep ROOT @babel/runtime@7.29.2 OK for: expo@54.0.33 want: ^7.20.0
2191 silly placeDep node_modules/expo @expo/cli@54.0.23 CONFLICT for: expo@54.0.33 want: 54.0.23
2192 silly placeDep ROOT @expo/config@12.0.13 OK for: expo@54.0.33 want: ~12.0.13
2193 silly placeDep ROOT @expo/config-plugins@54.0.4 OK for: expo@54.0.33 want: ~54.0.4
2194 silly placeDep ROOT @expo/devtools@0.1.8 OK for: expo@54.0.33 want: 0.1.8
2195 silly placeDep ROOT @expo/fingerprint@0.15.4 OK for: expo@54.0.33 want: 0.15.4
2196 silly placeDep ROOT @expo/metro@54.2.0 OK for: expo@54.0.33 want: ~54.2.0
2197 silly placeDep ROOT @expo/metro-config@54.0.14 OK for: expo@54.0.33 want: 54.0.14
2198 silly placeDep ROOT @ungap/structured-clone@1.3.0 OK for: expo@54.0.33 want: ^1.3.0
2199 silly placeDep ROOT babel-preset-expo@54.0.10 OK for: expo@54.0.33 want: ~54.0.10
2200 silly placeDep ROOT react-refresh@0.14.2 OK for: babel-preset-expo@54.0.10 want: >=0.14.0 <1.0.0
2201 silly placeDep ROOT expo-asset@12.0.12 OK for: expo@54.0.33 want: ~12.0.12
2202 silly placeDep ROOT expo-file-system@19.0.21 OK for: expo@54.0.33 want: ~19.0.21
2203 silly placeDep ROOT expo-keep-awake@15.0.8 OK for: expo@54.0.33 want: ~15.0.8
2204 silly placeDep ROOT expo-modules-autolinking@3.0.24 OK for: expo@54.0.33 want: 3.0.24
2205 silly placeDep ROOT expo-modules-core@3.0.29 OK for: expo@54.0.33 want: 3.0.29
2206 silly placeDep ROOT pretty-format@29.7.0 OK for: expo@54.0.33 want: ^29.7.0
2207 silly placeDep ROOT whatwg-url-without-unicode@8.0.0-3 OK for: expo@54.0.33 want: 8.0.0-3
2208 silly fetch manifest ws@^8.12.1
2209 silly packumentCache full:https://registry.npmjs.org/ws cache-hit
2210 silly fetch manifest arg@^5.0.2
2211 silly packumentCache full:https://registry.npmjs.org/arg cache-miss
2212 silly fetch manifest ora@^3.4.0
2213 silly packumentCache full:https://registry.npmjs.org/ora cache-miss
2214 silly fetch manifest tar@^7.5.2
2215 silly packumentCache full:https://registry.npmjs.org/tar cache-miss
2216 silly fetch manifest glob@^13.0.0
2217 silly packumentCache full:https://registry.npmjs.org/glob cache-hit
2218 silly fetch manifest send@^0.19.0
2219 silly packumentCache full:https://registry.npmjs.org/send cache-miss
2220 silly fetch manifest getenv@^2.0.0
2221 silly packumentCache full:https://registry.npmjs.org/getenv cache-miss
2222 silly fetch manifest semver@^7.6.0
2223 silly packumentCache full:https://registry.npmjs.org/semver cache-hit
2224 silly fetch manifest undici@^6.18.2
2225 silly packumentCache full:https://registry.npmjs.org/undici cache-miss
2226 silly fetch manifest accepts@^1.3.8
2227 silly packumentCache full:https://registry.npmjs.org/accepts cache-miss
2228 http cache https://registry.npmjs.org/ora 37ms (cache hit)
2229 silly packumentCache full:https://registry.npmjs.org/ora set size:144913 disposed:false
2230 silly fetch manifest ci-info@^3.3.0
2231 silly packumentCache full:https://registry.npmjs.org/ci-info cache-miss
2232 http cache https://registry.npmjs.org/getenv 39ms (cache hit)
2233 silly packumentCache full:https://registry.npmjs.org/getenv set size:20110 disposed:false
2234 silly fetch manifest connect@^3.7.0
2235 silly packumentCache full:https://registry.npmjs.org/connect cache-miss
2236 http cache https://registry.npmjs.org/tar 46ms (cache hit)
2237 silly packumentCache full:https://registry.npmjs.org/tar set size:531438 disposed:false
2238 silly fetch manifest prompts@^2.3.2
2239 silly packumentCache full:https://registry.npmjs.org/prompts cache-miss
2240 http cache https://registry.npmjs.org/arg 58ms (cache hit)
2241 silly packumentCache full:https://registry.npmjs.org/arg set size:67036 disposed:false
2242 silly fetch manifest resolve@^1.22.2
2243 silly packumentCache full:https://registry.npmjs.org/resolve cache-hit
2244 silly fetch manifest slugify@^1.3.4
2245 silly packumentCache full:https://registry.npmjs.org/slugify cache-miss
2246 http cache https://registry.npmjs.org/send 58ms (cache hit)
2247 silly packumentCache full:https://registry.npmjs.org/send set size:152810 disposed:false
2248 silly fetch manifest progress@^2.0.3
2249 silly packumentCache full:https://registry.npmjs.org/progress cache-miss
2250 http cache https://registry.npmjs.org/accepts 57ms (cache hit)
2251 silly packumentCache full:https://registry.npmjs.org/accepts set size:77054 disposed:false
2252 silly fetch manifest requireg@^0.2.2
2253 silly packumentCache full:https://registry.npmjs.org/requireg cache-miss
2254 http cache https://registry.npmjs.org/undici 66ms (cache hit)
2255 silly packumentCache full:https://registry.npmjs.org/undici set size:1370112 disposed:false
2256 silly fetch manifest minimatch@^9.0.0
2257 silly packumentCache full:https://registry.npmjs.org/minimatch cache-hit
2258 silly fetch manifest picomatch@^3.0.1
2259 silly packumentCache full:https://registry.npmjs.org/picomatch cache-hit
2260 silly fetch manifest wrap-ansi@^7.0.0
2261 silly packumentCache full:https://registry.npmjs.org/wrap-ansi cache-miss
2262 http cache https://registry.npmjs.org/ci-info 88ms (cache hit)
2263 silly packumentCache full:https://registry.npmjs.org/ci-info set size:91363 disposed:false
2264 silly fetch manifest @urql/core@^5.0.6
2265 silly packumentCache full:https://registry.npmjs.org/@urql%2fcore cache-miss
2266 http cache https://registry.npmjs.org/requireg 67ms (cache hit)
2267 silly packumentCache full:https://registry.npmjs.org/requireg set size:25788 disposed:false
2268 silly fetch manifest better-opn@~3.0.2
2269 silly packumentCache full:https://registry.npmjs.org/better-opn cache-miss
2270 http cache https://registry.npmjs.org/connect 99ms (cache hit)
2271 silly packumentCache full:https://registry.npmjs.org/connect set size:438385 disposed:false
2272 silly fetch manifest env-editor@^0.4.1
2273 silly packumentCache full:https://registry.npmjs.org/env-editor cache-miss
2274 http cache https://registry.npmjs.org/prompts 100ms (cache hit)
2275 silly packumentCache full:https://registry.npmjs.org/prompts set size:115896 disposed:false
2276 silly fetch manifest node-forge@^1.3.3
2277 silly packumentCache full:https://registry.npmjs.org/node-forge cache-miss
2278 http cache https://registry.npmjs.org/progress 94ms (cache hit)
2279 silly packumentCache full:https://registry.npmjs.org/progress set size:34179 disposed:false
2280 silly fetch manifest @expo/plist@^0.4.8
2281 silly packumentCache full:https://registry.npmjs.org/@expo%2fplist cache-miss
2282 http cache https://registry.npmjs.org/slugify 107ms (cache hit)
2283 silly packumentCache full:https://registry.npmjs.org/slugify set size:103522 disposed:false
2284 silly fetch manifest compression@^1.7.4
2285 silly packumentCache full:https://registry.npmjs.org/compression cache-miss
2286 http cache https://registry.npmjs.org/wrap-ansi 81ms (cache hit)
2287 silly packumentCache full:https://registry.npmjs.org/wrap-ansi set size:55299 disposed:false
2288 silly fetch manifest expo-server@^1.0.5
2289 silly packumentCache full:https://registry.npmjs.org/expo-server cache-miss
2290 http cache https://registry.npmjs.org/@urql%2fcore 68ms (cache hit)
2291 silly packumentCache full:https://registry.npmjs.org/@urql%2fcore set size:1252254 disposed:false
2292 silly fetch manifest lan-network@^0.1.6
2293 silly packumentCache full:https://registry.npmjs.org/lan-network cache-miss
2294 http cache https://registry.npmjs.org/env-editor 78ms (cache hit)
2295 silly packumentCache full:https://registry.npmjs.org/env-editor set size:31241 disposed:false
2296 silly fetch manifest pretty-bytes@^5.6.0
2297 silly packumentCache full:https://registry.npmjs.org/pretty-bytes cache-miss
2298 http cache https://registry.npmjs.org/better-opn 95ms (cache hit)
2299 silly packumentCache full:https://registry.npmjs.org/better-opn set size:48876 disposed:false
2300 silly fetch manifest resolve-from@^5.0.0
2301 silly packumentCache full:https://registry.npmjs.org/resolve-from cache-hit
2302 silly fetch manifest @expo/devcert@^1.2.1
2303 silly packumentCache full:https://registry.npmjs.org/@expo%2fdevcert cache-miss
2304 http cache https://registry.npmjs.org/node-forge 79ms (cache hit)
2305 silly packumentCache full:https://registry.npmjs.org/node-forge set size:394631 disposed:false
2306 silly fetch manifest bplist-parser@^0.3.1
2307 silly packumentCache full:https://registry.npmjs.org/bplist-parser cache-miss
2308 http cache https://registry.npmjs.org/@expo%2fplist 84ms (cache hit)
2309 silly packumentCache full:https://registry.npmjs.org/@expo%2fplist set size:510188 disposed:false
2310 silly fetch manifest terminal-link@^2.1.1
2311 silly packumentCache full:https://registry.npmjs.org/terminal-link cache-miss
2312 http cache https://registry.npmjs.org/compression 86ms (cache hit)
2313 silly packumentCache full:https://registry.npmjs.org/compression set size:98424 disposed:false
2314 silly fetch manifest @expo/xcpretty@^4.3.0
2315 silly packumentCache full:https://registry.npmjs.org/@expo%2fxcpretty cache-miss
2316 http cache https://registry.npmjs.org/expo-server 88ms (cache hit)
2317 silly packumentCache full:https://registry.npmjs.org/expo-server set size:204463 disposed:false
2318 silly fetch manifest bplist-creator@0.1.0
2319 silly packumentCache full:https://registry.npmjs.org/bplist-creator cache-miss
2320 http cache https://registry.npmjs.org/@expo%2fdevcert 55ms (cache hit)
2321 silly packumentCache full:https://registry.npmjs.org/@expo%2fdevcert set size:37746 disposed:false
2322 silly fetch manifest freeport-async@^2.0.0
2323 silly packumentCache full:https://registry.npmjs.org/freeport-async cache-miss
2324 http cache https://registry.npmjs.org/lan-network 68ms (cache hit)
2325 silly packumentCache full:https://registry.npmjs.org/lan-network set size:65284 disposed:false
2326 silly fetch manifest @expo/json-file@^10.0.8
2327 silly packumentCache full:https://registry.npmjs.org/@expo%2fjson-file cache-miss
2328 http cache https://registry.npmjs.org/pretty-bytes 70ms (cache hit)
2329 silly packumentCache full:https://registry.npmjs.org/pretty-bytes set size:64558 disposed:false
2330 silly fetch manifest @expo/osascript@^2.3.8
2331 silly packumentCache full:https://registry.npmjs.org/@expo%2fosascript cache-miss
2332 http cache https://registry.npmjs.org/bplist-parser 64ms (cache hit)
2333 silly packumentCache full:https://registry.npmjs.org/bplist-parser set size:21877 disposed:false
2334 silly fetch manifest @expo/ws-tunnel@^1.0.1
2335 silly packumentCache full:https://registry.npmjs.org/@expo%2fws-tunnel cache-miss
2336 http cache https://registry.npmjs.org/terminal-link 57ms (cache hit)
2337 silly packumentCache full:https://registry.npmjs.org/terminal-link set size:26728 disposed:false
2338 silly fetch manifest npm-package-arg@^11.0.0
2339 silly packumentCache full:https://registry.npmjs.org/npm-package-arg cache-miss
2340 http cache https://registry.npmjs.org/@expo%2fxcpretty 58ms (cache hit)
2341 silly packumentCache full:https://registry.npmjs.org/@expo%2fxcpretty set size:121361 disposed:false
2342 silly fetch manifest qrcode-terminal@0.11.0
2343 silly packumentCache full:https://registry.npmjs.org/qrcode-terminal cache-miss
2344 http cache https://registry.npmjs.org/bplist-creator 54ms (cache hit)
2345 silly packumentCache full:https://registry.npmjs.org/bplist-creator set size:18748 disposed:false
2346 silly fetch manifest resolve.exports@^2.0.3
2347 silly packumentCache full:https://registry.npmjs.org/resolve.exports cache-miss
2348 http cache https://registry.npmjs.org/freeport-async 62ms (cache hit)
2349 silly packumentCache full:https://registry.npmjs.org/freeport-async set size:10243 disposed:false
2350 silly fetch manifest @expo/image-utils@^0.8.8
2351 silly packumentCache full:https://registry.npmjs.org/@expo%2fimage-utils cache-miss
2352 http cache https://registry.npmjs.org/@expo%2fjson-file 63ms (cache hit)
2353 silly packumentCache full:https://registry.npmjs.org/@expo%2fjson-file set size:713301 disposed:false
2354 silly fetch manifest @expo/spawn-async@^1.7.2
2355 silly packumentCache full:https://registry.npmjs.org/@expo%2fspawn-async cache-miss
2356 http cache https://registry.npmjs.org/@expo%2fosascript 74ms (cache hit)
2357 silly packumentCache full:https://registry.npmjs.org/@expo%2fosascript set size:600616 disposed:false
2358 silly fetch manifest @expo/metro-config@~54.0.14
2359 silly packumentCache full:https://registry.npmjs.org/@expo%2fmetro-config cache-miss
2360 http cache https://registry.npmjs.org/@expo%2fws-tunnel 83ms (cache hit)
2361 silly packumentCache full:https://registry.npmjs.org/@expo%2fws-tunnel set size:22270 disposed:false
2362 silly fetch manifest @expo/schema-utils@^0.1.8
2363 silly packumentCache full:https://registry.npmjs.org/@expo%2fschema-utils cache-miss
2364 http cache https://registry.npmjs.org/qrcode-terminal 76ms (cache hit)
2365 silly packumentCache full:https://registry.npmjs.org/qrcode-terminal set size:29799 disposed:false
2366 silly fetch manifest source-map-support@~0.5.21
2367 silly packumentCache full:https://registry.npmjs.org/source-map-support cache-miss
2368 http cache https://registry.npmjs.org/npm-package-arg 87ms (cache hit)
2369 silly packumentCache full:https://registry.npmjs.org/npm-package-arg set size:131348 disposed:false
2370 silly fetch manifest structured-headers@^0.4.1
2371 silly packumentCache full:https://registry.npmjs.org/structured-headers cache-miss
2372 http cache https://registry.npmjs.org/resolve.exports 83ms (cache hit)
2373 silly packumentCache full:https://registry.npmjs.org/resolve.exports set size:49558 disposed:false
2374 silly fetch manifest @0no-co/graphql.web@^1.0.8
2375 silly packumentCache full:https://registry.npmjs.org/@0no-co%2fgraphql.web cache-miss
2376 http cache https://registry.npmjs.org/@expo%2fimage-utils 76ms (cache hit)
2377 silly packumentCache full:https://registry.npmjs.org/@expo%2fimage-utils set size:740065 disposed:false
2378 silly fetch manifest require-from-string@^2.0.2
2379 silly packumentCache full:https://registry.npmjs.org/require-from-string cache-miss
2380 http cache https://registry.npmjs.org/@expo%2fmetro-config 63ms (cache hit)
2381 silly packumentCache full:https://registry.npmjs.org/@expo%2fmetro-config set size:1425348 disposed:false
2382 silly fetch manifest @urql/exchange-retry@^1.3.0
2383 silly packumentCache full:https://registry.npmjs.org/@urql%2fexchange-retry cache-miss
2384 http cache https://registry.npmjs.org/@expo%2fspawn-async 116ms (cache hit)
2385 silly packumentCache full:https://registry.npmjs.org/@expo%2fspawn-async set size:40364 disposed:false
2386 silly fetch manifest @expo/package-manager@^1.9.10
2387 silly packumentCache full:https://registry.npmjs.org/@expo%2fpackage-manager cache-miss
2388 http cache https://registry.npmjs.org/structured-headers 90ms (cache hit)
2389 silly packumentCache full:https://registry.npmjs.org/structured-headers set size:38215 disposed:false
2390 silly fetch manifest @react-native/dev-middleware@0.81.5
2391 silly packumentCache full:https://registry.npmjs.org/@react-native%2fdev-middleware cache-miss
2392 http cache https://registry.npmjs.org/@expo%2fschema-utils 106ms (cache hit)
2393 silly packumentCache full:https://registry.npmjs.org/@expo%2fschema-utils set size:182353 disposed:false
2394 silly fetch manifest @expo/code-signing-certificates@^0.0.6
2395 silly packumentCache full:https://registry.npmjs.org/@expo%2fcode-signing-certificates cache-miss
2396 http cache https://registry.npmjs.org/source-map-support 105ms (cache hit)
2397 silly packumentCache full:https://registry.npmjs.org/source-map-support set size:125488 disposed:false
2398 silly fetch manifest sucrase@~3.35.1
2399 silly packumentCache full:https://registry.npmjs.org/sucrase cache-miss
2400 http cache https://registry.npmjs.org/@0no-co%2fgraphql.web 104ms (cache hit)
2401 silly packumentCache full:https://registry.npmjs.org/@0no-co%2fgraphql.web set size:220436 disposed:false
2402 silly fetch manifest deepmerge@^4.3.1
2403 silly packumentCache full:https://registry.npmjs.org/deepmerge cache-miss
2404 http cache https://registry.npmjs.org/require-from-string 104ms (cache hit)
2405 silly packumentCache full:https://registry.npmjs.org/require-from-string set size:15128 disposed:false
2406 silly fetch manifest @babel/code-frame@~7.10.4
2407 silly packumentCache full:https://registry.npmjs.org/@babel%2fcode-frame cache-hit
2408 silly fetch manifest @expo/config-types@^54.0.10
2409 silly packumentCache full:https://registry.npmjs.org/@expo%2fconfig-types cache-miss
2410 http cache https://registry.npmjs.org/@expo%2fpackage-manager 64ms (cache hit)
2411 silly packumentCache full:https://registry.npmjs.org/@expo%2fpackage-manager set size:823100 disposed:false
2412 silly fetch manifest resolve-workspace-root@^2.0.0
2413 silly packumentCache full:https://registry.npmjs.org/resolve-workspace-root cache-miss
2414 http cache https://registry.npmjs.org/@urql%2fexchange-retry 86ms (cache hit)
2415 silly packumentCache full:https://registry.npmjs.org/@urql%2fexchange-retry set size:293014 disposed:false
2416 silly fetch manifest slash@^3.0.0
2417 silly packumentCache full:https://registry.npmjs.org/slash cache-miss
2418 http cache https://registry.npmjs.org/@react-native%2fdev-middleware 94ms (cache hit)
2419 silly packumentCache full:https://registry.npmjs.org/@react-native%2fdev-middleware set size:2344592 disposed:false
2420 silly fetch manifest xcode@^3.0.1
2421 silly packumentCache full:https://registry.npmjs.org/xcode cache-miss
2422 http cache https://registry.npmjs.org/@expo%2fcode-signing-certificates 118ms (cache hit)
2423 silly packumentCache full:https://registry.npmjs.org/@expo%2fcode-signing-certificates set size:29592 disposed:false
2424 silly fetch manifest semver@^7.5.4
2425 silly packumentCache full:https://registry.npmjs.org/semver cache-hit
2426 silly fetch manifest xml2js@0.6.0
2427 silly packumentCache full:https://registry.npmjs.org/xml2js cache-miss
2428 http cache https://registry.npmjs.org/sucrase 121ms (cache hit)
2429 silly packumentCache full:https://registry.npmjs.org/sucrase set size:449399 disposed:false
2430 silly fetch manifest slugify@^1.6.6
2431 silly packumentCache full:https://registry.npmjs.org/slugify cache-hit
2432 silly fetch manifest @expo/json-file@~10.0.8
2433 silly packumentCache full:https://registry.npmjs.org/@expo%2fjson-file cache-hit
2434 silly fetch manifest @expo/config-types@^54.0.10
2435 silly packumentCache full:https://registry.npmjs.org/@expo%2fconfig-types cache-miss
2436 http cache https://registry.npmjs.org/deepmerge 142ms (cache hit)
2437 silly packumentCache full:https://registry.npmjs.org/deepmerge set size:101897 disposed:false
2438 silly fetch manifest @expo/sdk-runtime-versions@^1.0.0
2439 silly packumentCache full:https://registry.npmjs.org/@expo%2fsdk-runtime-versions cache-miss
2440 http cache https://registry.npmjs.org/slash 119ms (cache hit)
2441 silly packumentCache full:https://registry.npmjs.org/slash set size:20337 disposed:false
2442 silly fetch manifest p-limit@^3.1.0
2443 silly packumentCache full:https://registry.npmjs.org/p-limit cache-miss
2444 http cache https://registry.npmjs.org/@expo%2fconfig-types 162ms (cache hit)
2445 silly packumentCache full:https://registry.npmjs.org/@expo%2fconfig-types set size:731318 disposed:false
2446 silly fetch manifest metro@0.83.3
2447 silly packumentCache full:https://registry.npmjs.org/metro cache-miss
2448 http cache https://registry.npmjs.org/resolve-workspace-root 162ms (cache hit)
2449 silly packumentCache full:https://registry.npmjs.org/resolve-workspace-root set size:11680 disposed:false
2450 silly fetch manifest metro-core@0.83.3
2451 silly packumentCache full:https://registry.npmjs.org/metro-core cache-miss
2452 http cache https://registry.npmjs.org/xml2js 114ms (cache hit)
2453 silly packumentCache full:https://registry.npmjs.org/xml2js set size:198018 disposed:false
2454 silly fetch manifest metro-cache@0.83.3
2455 silly packumentCache full:https://registry.npmjs.org/metro-cache cache-miss
2456 http cache https://registry.npmjs.org/xcode 140ms (cache hit)
2457 silly packumentCache full:https://registry.npmjs.org/xcode set size:5234429 disposed:false
2458 silly fetch manifest metro-config@0.83.3
2459 silly packumentCache full:https://registry.npmjs.org/metro-config cache-miss
2460 http cache https://registry.npmjs.org/@expo%2fconfig-types 231ms (cache hit)
2461 silly packumentCache full:https://registry.npmjs.org/@expo%2fconfig-types set size:731318 disposed:false
2462 silly packumentCache full:https://registry.npmjs.org/@expo%2fconfig-types dispose
2463 silly fetch manifest metro-runtime@0.83.3
2464 silly packumentCache full:https://registry.npmjs.org/metro-runtime cache-hit
2465 silly fetch manifest metro-file-map@0.83.3
2466 silly packumentCache full:https://registry.npmjs.org/metro-file-map cache-miss
2467 http cache https://registry.npmjs.org/@expo%2fsdk-runtime-versions 243ms (cache hit)
2468 silly packumentCache full:https://registry.npmjs.org/@expo%2fsdk-runtime-versions set size:4878 disposed:false
2469 silly fetch manifest metro-resolver@0.83.3
2470 silly packumentCache full:https://registry.npmjs.org/metro-resolver cache-miss
2471 http cache https://registry.npmjs.org/p-limit 250ms (cache hit)
2472 silly packumentCache full:https://registry.npmjs.org/p-limit set size:61867 disposed:false
2473 silly fetch manifest metro-cache-key@0.83.3
2474 silly packumentCache full:https://registry.npmjs.org/metro-cache-key cache-miss
2475 http cache https://registry.npmjs.org/metro 230ms (cache hit)
2476 silly packumentCache full:https://registry.npmjs.org/metro set size:717892 disposed:false
2477 silly fetch manifest metro-source-map@0.83.3
2478 silly packumentCache full:https://registry.npmjs.org/metro-source-map cache-hit
2479 silly fetch manifest metro-symbolicate@0.83.3
2480 silly packumentCache full:https://registry.npmjs.org/metro-symbolicate cache-miss
2481 http cache https://registry.npmjs.org/metro-cache 268ms (cache hit)
2482 silly packumentCache full:https://registry.npmjs.org/metro-cache set size:366063 disposed:false
2483 silly fetch manifest metro-minify-terser@0.83.3
2484 silly packumentCache full:https://registry.npmjs.org/metro-minify-terser cache-miss
2485 http cache https://registry.npmjs.org/metro-config 159ms (cache hit)
2486 silly packumentCache full:https://registry.npmjs.org/metro-config set size:326237 disposed:false
2487 silly fetch manifest metro-transform-worker@0.83.3
2488 silly packumentCache full:https://registry.npmjs.org/metro-transform-worker cache-miss
2489 http cache https://registry.npmjs.org/metro-core 310ms (cache hit)
2490 silly packumentCache full:https://registry.npmjs.org/metro-core set size:385600 disposed:false
2491 silly fetch manifest metro-babel-transformer@0.83.3
2492 silly packumentCache full:https://registry.npmjs.org/metro-babel-transformer cache-miss
2493 http cache https://registry.npmjs.org/metro-file-map 166ms (cache hit)
2494 silly packumentCache full:https://registry.npmjs.org/metro-file-map set size:183337 disposed:false
2495 silly fetch manifest metro-transform-plugins@0.83.3
2496 silly packumentCache full:https://registry.npmjs.org/metro-transform-plugins cache-miss
2497 http cache https://registry.npmjs.org/metro-resolver 184ms (cache hit)
2498 silly packumentCache full:https://registry.npmjs.org/metro-resolver set size:354516 disposed:false
2499 silly fetch manifest dotenv@~16.4.5
2500 silly packumentCache full:https://registry.npmjs.org/dotenv cache-miss
2501 http cache https://registry.npmjs.org/metro-cache-key 185ms (cache hit)
2502 silly packumentCache full:https://registry.npmjs.org/metro-cache-key set size:195967 disposed:false
2503 silly fetch manifest postcss@~8.4.32
2504 silly packumentCache full:https://registry.npmjs.org/postcss cache-miss
2505 http cache https://registry.npmjs.org/metro-minify-terser 138ms (cache hit)
2506 silly packumentCache full:https://registry.npmjs.org/metro-minify-terser set size:262768 disposed:false
2507 silly fetch manifest jsc-safe-url@^0.2.4
2508 silly packumentCache full:https://registry.npmjs.org/jsc-safe-url cache-miss
2509 http cache https://registry.npmjs.org/metro-transform-worker 147ms (cache hit)
2510 silly packumentCache full:https://registry.npmjs.org/metro-transform-worker set size:249934 disposed:false
2511 silly fetch manifest lightningcss@^1.30.1
2512 silly packumentCache full:https://registry.npmjs.org/lightningcss cache-miss
2513 http cache https://registry.npmjs.org/metro-symbolicate 189ms (cache hit)
2514 silly packumentCache full:https://registry.npmjs.org/metro-symbolicate set size:254841 disposed:false
2515 silly fetch manifest dotenv-expand@~11.0.6
2516 silly packumentCache full:https://registry.npmjs.org/dotenv-expand cache-miss
2517 http cache https://registry.npmjs.org/metro-babel-transformer 147ms (cache hit)
2518 silly packumentCache full:https://registry.npmjs.org/metro-babel-transformer set size:252809 disposed:false
2519 silly fetch manifest hermes-parser@^0.29.1
2520 silly packumentCache full:https://registry.npmjs.org/hermes-parser cache-miss
2521 http cache https://registry.npmjs.org/metro-transform-plugins 145ms (cache hit)
2522 silly packumentCache full:https://registry.npmjs.org/metro-transform-plugins set size:241268 disposed:false
2523 silly fetch manifest @babel/preset-react@^7.22.15
2524 silly packumentCache full:https://registry.npmjs.org/@babel%2fpreset-react cache-miss
2525 http cache https://registry.npmjs.org/dotenv 138ms (cache hit)
2526 silly packumentCache full:https://registry.npmjs.org/dotenv set size:277832 disposed:false
2527 silly fetch manifest @babel/preset-typescript@^7.23.0
2528 silly packumentCache full:https://registry.npmjs.org/@babel%2fpreset-typescript cache-hit
2529 silly fetch manifest @react-native/babel-preset@0.81.5
2530 silly packumentCache full:https://registry.npmjs.org/@react-native%2fbabel-preset cache-miss
2531 http cache https://registry.npmjs.org/postcss 123ms (cache hit)
2532 silly packumentCache full:https://registry.npmjs.org/postcss set size:714272 disposed:false
2533 silly fetch manifest babel-plugin-react-compiler@^1.0.0
2534 silly packumentCache full:https://registry.npmjs.org/babel-plugin-react-compiler cache-miss
2535 http cache https://registry.npmjs.org/dotenv-expand 100ms (cache hit)
2536 silly packumentCache full:https://registry.npmjs.org/dotenv-expand set size:69432 disposed:false
2537 silly fetch manifest babel-plugin-react-native-web@~0.21.0
2538 silly packumentCache full:https://registry.npmjs.org/babel-plugin-react-native-web cache-miss
2539 http cache https://registry.npmjs.org/lightningcss 116ms (cache hit)
2540 silly packumentCache full:https://registry.npmjs.org/lightningcss set size:186753 disposed:false
2541 silly fetch manifest @babel/plugin-transform-runtime@^7.24.7
2542 silly packumentCache full:https://registry.npmjs.org/@babel%2fplugin-transform-runtime cache-miss
2543 http cache https://registry.npmjs.org/jsc-safe-url 133ms (cache hit)
2544 silly packumentCache full:https://registry.npmjs.org/jsc-safe-url set size:13143 disposed:false
2545 silly fetch manifest @babel/plugin-proposal-decorators@^7.12.9
2546 silly packumentCache full:https://registry.npmjs.org/@babel%2fplugin-proposal-decorators cache-miss
2547 http cache https://registry.npmjs.org/hermes-parser 107ms (cache hit)
2548 silly packumentCache full:https://registry.npmjs.org/hermes-parser set size:165055 disposed:false
2549 silly fetch manifest babel-plugin-syntax-hermes-parser@^0.29.1
2550 silly packumentCache full:https://registry.npmjs.org/babel-plugin-syntax-hermes-parser cache-hit
2551 silly fetch manifest babel-plugin-transform-flow-enums@^0.0.2
2552 silly packumentCache full:https://registry.npmjs.org/babel-plugin-transform-flow-enums cache-miss
2553 http cache https://registry.npmjs.org/@babel%2fpreset-react 103ms (cache hit)
2554 silly packumentCache full:https://registry.npmjs.org/@babel%2fpreset-react set size:250432 disposed:false
2555 silly fetch manifest @babel/plugin-transform-parameters@^7.24.7
2556 silly packumentCache full:https://registry.npmjs.org/@babel%2fplugin-transform-parameters cache-miss
2557 http cache https://registry.npmjs.org/@react-native%2fbabel-preset 119ms (cache hit)
2558 silly packumentCache full:https://registry.npmjs.org/@react-native%2fbabel-preset set size:4119735 disposed:false
2559 silly fetch manifest @babel/plugin-transform-private-methods@^7.24.7
2560 silly packumentCache full:https://registry.npmjs.org/@babel%2fplugin-transform-private-methods cache-miss
2561 http cache https://registry.npmjs.org/babel-plugin-react-compiler 137ms (cache hit)
2562 silly packumentCache full:https://registry.npmjs.org/babel-plugin-react-compiler set size:1340419 disposed:false
2563 silly fetch manifest @babel/plugin-syntax-export-default-from@^7.24.7
2564 silly packumentCache full:https://registry.npmjs.org/@babel%2fplugin-syntax-export-default-from cache-miss
2565 http cache https://registry.npmjs.org/@babel%2fplugin-transform-runtime 136ms (cache hit)
2566 silly packumentCache full:https://registry.npmjs.org/@babel%2fplugin-transform-runtime set size:451968 disposed:false
2567 silly fetch manifest @babel/plugin-transform-flow-strip-types@^7.25.2
2568 silly packumentCache full:https://registry.npmjs.org/@babel%2fplugin-transform-flow-strip-types cache-miss
2569 http cache https://registry.npmjs.org/babel-plugin-react-native-web 157ms (cache hit)
2570 silly packumentCache full:https://registry.npmjs.org/babel-plugin-react-native-web set size:325655 disposed:false
2571 silly fetch manifest @babel/plugin-transform-modules-commonjs@^7.24.8
2572 silly packumentCache full:https://registry.npmjs.org/@babel%2fplugin-transform-modules-commonjs cache-miss
2573 http cache https://registry.npmjs.org/@babel%2fplugin-proposal-decorators 156ms (cache hit)
2574 silly packumentCache full:https://registry.npmjs.org/@babel%2fplugin-proposal-decorators set size:370906 disposed:false
2575 silly fetch manifest @babel/plugin-proposal-export-default-from@^7.24.7
2576 silly packumentCache full:https://registry.npmjs.org/@babel%2fplugin-proposal-export-default-from cache-miss
2577 http cache https://registry.npmjs.org/babel-plugin-transform-flow-enums 163ms (cache hit)
2578 silly packumentCache full:https://registry.npmjs.org/babel-plugin-transform-flow-enums set size:8046 disposed:false
2579 silly fetch manifest @babel/plugin-transform-class-static-block@^7.27.1
2580 silly packumentCache full:https://registry.npmjs.org/@babel%2fplugin-transform-class-static-block cache-miss
2581 http cache https://registry.npmjs.org/@babel%2fplugin-transform-parameters 167ms (cache hit)
2582 silly packumentCache full:https://registry.npmjs.org/@babel%2fplugin-transform-parameters set size:269382 disposed:false
2583 silly fetch manifest @babel/plugin-transform-object-rest-spread@^7.24.7
2584 silly packumentCache full:https://registry.npmjs.org/@babel%2fplugin-transform-object-rest-spread cache-miss
2585 http cache https://registry.npmjs.org/@babel%2fplugin-transform-private-methods 102ms (cache hit)
2586 silly packumentCache full:https://registry.npmjs.org/@babel%2fplugin-transform-private-methods set size:78343 disposed:false
2587 silly fetch manifest @babel/plugin-transform-export-namespace-from@^7.25.9
2588 silly packumentCache full:https://registry.npmjs.org/@babel%2fplugin-transform-export-namespace-from cache-miss
2589 http cache https://registry.npmjs.org/@babel%2fplugin-syntax-export-default-from 89ms (cache hit)
2590 silly packumentCache full:https://registry.npmjs.org/@babel%2fplugin-syntax-export-default-from set size:182408 disposed:false
2591 silly fetch manifest @babel/plugin-transform-private-property-in-object@^7.24.7
2592 silly packumentCache full:https://registry.npmjs.org/@babel%2fplugin-transform-private-property-in-object cache-miss
2593 http cache https://registry.npmjs.org/@babel%2fplugin-transform-flow-strip-types 88ms (cache hit)
2594 silly packumentCache full:https://registry.npmjs.org/@babel%2fplugin-transform-flow-strip-types set size:241396 disposed:false
2595 silly fetch manifest commander@^7.2.0
2596 silly packumentCache full:https://registry.npmjs.org/commander cache-hit
2597 silly fetch manifest react-is@^18.0.0
2598 silly packumentCache full:https://registry.npmjs.org/react-is cache-miss
2599 http cache https://registry.npmjs.org/@babel%2fplugin-proposal-export-default-from 78ms (cache hit)
2600 silly packumentCache full:https://registry.npmjs.org/@babel%2fplugin-proposal-export-default-from set size:204376 disposed:false
2601 silly fetch manifest ansi-styles@^5.0.0
2602 silly packumentCache full:https://registry.npmjs.org/ansi-styles cache-hit
2603 silly fetch manifest @jest/schemas@^29.6.3
2604 silly packumentCache full:https://registry.npmjs.org/@jest%2fschemas cache-miss
2605 http cache https://registry.npmjs.org/@babel%2fplugin-transform-modules-commonjs 98ms (cache hit)
2606 silly packumentCache full:https://registry.npmjs.org/@babel%2fplugin-transform-modules-commonjs set size:299727 disposed:false
2607 silly fetch manifest buffer@^5.4.3
2608 silly packumentCache full:https://registry.npmjs.org/buffer cache-miss
2609 http cache https://registry.npmjs.org/@babel%2fplugin-transform-object-rest-spread 81ms (cache hit)
2610 silly packumentCache full:https://registry.npmjs.org/@babel%2fplugin-transform-object-rest-spread set size:103914 disposed:false
2611 silly fetch manifest punycode@^2.1.1
2612 silly packumentCache full:https://registry.npmjs.org/punycode cache-hit
2613 silly fetch manifest webidl-conversions@^5.0.0
2614 silly packumentCache full:https://registry.npmjs.org/webidl-conversions cache-miss
2615 http cache https://registry.npmjs.org/@babel%2fplugin-transform-class-static-block 103ms (cache hit)
2616 silly packumentCache full:https://registry.npmjs.org/@babel%2fplugin-transform-class-static-block set size:95182 disposed:false
2617 http cache https://registry.npmjs.org/@babel%2fplugin-transform-export-namespace-from 85ms (cache hit)
2618 silly packumentCache full:https://registry.npmjs.org/@babel%2fplugin-transform-export-namespace-from set size:79709 disposed:false
2619 http cache https://registry.npmjs.org/@babel%2fplugin-transform-private-property-in-object 87ms (cache hit)
2620 silly packumentCache full:https://registry.npmjs.org/@babel%2fplugin-transform-private-property-in-object set size:90853 disposed:false
2621 http cache https://registry.npmjs.org/buffer 54ms (cache hit)
2622 silly packumentCache full:https://registry.npmjs.org/buffer set size:280480 disposed:false
2623 http cache https://registry.npmjs.org/react-is 94ms (cache hit)
2624 silly packumentCache full:https://registry.npmjs.org/react-is set size:5361572 disposed:false
2625 http cache https://registry.npmjs.org/webidl-conversions 142ms (cache hit)
2626 silly packumentCache full:https://registry.npmjs.org/webidl-conversions set size:46073 disposed:false
2627 http cache https://registry.npmjs.org/@jest%2fschemas 170ms (cache hit)
2628 silly packumentCache full:https://registry.npmjs.org/@jest%2fschemas set size:68580 disposed:false
2629 silly placeDep node_modules/@expo/config @babel/code-frame@7.10.4 OK for: @expo/config@12.0.13 want: ~7.10.4
2630 silly placeDep ROOT @expo/config-types@54.0.10 OK for: @expo/config@12.0.13 want: ^54.0.10
2631 silly placeDep ROOT @expo/json-file@10.0.13 OK for: @expo/config@12.0.13 want: ^10.0.8
2632 silly placeDep ROOT deepmerge@4.3.1 OK for: @expo/config@12.0.13 want: ^4.3.1
2633 silly placeDep ROOT getenv@2.0.0 OK for: @expo/config@12.0.13 want: ^2.0.0
2634 silly placeDep ROOT glob@13.0.6 OK for: @expo/config@12.0.13 want: ^13.0.0
2635 silly placeDep ROOT require-from-string@2.0.2 OK for: @expo/config@12.0.13 want: ^2.0.2
2636 silly placeDep ROOT resolve-from@5.0.0 OK for: @expo/config@12.0.13 want: ^5.0.0
2637 silly placeDep ROOT resolve-workspace-root@2.0.1 OK for: @expo/config@12.0.13 want: ^2.0.0
2638 silly placeDep node_modules/@expo/config semver@7.7.4 OK for: @expo/config@12.0.13 want: ^7.6.0
2639 silly placeDep ROOT slugify@1.6.9 OK for: @expo/config@12.0.13 want: ^1.3.4
2640 silly placeDep ROOT sucrase@3.35.1 OK for: @expo/config@12.0.13 want: ~3.35.1
2641 silly fetch manifest @babel/highlight@^7.10.4
2642 silly packumentCache full:https://registry.npmjs.org/@babel%2fhighlight cache-miss
2643 silly fetch manifest minipass@^7.1.3
2644 silly packumentCache full:https://registry.npmjs.org/minipass cache-miss
2645 silly fetch manifest path-scurry@^2.0.2
2646 silly packumentCache full:https://registry.npmjs.org/path-scurry cache-miss
2647 silly fetch manifest commander@^4.0.0
2648 silly packumentCache full:https://registry.npmjs.org/commander cache-hit
2649 silly fetch manifest lines-and-columns@^1.1.6
2650 silly packumentCache full:https://registry.npmjs.org/lines-and-columns cache-miss
2651 silly fetch manifest mz@^2.7.0
2652 silly packumentCache full:https://registry.npmjs.org/mz cache-miss
2653 silly fetch manifest pirates@^4.0.1
2654 silly packumentCache full:https://registry.npmjs.org/pirates cache-miss
2655 silly fetch manifest ts-interface-checker@^0.1.9
2656 silly packumentCache full:https://registry.npmjs.org/ts-interface-checker cache-miss
2657 http cache https://registry.npmjs.org/minipass 68ms (cache hit)
2658 silly packumentCache full:https://registry.npmjs.org/minipass set size:276925 disposed:false
2659 http cache https://registry.npmjs.org/path-scurry 78ms (cache hit)
2660 silly packumentCache full:https://registry.npmjs.org/path-scurry set size:117612 disposed:false
2661 http cache https://registry.npmjs.org/lines-and-columns 84ms (cache hit)
2662 silly packumentCache full:https://registry.npmjs.org/lines-and-columns set size:73796 disposed:false
2663 http cache https://registry.npmjs.org/@babel%2fhighlight 97ms (cache hit)
2664 silly packumentCache full:https://registry.npmjs.org/@babel%2fhighlight set size:154219 disposed:false
2665 http cache https://registry.npmjs.org/mz 94ms (cache hit)
2666 silly packumentCache full:https://registry.npmjs.org/mz set size:42731 disposed:false
2667 http cache https://registry.npmjs.org/ts-interface-checker 73ms (cache hit)
2668 silly packumentCache full:https://registry.npmjs.org/ts-interface-checker set size:58946 disposed:false
2669 http cache https://registry.npmjs.org/pirates 82ms (cache hit)
2670 silly packumentCache full:https://registry.npmjs.org/pirates set size:51327 disposed:false
2671 silly placeDep ROOT @expo/plist@0.4.8 OK for: @expo/config-plugins@54.0.4 want: ^0.4.8
2672 silly placeDep ROOT @expo/sdk-runtime-versions@1.0.0 OK for: @expo/config-plugins@54.0.4 want: ^1.0.0
2673 silly placeDep node_modules/@expo/config-plugins semver@7.7.4 OK for: @expo/config-plugins@54.0.4 want: ^7.5.4
2674 silly placeDep ROOT slash@3.0.0 OK for: @expo/config-plugins@54.0.4 want: ^3.0.0
2675 silly placeDep ROOT xcode@3.0.1 OK for: @expo/config-plugins@54.0.4 want: ^3.0.1
2676 silly placeDep ROOT xml2js@0.6.0 OK for: @expo/config-plugins@54.0.4 want: 0.6.0
2677 silly fetch manifest base64-js@^1.2.3
2678 silly packumentCache full:https://registry.npmjs.org/base64-js cache-hit
2679 silly fetch manifest xmlbuilder@^15.1.1
2680 silly packumentCache full:https://registry.npmjs.org/xmlbuilder cache-miss
2681 silly fetch manifest @xmldom/xmldom@^0.8.8
2682 silly packumentCache full:https://registry.npmjs.org/@xmldom%2fxmldom cache-miss
2683 silly fetch manifest uuid@^7.0.3
2684 silly packumentCache full:https://registry.npmjs.org/uuid cache-miss
2685 silly fetch manifest simple-plist@^1.1.0
2686 silly packumentCache full:https://registry.npmjs.org/simple-plist cache-miss
2687 silly fetch manifest sax@>=0.6.0
2688 silly packumentCache full:https://registry.npmjs.org/sax cache-miss
2689 silly fetch manifest xmlbuilder@~11.0.0
2690 silly packumentCache full:https://registry.npmjs.org/xmlbuilder cache-miss
2691 http cache https://registry.npmjs.org/uuid 48ms (cache hit)
2692 silly packumentCache full:https://registry.npmjs.org/uuid set size:233177 disposed:false
2693 http cache https://registry.npmjs.org/xmlbuilder 64ms (cache hit)
2694 silly packumentCache full:https://registry.npmjs.org/xmlbuilder set size:158707 disposed:false
2695 http cache https://registry.npmjs.org/xmlbuilder 67ms (cache hit)
2696 silly packumentCache full:https://registry.npmjs.org/xmlbuilder set size:158707 disposed:false
2697 silly packumentCache full:https://registry.npmjs.org/xmlbuilder dispose
2698 http cache https://registry.npmjs.org/sax 73ms (cache hit)
2699 silly packumentCache full:https://registry.npmjs.org/sax set size:91199 disposed:false
2700 http cache https://registry.npmjs.org/@xmldom%2fxmldom 82ms (cache hit)
2701 silly packumentCache full:https://registry.npmjs.org/@xmldom%2fxmldom set size:166253 disposed:false
2702 http cache https://registry.npmjs.org/simple-plist 85ms (cache hit)
2703 silly packumentCache full:https://registry.npmjs.org/simple-plist set size:46135 disposed:false
2704 silly placeDep ROOT @expo/spawn-async@1.7.2 OK for: @expo/fingerprint@0.15.4 want: ^1.7.2
2705 silly placeDep ROOT arg@5.0.2 OK for: @expo/fingerprint@0.15.4 want: ^5.0.2
2706 silly placeDep node_modules/@expo/fingerprint minimatch@9.0.9 OK for: @expo/fingerprint@0.15.4 want: ^9.0.0
2707 silly placeDep ROOT p-limit@3.1.0 OK for: @expo/fingerprint@0.15.4 want: ^3.1.0
2708 silly placeDep node_modules/@expo/fingerprint semver@7.7.4 OK for: @expo/fingerprint@0.15.4 want: ^7.6.0
2709 silly fetch manifest brace-expansion@^2.0.2
2710 silly packumentCache full:https://registry.npmjs.org/brace-expansion cache-hit
2711 silly fetch manifest yocto-queue@^0.1.0
2712 silly packumentCache full:https://registry.npmjs.org/yocto-queue cache-miss
2713 http cache https://registry.npmjs.org/yocto-queue 14ms (cache hit)
2714 silly packumentCache full:https://registry.npmjs.org/yocto-queue set size:20256 disposed:false
2715 silly placeDep ROOT metro@0.83.3 OK for: @expo/metro@54.2.0 want: 0.83.3
2716 silly placeDep ROOT metro-babel-transformer@0.83.3 OK for: @expo/metro@54.2.0 want: 0.83.3
2717 silly placeDep ROOT metro-cache@0.83.3 OK for: @expo/metro@54.2.0 want: 0.83.3
2718 silly placeDep ROOT metro-cache-key@0.83.3 OK for: @expo/metro@54.2.0 want: 0.83.3
2719 silly placeDep ROOT metro-config@0.83.3 OK for: @expo/metro@54.2.0 want: 0.83.3
2720 silly placeDep ROOT metro-core@0.83.3 OK for: @expo/metro@54.2.0 want: 0.83.3
2721 silly placeDep ROOT metro-file-map@0.83.3 OK for: @expo/metro@54.2.0 want: 0.83.3
2722 silly placeDep ROOT metro-minify-terser@0.83.3 OK for: @expo/metro@54.2.0 want: 0.83.3
2723 silly placeDep ROOT metro-resolver@0.83.3 OK for: @expo/metro@54.2.0 want: 0.83.3
2724 silly placeDep ROOT metro-runtime@0.83.3 OK for: @expo/metro@54.2.0 want: 0.83.3
2725 silly placeDep ROOT metro-source-map@0.83.3 OK for: @expo/metro@54.2.0 want: 0.83.3
2726 silly placeDep ROOT metro-symbolicate@0.83.3 OK for: @expo/metro@54.2.0 want: 0.83.3
2727 silly placeDep ROOT metro-transform-plugins@0.83.3 OK for: @expo/metro@54.2.0 want: 0.83.3
2728 silly placeDep ROOT metro-transform-worker@0.83.3 OK for: @expo/metro@54.2.0 want: 0.83.3
2729 silly fetch manifest ws@^7.5.10
2730 silly packumentCache full:https://registry.npmjs.org/ws cache-hit
2731 silly fetch manifest throat@^5.0.0
2732 silly packumentCache full:https://registry.npmjs.org/throat cache-miss
2733 silly fetch manifest accepts@^1.3.7
2734 silly packumentCache full:https://registry.npmjs.org/accepts cache-hit
2735 silly fetch manifest ci-info@^2.0.0
2736 silly packumentCache full:https://registry.npmjs.org/ci-info cache-hit
2737 silly fetch manifest connect@^3.6.5
2738 silly packumentCache full:https://registry.npmjs.org/connect cache-hit
2739 silly fetch manifest image-size@^1.0.2
2740 silly packumentCache full:https://registry.npmjs.org/image-size cache-miss
2741 silly fetch manifest mime-types@^2.1.27
2742 silly packumentCache full:https://registry.npmjs.org/mime-types cache-hit
2743 silly fetch manifest source-map@^0.5.6
2744 silly packumentCache full:https://registry.npmjs.org/source-map cache-miss
2745 silly fetch manifest graceful-fs@^4.2.4
2746 silly packumentCache full:https://registry.npmjs.org/graceful-fs cache-miss
2747 silly fetch manifest jest-worker@^29.7.0
2748 silly packumentCache full:https://registry.npmjs.org/jest-worker cache-miss
2749 silly fetch manifest jsc-safe-url@^0.2.2
2750 silly packumentCache full:https://registry.npmjs.org/jsc-safe-url cache-hit
2751 silly fetch manifest hermes-parser@0.32.0
2752 silly packumentCache full:https://registry.npmjs.org/hermes-parser cache-hit
2753 silly fetch manifest lodash.throttle@^4.1.1
2754 silly packumentCache full:https://registry.npmjs.org/lodash.throttle cache-miss
2755 silly fetch manifest serialize-error@^2.1.0
2756 silly packumentCache full:https://registry.npmjs.org/serialize-error cache-miss
2757 http cache https://registry.npmjs.org/throat 38ms (cache hit)
2758 silly packumentCache full:https://registry.npmjs.org/throat set size:31052 disposed:false
2759 silly fetch manifest error-stack-parser@^2.0.6
2760 silly packumentCache full:https://registry.npmjs.org/error-stack-parser cache-miss
2761 http cache https://registry.npmjs.org/graceful-fs 37ms (cache hit)
2762 silly packumentCache full:https://registry.npmjs.org/graceful-fs set size:124285 disposed:false
2763 silly fetch manifest https-proxy-agent@^7.0.5
2764 silly packumentCache full:https://registry.npmjs.org/https-proxy-agent cache-miss
2765 http cache https://registry.npmjs.org/source-map 44ms (cache hit)
2766 silly packumentCache full:https://registry.npmjs.org/source-map set size:226141 disposed:false
2767 silly fetch manifest exponential-backoff@^3.1.1
2768 silly packumentCache full:https://registry.npmjs.org/exponential-backoff cache-miss
2769 http cache https://registry.npmjs.org/image-size 58ms (cache hit)
2770 silly packumentCache full:https://registry.npmjs.org/image-size set size:155542 disposed:false
2771 silly fetch manifest yaml@^2.6.1
2772 silly packumentCache full:https://registry.npmjs.org/yaml cache-miss
2773 http cache https://registry.npmjs.org/lodash.throttle 58ms (cache hit)
2774 silly packumentCache full:https://registry.npmjs.org/lodash.throttle set size:32799 disposed:false
2775 silly fetch manifest jest-validate@^29.7.0
2776 silly packumentCache full:https://registry.npmjs.org/jest-validate cache-miss
2777 http cache https://registry.npmjs.org/serialize-error 61ms (cache hit)
2778 silly packumentCache full:https://registry.npmjs.org/serialize-error set size:64056 disposed:false
2779 silly fetch manifest walker@^1.0.7
2780 silly packumentCache full:https://registry.npmjs.org/walker cache-miss
2781 http cache https://registry.npmjs.org/jest-worker 70ms (cache hit)
2782 silly packumentCache full:https://registry.npmjs.org/jest-worker set size:462624 disposed:false
2783 silly fetch manifest micromatch@^4.0.4
2784 silly packumentCache full:https://registry.npmjs.org/micromatch cache-miss
2785 http cache https://registry.npmjs.org/error-stack-parser 66ms (cache hit)
2786 silly packumentCache full:https://registry.npmjs.org/error-stack-parser set size:89379 disposed:false
2787 silly fetch manifest fb-watchman@^2.0.0
2788 silly packumentCache full:https://registry.npmjs.org/fb-watchman cache-miss
2789 http cache https://registry.npmjs.org/https-proxy-agent 61ms (cache hit)
2790 silly packumentCache full:https://registry.npmjs.org/https-proxy-agent set size:81258 disposed:false
2791 silly fetch manifest terser@^5.15.0
2792 silly packumentCache full:https://registry.npmjs.org/terser cache-miss
2793 http cache https://registry.npmjs.org/yaml 48ms (cache hit)
2794 silly packumentCache full:https://registry.npmjs.org/yaml set size:375230 disposed:false
2795 silly fetch manifest ob1@0.83.3
2796 silly packumentCache full:https://registry.npmjs.org/ob1 cache-miss
2797 http cache https://registry.npmjs.org/exponential-backoff 67ms (cache hit)
2798 silly packumentCache full:https://registry.npmjs.org/exponential-backoff set size:56105 disposed:false
2799 silly fetch manifest vlq@^1.0.0
2800 silly packumentCache full:https://registry.npmjs.org/vlq cache-miss
2801 http cache https://registry.npmjs.org/jest-validate 60ms (cache hit)
2802 silly packumentCache full:https://registry.npmjs.org/jest-validate set size:564124 disposed:false
2803 silly fetch manifest @babel/traverse--for-generate-function-map@npm:@babel/traverse@^7.25.3
2804 silly packumentCache full:https://registry.npmjs.org/@babel%2ftraverse cache-hit
2805 silly fetch manifest vlq@^1.0.0
2806 silly packumentCache full:https://registry.npmjs.org/vlq cache-miss
2807 http cache https://registry.npmjs.org/walker 72ms (cache hit)
2808 silly packumentCache full:https://registry.npmjs.org/walker set size:16077 disposed:false
2809 http cache https://registry.npmjs.org/micromatch 67ms (cache hit)
2810 silly packumentCache full:https://registry.npmjs.org/micromatch set size:240630 disposed:false
2811 http cache https://registry.npmjs.org/terser 79ms (cache hit)
2812 silly packumentCache full:https://registry.npmjs.org/terser set size:793225 disposed:false
2813 http cache https://registry.npmjs.org/ob1 84ms (cache hit)
2814 silly packumentCache full:https://registry.npmjs.org/ob1 set size:217786 disposed:false
2815 http cache https://registry.npmjs.org/vlq 89ms (cache hit)
2816 silly packumentCache full:https://registry.npmjs.org/vlq set size:23110 disposed:false
2817 http cache https://registry.npmjs.org/fb-watchman 109ms (cache hit)
2818 silly packumentCache full:https://registry.npmjs.org/fb-watchman set size:28099 disposed:false
2819 http cache https://registry.npmjs.org/vlq 75ms (cache hit)
2820 silly packumentCache full:https://registry.npmjs.org/vlq set size:23110 disposed:false
2821 silly packumentCache full:https://registry.npmjs.org/vlq dispose
2822 silly placeDep ROOT @expo/env@2.0.11 OK for: @expo/metro-config@54.0.14 want: ~2.0.8
2823 silly placeDep ROOT dotenv@16.4.7 OK for: @expo/metro-config@54.0.14 want: ~16.4.5
2824 silly placeDep ROOT dotenv-expand@11.0.7 OK for: @expo/metro-config@54.0.14 want: ~11.0.6
2825 silly placeDep ROOT hermes-parser@0.29.1 OK for: @expo/metro-config@54.0.14 want: ^0.29.1
2826 silly placeDep ROOT jsc-safe-url@0.2.4 OK for: @expo/metro-config@54.0.14 want: ^0.2.4
2827 silly placeDep ROOT lightningcss@1.32.0 OK for: @expo/metro-config@54.0.14 want: ^1.30.1
2828 silly placeDep node_modules/@expo/metro-config minimatch@9.0.9 OK for: @expo/metro-config@54.0.14 want: ^9.0.0
2829 silly placeDep ROOT postcss@8.4.49 OK for: @expo/metro-config@54.0.14 want: ~8.4.32
2830 silly fetch manifest hermes-estree@0.29.1
2831 silly packumentCache full:https://registry.npmjs.org/hermes-estree cache-miss
2832 silly fetch manifest detect-libc@^2.0.3
2833 silly packumentCache full:https://registry.npmjs.org/detect-libc cache-miss
2834 silly fetch manifest lightningcss-darwin-x64@1.32.0
2835 silly packumentCache full:https://registry.npmjs.org/lightningcss-darwin-x64 cache-miss
2836 silly fetch manifest lightningcss-linux-x64-gnu@1.32.0
2837 silly packumentCache full:https://registry.npmjs.org/lightningcss-linux-x64-gnu cache-miss
2838 silly fetch manifest lightningcss-win32-x64-msvc@1.32.0
2839 silly packumentCache full:https://registry.npmjs.org/lightningcss-win32-x64-msvc cache-miss
2840 silly fetch manifest lightningcss-win32-arm64-msvc@1.32.0
2841 silly packumentCache full:https://registry.npmjs.org/lightningcss-win32-arm64-msvc cache-miss
2842 silly fetch manifest lightningcss-darwin-arm64@1.32.0
2843 silly packumentCache full:https://registry.npmjs.org/lightningcss-darwin-arm64 cache-miss
2844 http cache https://registry.npmjs.org/detect-libc 33ms (cache hit)
2845 silly packumentCache full:https://registry.npmjs.org/detect-libc set size:47861 disposed:false
2846 silly fetch manifest lightningcss-linux-arm64-gnu@1.32.0
2847 silly packumentCache full:https://registry.npmjs.org/lightningcss-linux-arm64-gnu cache-miss
2848 http cache https://registry.npmjs.org/lightningcss-darwin-x64 36ms (cache hit)
2849 silly packumentCache full:https://registry.npmjs.org/lightningcss-darwin-x64 set size:78694 disposed:false
2850 silly fetch manifest lightningcss-linux-arm-gnueabihf@1.32.0
2851 silly packumentCache full:https://registry.npmjs.org/lightningcss-linux-arm-gnueabihf cache-miss
2852 http cache https://registry.npmjs.org/lightningcss-linux-x64-gnu 40ms (cache hit)
2853 silly packumentCache full:https://registry.npmjs.org/lightningcss-linux-x64-gnu set size:80105 disposed:false
2854 silly fetch manifest lightningcss-linux-arm64-musl@1.32.0
2855 silly packumentCache full:https://registry.npmjs.org/lightningcss-linux-arm64-musl cache-miss
2856 http cache https://registry.npmjs.org/lightningcss-win32-x64-msvc 43ms (cache hit)
2857 silly packumentCache full:https://registry.npmjs.org/lightningcss-win32-x64-msvc set size:79645 disposed:false
2858 silly fetch manifest lightningcss-linux-x64-musl@1.32.0
2859 silly packumentCache full:https://registry.npmjs.org/lightningcss-linux-x64-musl cache-miss
2860 http cache https://registry.npmjs.org/lightningcss-win32-arm64-msvc 43ms (cache hit)
2861 silly packumentCache full:https://registry.npmjs.org/lightningcss-win32-arm64-msvc set size:26629 disposed:false
2862 silly fetch manifest lightningcss-freebsd-x64@1.32.0
2863 silly packumentCache full:https://registry.npmjs.org/lightningcss-freebsd-x64 cache-miss
2864 http cache https://registry.npmjs.org/lightningcss-darwin-arm64 46ms (cache hit)
2865 silly packumentCache full:https://registry.npmjs.org/lightningcss-darwin-arm64 set size:79276 disposed:false
2866 silly fetch manifest lightningcss-android-arm64@1.32.0
2867 silly packumentCache full:https://registry.npmjs.org/lightningcss-android-arm64 cache-miss
2868 http cache https://registry.npmjs.org/hermes-estree 54ms (cache hit)
2869 silly packumentCache full:https://registry.npmjs.org/hermes-estree set size:125711 disposed:false
2870 silly fetch manifest source-map-js@^1.2.1
2871 silly packumentCache full:https://registry.npmjs.org/source-map-js cache-miss
2872 http cache https://registry.npmjs.org/lightningcss-linux-arm64-gnu 51ms (cache hit)
2873 silly packumentCache full:https://registry.npmjs.org/lightningcss-linux-arm64-gnu set size:80669 disposed:false
2874 http cache https://registry.npmjs.org/lightningcss-linux-arm64-musl 48ms (cache hit)
2875 silly packumentCache full:https://registry.npmjs.org/lightningcss-linux-arm64-musl set size:80887 disposed:false
2876 http cache https://registry.npmjs.org/lightningcss-linux-x64-musl 47ms (cache hit)
2877 silly packumentCache full:https://registry.npmjs.org/lightningcss-linux-x64-musl set size:80313 disposed:false
2878 http cache https://registry.npmjs.org/lightningcss-linux-arm-gnueabihf 55ms (cache hit)
2879 silly packumentCache full:https://registry.npmjs.org/lightningcss-linux-arm-gnueabihf set size:80903 disposed:false
2880 http cache https://registry.npmjs.org/source-map-js 40ms (cache hit)
2881 silly packumentCache full:https://registry.npmjs.org/source-map-js set size:62640 disposed:false
2882 http cache https://registry.npmjs.org/lightningcss-android-arm64 48ms (cache hit)
2883 silly packumentCache full:https://registry.npmjs.org/lightningcss-android-arm64 set size:7671 disposed:false
2884 http cache https://registry.npmjs.org/lightningcss-freebsd-x64 52ms (cache hit)
2885 silly packumentCache full:https://registry.npmjs.org/lightningcss-freebsd-x64 set size:42877 disposed:false
2886 silly placeDep ROOT @xmldom/xmldom@0.8.13 OK for: @expo/plist@0.4.8 want: ^0.8.8
2887 silly placeDep ROOT base64-js@1.5.1 OK for: @expo/plist@0.4.8 want: ^1.2.3
2888 silly placeDep ROOT xmlbuilder@15.1.1 OK for: @expo/plist@0.4.8 want: ^15.1.1
2889 silly fetch manifest @babel/core@^7.12.0
2890 silly packumentCache full:https://registry.npmjs.org/@babel%2fcore cache-hit
2891 silly placeDep ROOT @babel/plugin-proposal-decorators@7.29.0 OK for: babel-preset-expo@54.0.10 want: ^7.12.9
2892 silly placeDep ROOT @babel/plugin-proposal-export-default-from@7.27.1 OK for: babel-preset-expo@54.0.10 want: ^7.24.7
2893 silly placeDep ROOT @babel/plugin-syntax-export-default-from@7.28.6 OK for: babel-preset-expo@54.0.10 want: ^7.24.7
2894 silly placeDep ROOT @babel/plugin-transform-class-static-block@7.28.6 OK for: babel-preset-expo@54.0.10 want: ^7.27.1
2895 silly placeDep ROOT @babel/plugin-transform-export-namespace-from@7.27.1 OK for: babel-preset-expo@54.0.10 want: ^7.25.9
2896 silly placeDep ROOT @babel/plugin-transform-flow-strip-types@7.27.1 OK for: babel-preset-expo@54.0.10 want: ^7.25.2
2897 silly placeDep ROOT @babel/plugin-transform-modules-commonjs@7.28.6 OK for: babel-preset-expo@54.0.10 want: ^7.24.8
2898 silly placeDep ROOT @babel/plugin-transform-object-rest-spread@7.28.6 OK for: babel-preset-expo@54.0.10 want: ^7.24.7
2899 silly placeDep ROOT @babel/plugin-transform-parameters@7.27.7 OK for: babel-preset-expo@54.0.10 want: ^7.24.7
2900 silly placeDep ROOT @babel/plugin-transform-private-methods@7.28.6 OK for: babel-preset-expo@54.0.10 want: ^7.24.7
2901 silly placeDep ROOT @babel/plugin-transform-private-property-in-object@7.28.6 OK for: babel-preset-expo@54.0.10 want: ^7.24.7
2902 silly placeDep ROOT @babel/plugin-transform-runtime@7.29.0 OK for: babel-preset-expo@54.0.10 want: ^7.24.7
2903 silly placeDep ROOT @babel/preset-react@7.28.5 OK for: babel-preset-expo@54.0.10 want: ^7.22.15
2904 silly placeDep ROOT @babel/preset-typescript@7.28.5 OK for: babel-preset-expo@54.0.10 want: ^7.23.0
2905 silly placeDep ROOT @react-native/babel-preset@0.81.5 OK for: babel-preset-expo@54.0.10 want: 0.81.5
2906 silly placeDep ROOT babel-plugin-react-compiler@1.0.0 OK for: babel-preset-expo@54.0.10 want: ^1.0.0
2907 silly placeDep ROOT babel-plugin-react-native-web@0.21.2 OK for: babel-preset-expo@54.0.10 want: ~0.21.0
2908 silly placeDep ROOT babel-plugin-syntax-hermes-parser@0.29.1 OK for: babel-preset-expo@54.0.10 want: ^0.29.1
2909 silly placeDep ROOT babel-plugin-transform-flow-enums@0.0.2 OK for: babel-preset-expo@54.0.10 want: ^0.0.2
2910 silly fetch manifest @babel/helper-plugin-utils@^7.28.6
2911 silly packumentCache full:https://registry.npmjs.org/@babel%2fhelper-plugin-utils cache-miss
2912 silly fetch manifest @babel/plugin-syntax-decorators@^7.28.6
2913 silly packumentCache full:https://registry.npmjs.org/@babel%2fplugin-syntax-decorators cache-miss
2914 silly fetch manifest @babel/helper-create-class-features-plugin@^7.28.6
2915 silly packumentCache full:https://registry.npmjs.org/@babel%2fhelper-create-class-features-plugin cache-miss
2916 silly fetch manifest @babel/helper-plugin-utils@^7.27.1
2917 silly packumentCache full:https://registry.npmjs.org/@babel%2fhelper-plugin-utils cache-miss
2918 silly fetch manifest @babel/helper-plugin-utils@^7.28.6
2919 silly packumentCache full:https://registry.npmjs.org/@babel%2fhelper-plugin-utils cache-miss
2920 silly fetch manifest @babel/helper-plugin-utils@^7.28.6
2921 silly packumentCache full:https://registry.npmjs.org/@babel%2fhelper-plugin-utils cache-miss
2922 silly fetch manifest @babel/helper-create-class-features-plugin@^7.28.6
2923 silly packumentCache full:https://registry.npmjs.org/@babel%2fhelper-create-class-features-plugin cache-miss
2924 http cache https://registry.npmjs.org/@babel%2fhelper-create-class-features-plugin 42ms (cache hit)
2925 silly packumentCache full:https://registry.npmjs.org/@babel%2fhelper-create-class-features-plugin set size:365053 disposed:false
2926 silly fetch manifest @babel/helper-plugin-utils@^7.27.1
2927 silly packumentCache full:https://registry.npmjs.org/@babel%2fhelper-plugin-utils cache-miss
2928 http cache https://registry.npmjs.org/@babel%2fhelper-plugin-utils 49ms (cache hit)
2929 silly packumentCache full:https://registry.npmjs.org/@babel%2fhelper-plugin-utils set size:163951 disposed:false
2930 silly fetch manifest @babel/plugin-syntax-flow@^7.27.1
2931 silly packumentCache full:https://registry.npmjs.org/@babel%2fplugin-syntax-flow cache-miss
2932 http cache https://registry.npmjs.org/@babel%2fhelper-create-class-features-plugin 60ms (cache hit)
2933 silly packumentCache full:https://registry.npmjs.org/@babel%2fhelper-create-class-features-plugin set size:365053 disposed:false
2934 silly packumentCache full:https://registry.npmjs.org/@babel%2fhelper-create-class-features-plugin dispose
2935 silly fetch manifest @babel/helper-plugin-utils@^7.28.6
2936 silly packumentCache full:https://registry.npmjs.org/@babel%2fhelper-plugin-utils cache-hit
2937 silly fetch manifest @babel/plugin-transform-parameters@^7.27.7
2938 silly packumentCache full:https://registry.npmjs.org/@babel%2fplugin-transform-parameters cache-hit
2939 silly fetch manifest @babel/plugin-transform-destructuring@^7.28.5
2940 silly packumentCache full:https://registry.npmjs.org/@babel%2fplugin-transform-destructuring cache-miss
2941 http cache https://registry.npmjs.org/@babel%2fhelper-plugin-utils 77ms (cache hit)
2942 silly packumentCache full:https://registry.npmjs.org/@babel%2fhelper-plugin-utils set size:163951 disposed:false
2943 silly packumentCache full:https://registry.npmjs.org/@babel%2fhelper-plugin-utils dispose
2944 silly fetch manifest @babel/helper-annotate-as-pure@^7.27.3
2945 silly packumentCache full:https://registry.npmjs.org/@babel%2fhelper-annotate-as-pure cache-miss
2946 http cache https://registry.npmjs.org/@babel%2fhelper-plugin-utils 87ms (cache hit)
2947 silly packumentCache full:https://registry.npmjs.org/@babel%2fhelper-plugin-utils set size:163951 disposed:true
2948 silly packumentCache full:https://registry.npmjs.org/@babel%2fhelper-plugin-utils dispose
2949 silly fetch manifest babel-plugin-polyfill-corejs2@^0.4.14
2950 silly packumentCache full:https://registry.npmjs.org/babel-plugin-polyfill-corejs2 cache-miss
2951 http cache https://registry.npmjs.org/@babel%2fplugin-syntax-decorators 93ms (cache hit)
2952 silly packumentCache full:https://registry.npmjs.org/@babel%2fplugin-syntax-decorators set size:203546 disposed:false
2953 silly fetch manifest babel-plugin-polyfill-corejs3@^0.13.0
2954 silly packumentCache full:https://registry.npmjs.org/babel-plugin-polyfill-corejs3 cache-miss
2955 http cache https://registry.npmjs.org/@babel%2fhelper-plugin-utils 96ms (cache hit)
2956 silly packumentCache full:https://registry.npmjs.org/@babel%2fhelper-plugin-utils set size:163951 disposed:true
2957 silly packumentCache full:https://registry.npmjs.org/@babel%2fhelper-plugin-utils dispose
2958 silly fetch manifest babel-plugin-polyfill-regenerator@^0.6.5
2959 silly packumentCache full:https://registry.npmjs.org/babel-plugin-polyfill-regenerator cache-miss
2960 http cache https://registry.npmjs.org/@babel%2fplugin-syntax-flow 58ms (cache hit)
2961 silly packumentCache full:https://registry.npmjs.org/@babel%2fplugin-syntax-flow set size:188912 disposed:false
2962 silly fetch manifest @babel/plugin-transform-react-jsx@^7.27.1
2963 silly packumentCache full:https://registry.npmjs.org/@babel%2fplugin-transform-react-jsx cache-miss
2964 http cache https://registry.npmjs.org/@babel%2fhelper-plugin-utils 74ms (cache hit)
2965 silly packumentCache full:https://registry.npmjs.org/@babel%2fhelper-plugin-utils set size:163951 disposed:true
2966 silly packumentCache full:https://registry.npmjs.org/@babel%2fhelper-plugin-utils dispose
2967 silly fetch manifest @babel/plugin-transform-react-display-name@^7.28.0
2968 silly packumentCache full:https://registry.npmjs.org/@babel%2fplugin-transform-react-display-name cache-miss
2969 http cache https://registry.npmjs.org/@babel%2fhelper-annotate-as-pure 52ms (cache hit)
2970 silly packumentCache full:https://registry.npmjs.org/@babel%2fhelper-annotate-as-pure set size:171595 disposed:false
2971 silly fetch manifest @babel/plugin-transform-react-jsx-development@^7.27.1
2972 silly packumentCache full:https://registry.npmjs.org/@babel%2fplugin-transform-react-jsx-development cache-miss
2973 http cache https://registry.npmjs.org/@babel%2fplugin-transform-destructuring 65ms (cache hit)
2974 silly packumentCache full:https://registry.npmjs.org/@babel%2fplugin-transform-destructuring set size:288677 disposed:false
2975 silly fetch manifest @babel/plugin-transform-react-pure-annotations@^7.27.1
2976 silly packumentCache full:https://registry.npmjs.org/@babel%2fplugin-transform-react-pure-annotations cache-miss
2977 http cache https://registry.npmjs.org/babel-plugin-polyfill-corejs3 53ms (cache hit)
2978 silly packumentCache full:https://registry.npmjs.org/babel-plugin-polyfill-corejs3 set size:150424 disposed:false
2979 silly fetch manifest @babel/plugin-syntax-jsx@^7.27.1
2980 silly packumentCache full:https://registry.npmjs.org/@babel%2fplugin-syntax-jsx cache-miss
2981 http cache https://registry.npmjs.org/babel-plugin-polyfill-corejs2 63ms (cache hit)
2982 silly packumentCache full:https://registry.npmjs.org/babel-plugin-polyfill-corejs2 set size:116417 disposed:false
2983 silly fetch manifest @babel/plugin-transform-typescript@^7.28.5
2984 silly packumentCache full:https://registry.npmjs.org/@babel%2fplugin-transform-typescript cache-miss
2985 http cache https://registry.npmjs.org/babel-plugin-polyfill-regenerator 59ms (cache hit)
2986 silly packumentCache full:https://registry.npmjs.org/babel-plugin-polyfill-regenerator set size:98875 disposed:false
2987 silly fetch manifest @babel/plugin-transform-for-of@^7.24.7
2988 silly packumentCache full:https://registry.npmjs.org/@babel%2fplugin-transform-for-of cache-miss
2989 http cache https://registry.npmjs.org/@babel%2fplugin-transform-react-jsx 70ms (cache hit)
2990 silly packumentCache full:https://registry.npmjs.org/@babel%2fplugin-transform-react-jsx set size:284411 disposed:false
2991 silly fetch manifest @babel/plugin-transform-spread@^7.24.7
2992 silly packumentCache full:https://registry.npmjs.org/@babel%2fplugin-transform-spread cache-miss
2993 http cache https://registry.npmjs.org/@babel%2fplugin-transform-react-display-name 76ms (cache hit)
2994 silly packumentCache full:https://registry.npmjs.org/@babel%2fplugin-transform-react-display-name set size:205760 disposed:false
2995 silly fetch manifest @babel/plugin-transform-classes@^7.25.4
2996 silly packumentCache full:https://registry.npmjs.org/@babel%2fplugin-transform-classes cache-hit
2997 silly fetch manifest @babel/plugin-transform-literals@^7.25.2
2998 silly packumentCache full:https://registry.npmjs.org/@babel%2fplugin-transform-literals cache-miss
2999 http cache https://registry.npmjs.org/@babel%2fplugin-transform-react-jsx-development 76ms (cache hit)
3000 silly packumentCache full:https://registry.npmjs.org/@babel%2fplugin-transform-react-jsx-development set size:122283 disposed:false
3001 silly fetch manifest @babel/plugin-transform-react-jsx@^7.25.2
3002 silly packumentCache full:https://registry.npmjs.org/@babel%2fplugin-transform-react-jsx cache-hit
3003 silly fetch manifest @babel/plugin-transform-typescript@^7.25.2
3004 silly packumentCache full:https://registry.npmjs.org/@babel%2fplugin-transform-typescript cache-miss
3005 http cache https://registry.npmjs.org/@babel%2fplugin-transform-react-pure-annotations 79ms (cache hit)
3006 silly packumentCache full:https://registry.npmjs.org/@babel%2fplugin-transform-react-pure-annotations set size:114282 disposed:false
3007 silly fetch manifest @react-native/babel-plugin-codegen@0.81.5
3008 silly packumentCache full:https://registry.npmjs.org/@react-native%2fbabel-plugin-codegen cache-miss
3009 http cache https://registry.npmjs.org/@babel%2fplugin-syntax-jsx 78ms (cache hit)
3010 silly packumentCache full:https://registry.npmjs.org/@babel%2fplugin-syntax-jsx set size:182973 disposed:false
3011 silly fetch manifest @babel/plugin-syntax-dynamic-import@^7.8.3
3012 silly packumentCache full:https://registry.npmjs.org/@babel%2fplugin-syntax-dynamic-import cache-miss
3013 http cache https://registry.npmjs.org/@babel%2fplugin-transform-for-of 79ms (cache hit)
3014 silly packumentCache full:https://registry.npmjs.org/@babel%2fplugin-transform-for-of set size:232987 disposed:false
3015 silly fetch manifest @babel/plugin-transform-regenerator@^7.24.7
3016 silly packumentCache full:https://registry.npmjs.org/@babel%2fplugin-transform-regenerator cache-miss
3017 http cache https://registry.npmjs.org/@babel%2fplugin-transform-typescript 91ms (cache hit)
3018 silly packumentCache full:https://registry.npmjs.org/@babel%2fplugin-transform-typescript set size:388299 disposed:false
3019 silly fetch manifest @babel/plugin-transform-sticky-regex@^7.24.7
3020 silly packumentCache full:https://registry.npmjs.org/@babel%2fplugin-transform-sticky-regex cache-miss
3021 http cache https://registry.npmjs.org/@babel%2fplugin-transform-spread 74ms (cache hit)
3022 silly packumentCache full:https://registry.npmjs.org/@babel%2fplugin-transform-spread set size:219841 disposed:false
3023 silly fetch manifest @babel/plugin-transform-block-scoping@^7.25.0
3024 silly packumentCache full:https://registry.npmjs.org/@babel%2fplugin-transform-block-scoping cache-miss
3025 http cache https://registry.npmjs.org/@babel%2fplugin-transform-typescript 71ms (cache hit)
3026 silly packumentCache full:https://registry.npmjs.org/@babel%2fplugin-transform-typescript set size:388299 disposed:false
3027 silly packumentCache full:https://registry.npmjs.org/@babel%2fplugin-transform-typescript dispose
3028 silly fetch manifest @babel/plugin-transform-destructuring@^7.24.8
3029 silly packumentCache full:https://registry.npmjs.org/@babel%2fplugin-transform-destructuring cache-hit
3030 silly fetch manifest @babel/plugin-transform-function-name@^7.25.1
3031 silly packumentCache full:https://registry.npmjs.org/@babel%2fplugin-transform-function-name cache-miss
3032 http cache https://registry.npmjs.org/@babel%2fplugin-transform-literals 88ms (cache hit)
3033 silly packumentCache full:https://registry.npmjs.org/@babel%2fplugin-transform-literals set size:195330 disposed:false
3034 silly fetch manifest @babel/plugin-transform-unicode-regex@^7.24.7
3035 silly packumentCache full:https://registry.npmjs.org/@babel%2fplugin-transform-unicode-regex cache-hit
3036 silly fetch manifest @babel/plugin-syntax-optional-chaining@^7.8.3
3037 silly packumentCache full:https://registry.npmjs.org/@babel%2fplugin-syntax-optional-chaining cache-miss
3038 http cache https://registry.npmjs.org/@babel%2fplugin-transform-regenerator 58ms (cache hit)
3039 silly packumentCache full:https://registry.npmjs.org/@babel%2fplugin-transform-regenerator set size:264228 disposed:false
3040 silly fetch manifest @babel/plugin-transform-react-jsx-self@^7.24.7
3041 silly packumentCache full:https://registry.npmjs.org/@babel%2fplugin-transform-react-jsx-self cache-miss
3042 http cache https://registry.npmjs.org/@babel%2fplugin-syntax-dynamic-import 76ms (cache hit)
3043 silly packumentCache full:https://registry.npmjs.org/@babel%2fplugin-syntax-dynamic-import set size:81432 disposed:false
3044 silly fetch manifest @babel/plugin-transform-arrow-functions@^7.24.7
3045 silly packumentCache full:https://registry.npmjs.org/@babel%2fplugin-transform-arrow-functions cache-hit
3046 silly fetch manifest @babel/plugin-transform-class-properties@^7.25.4
3047 silly packumentCache full:https://registry.npmjs.org/@babel%2fplugin-transform-class-properties cache-hit
3048 silly fetch manifest @babel/plugin-transform-react-jsx-source@^7.24.7
3049 silly packumentCache full:https://registry.npmjs.org/@babel%2fplugin-transform-react-jsx-source cache-miss
3050 http cache https://registry.npmjs.org/@react-native%2fbabel-plugin-codegen 95ms (cache hit)
3051 silly packumentCache full:https://registry.npmjs.org/@react-native%2fbabel-plugin-codegen set size:2117192 disposed:false
3052 silly fetch manifest @babel/plugin-transform-numeric-separator@^7.24.7
3053 silly packumentCache full:https://registry.npmjs.org/@babel%2fplugin-transform-numeric-separator cache-miss
3054 http cache https://registry.npmjs.org/@babel%2fplugin-transform-sticky-regex 94ms (cache hit)
3055 silly packumentCache full:https://registry.npmjs.org/@babel%2fplugin-transform-sticky-regex set size:194701 disposed:false
3056 silly fetch manifest @babel/plugin-transform-optional-chaining@^7.24.8
3057 silly packumentCache full:https://registry.npmjs.org/@babel%2fplugin-transform-optional-chaining cache-hit
3058 silly fetch manifest @babel/plugin-transform-async-to-generator@^7.24.7
3059 silly packumentCache full:https://registry.npmjs.org/@babel%2fplugin-transform-async-to-generator cache-miss
3060 http cache https://registry.npmjs.org/@babel%2fplugin-transform-block-scoping 89ms (cache hit)
3061 silly packumentCache full:https://registry.npmjs.org/@babel%2fplugin-transform-block-scoping set size:312769 disposed:false
3062 silly fetch manifest @babel/plugin-transform-react-display-name@^7.24.7
3063 silly packumentCache full:https://registry.npmjs.org/@babel%2fplugin-transform-react-display-name cache-hit
3064 silly fetch manifest @babel/plugin-transform-computed-properties@^7.24.7
3065 silly packumentCache full:https://registry.npmjs.org/@babel%2fplugin-transform-computed-properties cache-miss
3066 http cache https://registry.npmjs.org/@babel%2fplugin-syntax-optional-chaining 72ms (cache hit)
3067 silly packumentCache full:https://registry.npmjs.org/@babel%2fplugin-syntax-optional-chaining set size:82606 disposed:false
3068 silly fetch manifest @babel/plugin-transform-shorthand-properties@^7.24.7
3069 silly packumentCache full:https://registry.npmjs.org/@babel%2fplugin-transform-shorthand-properties cache-hit
3070 silly fetch manifest @babel/plugin-transform-optional-catch-binding@^7.24.7
3071 silly packumentCache full:https://registry.npmjs.org/@babel%2fplugin-transform-optional-catch-binding cache-miss
3072 http cache https://registry.npmjs.org/@babel%2fplugin-transform-function-name 83ms (cache hit)
3073 silly packumentCache full:https://registry.npmjs.org/@babel%2fplugin-transform-function-name set size:216895 disposed:false
3074 silly fetch manifest @babel/plugin-syntax-nullish-coalescing-operator@^7.8.3
3075 silly packumentCache full:https://registry.npmjs.org/@babel%2fplugin-syntax-nullish-coalescing-operator cache-miss
3076 http cache https://registry.npmjs.org/@babel%2fplugin-transform-react-jsx-self 76ms (cache hit)
3077 silly packumentCache full:https://registry.npmjs.org/@babel%2fplugin-transform-react-jsx-self set size:198119 disposed:false
3078 silly fetch manifest @babel/plugin-transform-async-generator-functions@^7.25.4
3079 silly packumentCache full:https://registry.npmjs.org/@babel%2fplugin-transform-async-generator-functions cache-miss
3080 http cache https://registry.npmjs.org/@babel%2fplugin-transform-react-jsx-source 78ms (cache hit)
3081 silly packumentCache full:https://registry.npmjs.org/@babel%2fplugin-transform-react-jsx-source set size:203114 disposed:false
3082 silly fetch manifest @babel/plugin-transform-nullish-coalescing-operator@^7.24.7
3083 silly packumentCache full:https://registry.npmjs.org/@babel%2fplugin-transform-nullish-coalescing-operator cache-hit
3084 silly fetch manifest @babel/plugin-transform-logical-assignment-operators@^7.24.7
3085 silly packumentCache full:https://registry.npmjs.org/@babel%2fplugin-transform-logical-assignment-operators cache-miss
3086 http cache https://registry.npmjs.org/@babel%2fplugin-transform-numeric-separator 68ms (cache hit)
3087 silly packumentCache full:https://registry.npmjs.org/@babel%2fplugin-transform-numeric-separator set size:84467 disposed:false
3088 silly fetch manifest @babel/plugin-transform-named-capturing-groups-regex@^7.24.7
3089 silly packumentCache full:https://registry.npmjs.org/@babel%2fplugin-transform-named-capturing-groups-regex cache-miss
3090 http cache https://registry.npmjs.org/@babel%2fplugin-transform-async-to-generator 66ms (cache hit)
3091 silly packumentCache full:https://registry.npmjs.org/@babel%2fplugin-transform-async-to-generator set size:235159 disposed:false
3092 silly fetch manifest @babel/plugin-syntax-flow@^7.12.1
3093 silly packumentCache full:https://registry.npmjs.org/@babel%2fplugin-syntax-flow cache-hit
3094 http cache https://registry.npmjs.org/@babel%2fplugin-transform-computed-properties 69ms (cache hit)
3095 silly packumentCache full:https://registry.npmjs.org/@babel%2fplugin-transform-computed-properties set size:213271 disposed:false
3096 http cache https://registry.npmjs.org/@babel%2fplugin-syntax-nullish-coalescing-operator 58ms (cache hit)
3097 silly packumentCache full:https://registry.npmjs.org/@babel%2fplugin-syntax-nullish-coalescing-operator set size:85378 disposed:false
3098 http cache https://registry.npmjs.org/@babel%2fplugin-transform-optional-catch-binding 67ms (cache hit)
3099 silly packumentCache full:https://registry.npmjs.org/@babel%2fplugin-transform-optional-catch-binding set size:81867 disposed:false
3100 http cache https://registry.npmjs.org/@babel%2fplugin-transform-async-generator-functions 56ms (cache hit)
3101 silly packumentCache full:https://registry.npmjs.org/@babel%2fplugin-transform-async-generator-functions set size:115661 disposed:false
3102 http cache https://registry.npmjs.org/@babel%2fplugin-transform-logical-assignment-operators 51ms (cache hit)
3103 silly packumentCache full:https://registry.npmjs.org/@babel%2fplugin-transform-logical-assignment-operators set size:90500 disposed:false
3104 http cache https://registry.npmjs.org/@babel%2fplugin-transform-named-capturing-groups-regex 42ms (cache hit)
3105 silly packumentCache full:https://registry.npmjs.org/@babel%2fplugin-transform-named-capturing-groups-regex set size:182298 disposed:false
3106 silly placeDep ROOT @babel/helper-create-class-features-plugin@7.28.6 OK for: @babel/plugin-proposal-decorators@7.29.0 want: ^7.28.6
3107 silly placeDep ROOT @babel/helper-plugin-utils@7.28.6 OK for: @babel/plugin-proposal-decorators@7.29.0 want: ^7.28.6
3108 silly placeDep ROOT @babel/plugin-syntax-decorators@7.28.6 OK for: @babel/plugin-proposal-decorators@7.29.0 want: ^7.28.6
3109 silly fetch manifest @babel/helper-replace-supers@^7.28.6
3110 silly packumentCache full:https://registry.npmjs.org/@babel%2fhelper-replace-supers cache-miss
3111 silly fetch manifest @babel/helper-optimise-call-expression@^7.27.1
3112 silly packumentCache full:https://registry.npmjs.org/@babel%2fhelper-optimise-call-expression cache-miss
3113 silly fetch manifest @babel/helper-member-expression-to-functions@^7.28.5
3114 silly packumentCache full:https://registry.npmjs.org/@babel%2fhelper-member-expression-to-functions cache-miss
3115 silly fetch manifest @babel/helper-skip-transparent-expression-wrappers@^7.27.1
3116 silly packumentCache full:https://registry.npmjs.org/@babel%2fhelper-skip-transparent-expression-wrappers cache-miss
3117 http cache https://registry.npmjs.org/@babel%2fhelper-optimise-call-expression 17ms (cache hit)
3118 silly packumentCache full:https://registry.npmjs.org/@babel%2fhelper-optimise-call-expression set size:182706 disposed:false
3119 http cache https://registry.npmjs.org/@babel%2fhelper-replace-supers 21ms (cache hit)
3120 silly packumentCache full:https://registry.npmjs.org/@babel%2fhelper-replace-supers set size:257551 disposed:false
3121 http cache https://registry.npmjs.org/@babel%2fhelper-skip-transparent-expression-wrappers 24ms (cache hit)
3122 silly packumentCache full:https://registry.npmjs.org/@babel%2fhelper-skip-transparent-expression-wrappers set size:95565 disposed:false
3123 http cache https://registry.npmjs.org/@babel%2fhelper-member-expression-to-functions 27ms (cache hit)
3124 silly packumentCache full:https://registry.npmjs.org/@babel%2fhelper-member-expression-to-functions set size:218792 disposed:false
3125 silly placeDep ROOT @babel/helper-annotate-as-pure@7.27.3 OK for: @babel/helper-create-class-features-plugin@7.28.6 want: ^7.27.3
3126 silly placeDep ROOT @babel/helper-member-expression-to-functions@7.28.5 OK for: @babel/helper-create-class-features-plugin@7.28.6 want: ^7.28.5
3127 silly placeDep ROOT @babel/helper-optimise-call-expression@7.27.1 OK for: @babel/helper-create-class-features-plugin@7.28.6 want: ^7.27.1
3128 silly placeDep ROOT @babel/helper-replace-supers@7.28.6 OK for: @babel/helper-create-class-features-plugin@7.28.6 want: ^7.28.6
3129 silly placeDep ROOT @babel/helper-skip-transparent-expression-wrappers@7.27.1 OK for: @babel/helper-create-class-features-plugin@7.28.6 want: ^7.27.1
3130 silly placeDep ROOT @babel/plugin-syntax-flow@7.28.6 OK for: @babel/plugin-transform-flow-strip-types@7.27.1 want: ^7.27.1
3131 silly placeDep ROOT @babel/plugin-transform-destructuring@7.28.5 OK for: @babel/plugin-transform-object-rest-spread@7.28.6 want: ^7.28.5
3132 silly placeDep ROOT babel-plugin-polyfill-corejs2@0.4.17 OK for: @babel/plugin-transform-runtime@7.29.0 want: ^0.4.14
3133 silly placeDep ROOT babel-plugin-polyfill-corejs3@0.13.0 OK for: @babel/plugin-transform-runtime@7.29.0 want: ^0.13.0
3134 silly placeDep ROOT babel-plugin-polyfill-regenerator@0.6.8 OK for: @babel/plugin-transform-runtime@7.29.0 want: ^0.6.5
3135 silly fetch manifest @babel/helper-define-polyfill-provider@^0.6.8
3136 silly packumentCache full:https://registry.npmjs.org/@babel%2fhelper-define-polyfill-provider cache-miss
3137 silly fetch manifest core-js-compat@^3.43.0
3138 silly packumentCache full:https://registry.npmjs.org/core-js-compat cache-miss
3139 silly fetch manifest @babel/helper-define-polyfill-provider@^0.6.5
3140 silly packumentCache full:https://registry.npmjs.org/@babel%2fhelper-define-polyfill-provider cache-miss
3141 silly fetch manifest @babel/helper-define-polyfill-provider@^0.6.8
3142 silly packumentCache full:https://registry.npmjs.org/@babel%2fhelper-define-polyfill-provider cache-miss
3143 http cache https://registry.npmjs.org/core-js-compat 22ms (cache hit)
3144 silly packumentCache full:https://registry.npmjs.org/core-js-compat set size:345744 disposed:false
3145 http cache https://registry.npmjs.org/@babel%2fhelper-define-polyfill-provider 54ms (cache hit)
3146 silly packumentCache full:https://registry.npmjs.org/@babel%2fhelper-define-polyfill-provider set size:116586 disposed:false
3147 http cache https://registry.npmjs.org/@babel%2fhelper-define-polyfill-provider 59ms (cache hit)
3148 silly packumentCache full:https://registry.npmjs.org/@babel%2fhelper-define-polyfill-provider set size:116586 disposed:false
3149 silly packumentCache full:https://registry.npmjs.org/@babel%2fhelper-define-polyfill-provider dispose
3150 http cache https://registry.npmjs.org/@babel%2fhelper-define-polyfill-provider 64ms (cache hit)
3151 silly packumentCache full:https://registry.npmjs.org/@babel%2fhelper-define-polyfill-provider set size:116586 disposed:true
3152 silly packumentCache full:https://registry.npmjs.org/@babel%2fhelper-define-polyfill-provider dispose
3153 silly placeDep ROOT @babel/plugin-transform-react-display-name@7.28.0 OK for: @babel/preset-react@7.28.5 want: ^7.28.0
3154 silly placeDep ROOT @babel/plugin-transform-react-jsx@7.28.6 OK for: @babel/preset-react@7.28.5 want: ^7.27.1
3155 silly placeDep ROOT @babel/plugin-transform-react-jsx-development@7.27.1 OK for: @babel/preset-react@7.28.5 want: ^7.27.1
3156 silly placeDep ROOT @babel/plugin-transform-react-pure-annotations@7.27.1 OK for: @babel/preset-react@7.28.5 want: ^7.27.1
3157 silly fetch manifest @babel/plugin-syntax-jsx@^7.28.6
3158 silly packumentCache full:https://registry.npmjs.org/@babel%2fplugin-syntax-jsx cache-hit
3159 silly placeDep ROOT @babel/plugin-syntax-jsx@7.28.6 OK for: @babel/plugin-transform-react-jsx@7.28.6 want: ^7.28.6
3160 silly placeDep ROOT @babel/plugin-transform-typescript@7.28.6 OK for: @babel/preset-typescript@7.28.5 want: ^7.28.5
3161 silly fetch manifest @babel/plugin-syntax-typescript@^7.28.6
3162 silly packumentCache full:https://registry.npmjs.org/@babel%2fplugin-syntax-typescript cache-miss
3163 http cache https://registry.npmjs.org/@babel%2fplugin-syntax-typescript 19ms (cache hit)
3164 silly packumentCache full:https://registry.npmjs.org/@babel%2fplugin-syntax-typescript set size:206321 disposed:false
3165 silly placeDep ROOT @babel/plugin-syntax-typescript@7.28.6 OK for: @babel/plugin-transform-typescript@7.28.6 want: ^7.28.6
3166 silly fetch manifest @babel/core@^7.25.2
3167 silly packumentCache full:https://registry.npmjs.org/@babel%2fcore cache-hit
3168 silly placeDep ROOT @babel/plugin-syntax-dynamic-import@7.8.3 OK for: @react-native/babel-preset@0.81.5 want: ^7.8.3
3169 silly placeDep ROOT @babel/plugin-syntax-nullish-coalescing-operator@7.8.3 OK for: @react-native/babel-preset@0.81.5 want: ^7.8.3
3170 silly placeDep ROOT @babel/plugin-syntax-optional-chaining@7.8.3 OK for: @react-native/babel-preset@0.81.5 want: ^7.8.3
3171 silly placeDep ROOT @babel/plugin-transform-arrow-functions@7.27.1 OK for: @react-native/babel-preset@0.81.5 want: ^7.24.7
3172 silly placeDep ROOT @babel/plugin-transform-async-generator-functions@7.29.0 OK for: @react-native/babel-preset@0.81.5 want: ^7.25.4
3173 silly placeDep ROOT @babel/plugin-transform-async-to-generator@7.28.6 OK for: @react-native/babel-preset@0.81.5 want: ^7.24.7
3174 silly placeDep ROOT @babel/plugin-transform-block-scoping@7.28.6 OK for: @react-native/babel-preset@0.81.5 want: ^7.25.0
3175 silly placeDep ROOT @babel/plugin-transform-class-properties@7.28.6 OK for: @react-native/babel-preset@0.81.5 want: ^7.25.4
3176 silly placeDep ROOT @babel/plugin-transform-classes@7.28.6 OK for: @react-native/babel-preset@0.81.5 want: ^7.25.4
3177 silly placeDep ROOT @babel/plugin-transform-computed-properties@7.28.6 OK for: @react-native/babel-preset@0.81.5 want: ^7.24.7
3178 silly placeDep ROOT @babel/plugin-transform-for-of@7.27.1 OK for: @react-native/babel-preset@0.81.5 want: ^7.24.7
3179 silly placeDep ROOT @babel/plugin-transform-function-name@7.27.1 OK for: @react-native/babel-preset@0.81.5 want: ^7.25.1
3180 silly placeDep ROOT @babel/plugin-transform-literals@7.27.1 OK for: @react-native/babel-preset@0.81.5 want: ^7.25.2
3181 silly placeDep ROOT @babel/plugin-transform-logical-assignment-operators@7.28.6 OK for: @react-native/babel-preset@0.81.5 want: ^7.24.7
3182 silly placeDep ROOT @babel/plugin-transform-named-capturing-groups-regex@7.29.0 OK for: @react-native/babel-preset@0.81.5 want: ^7.24.7
3183 silly placeDep ROOT @babel/plugin-transform-nullish-coalescing-operator@7.28.6 OK for: @react-native/babel-preset@0.81.5 want: ^7.24.7
3184 silly placeDep ROOT @babel/plugin-transform-numeric-separator@7.28.6 OK for: @react-native/babel-preset@0.81.5 want: ^7.24.7
3185 silly placeDep ROOT @babel/plugin-transform-optional-catch-binding@7.28.6 OK for: @react-native/babel-preset@0.81.5 want: ^7.24.7
3186 silly placeDep ROOT @babel/plugin-transform-optional-chaining@7.28.6 OK for: @react-native/babel-preset@0.81.5 want: ^7.24.8
3187 silly placeDep ROOT @babel/plugin-transform-react-jsx-self@7.27.1 OK for: @react-native/babel-preset@0.81.5 want: ^7.24.7
3188 silly placeDep ROOT @babel/plugin-transform-react-jsx-source@7.27.1 OK for: @react-native/babel-preset@0.81.5 want: ^7.24.7
3189 silly placeDep ROOT @babel/plugin-transform-regenerator@7.29.0 OK for: @react-native/babel-preset@0.81.5 want: ^7.24.7
3190 silly placeDep ROOT @babel/plugin-transform-shorthand-properties@7.27.1 OK for: @react-native/babel-preset@0.81.5 want: ^7.24.7
3191 silly placeDep ROOT @babel/plugin-transform-spread@7.28.6 OK for: @react-native/babel-preset@0.81.5 want: ^7.24.7
3192 silly placeDep ROOT @babel/plugin-transform-sticky-regex@7.27.1 OK for: @react-native/babel-preset@0.81.5 want: ^7.24.7
3193 silly placeDep ROOT @babel/plugin-transform-unicode-regex@7.27.1 OK for: @react-native/babel-preset@0.81.5 want: ^7.24.7
3194 silly placeDep ROOT @react-native/babel-plugin-codegen@0.81.5 OK for: @react-native/babel-preset@0.81.5 want: 0.81.5
3195 silly fetch manifest @babel/helper-remap-async-to-generator@^7.27.1
3196 silly packumentCache full:https://registry.npmjs.org/@babel%2fhelper-remap-async-to-generator cache-miss
3197 silly fetch manifest @babel/helper-remap-async-to-generator@^7.27.1
3198 silly packumentCache full:https://registry.npmjs.org/@babel%2fhelper-remap-async-to-generator cache-miss
3199 silly fetch manifest @babel/helper-create-regexp-features-plugin@^7.28.5
3200 silly packumentCache full:https://registry.npmjs.org/@babel%2fhelper-create-regexp-features-plugin cache-miss
3201 silly fetch manifest @babel/helper-create-regexp-features-plugin@^7.27.1
3202 silly packumentCache full:https://registry.npmjs.org/@babel%2fhelper-create-regexp-features-plugin cache-miss
3203 http cache https://registry.npmjs.org/@babel%2fhelper-create-regexp-features-plugin 23ms (cache hit)
3204 silly packumentCache full:https://registry.npmjs.org/@babel%2fhelper-create-regexp-features-plugin set size:176119 disposed:false
3205 http cache https://registry.npmjs.org/@babel%2fhelper-create-regexp-features-plugin 28ms (cache hit)
3206 silly packumentCache full:https://registry.npmjs.org/@babel%2fhelper-create-regexp-features-plugin set size:176119 disposed:false
3207 silly packumentCache full:https://registry.npmjs.org/@babel%2fhelper-create-regexp-features-plugin dispose
3208 http cache https://registry.npmjs.org/@babel%2fhelper-remap-async-to-generator 34ms (cache hit)
3209 silly packumentCache full:https://registry.npmjs.org/@babel%2fhelper-remap-async-to-generator set size:217576 disposed:false
3210 http cache https://registry.npmjs.org/@babel%2fhelper-remap-async-to-generator 39ms (cache hit)
3211 silly packumentCache full:https://registry.npmjs.org/@babel%2fhelper-remap-async-to-generator set size:217576 disposed:false
3212 silly packumentCache full:https://registry.npmjs.org/@babel%2fhelper-remap-async-to-generator dispose
3213 silly placeDep ROOT @babel/helper-remap-async-to-generator@7.27.1 OK for: @babel/plugin-transform-async-generator-functions@7.29.0 want: ^7.27.1
3214 silly fetch manifest @babel/helper-wrap-function@^7.27.1
3215 silly packumentCache full:https://registry.npmjs.org/@babel%2fhelper-wrap-function cache-miss
3216 http cache https://registry.npmjs.org/@babel%2fhelper-wrap-function 11ms (cache hit)
3217 silly packumentCache full:https://registry.npmjs.org/@babel%2fhelper-wrap-function set size:215044 disposed:false
3218 silly placeDep ROOT @babel/helper-wrap-function@7.28.6 OK for: @babel/helper-remap-async-to-generator@7.27.1 want: ^7.27.1
3219 silly placeDep ROOT @babel/helper-create-regexp-features-plugin@7.28.5 OK for: @babel/plugin-transform-named-capturing-groups-regex@7.29.0 want: ^7.28.5
3220 silly fetch manifest regexpu-core@^6.3.1
3221 silly packumentCache full:https://registry.npmjs.org/regexpu-core cache-miss
3222 http cache https://registry.npmjs.org/regexpu-core 10ms (cache hit)
3223 silly packumentCache full:https://registry.npmjs.org/regexpu-core set size:156240 disposed:false
3224 silly placeDep ROOT regexpu-core@6.4.0 OK for: @babel/helper-create-regexp-features-plugin@7.28.5 want: ^6.3.1
3225 silly fetch manifest regenerate@^1.4.2
3226 silly packumentCache full:https://registry.npmjs.org/regenerate cache-miss
3227 silly fetch manifest regenerate-unicode-properties@^10.2.2
3228 silly packumentCache full:https://registry.npmjs.org/regenerate-unicode-properties cache-miss
3229 silly fetch manifest regjsgen@^0.8.0
3230 silly packumentCache full:https://registry.npmjs.org/regjsgen cache-miss
3231 silly fetch manifest regjsparser@^0.13.0
3232 silly packumentCache full:https://registry.npmjs.org/regjsparser cache-miss
3233 silly fetch manifest unicode-match-property-ecmascript@^2.0.0
3234 silly packumentCache full:https://registry.npmjs.org/unicode-match-property-ecmascript cache-miss
3235 silly fetch manifest unicode-match-property-value-ecmascript@^2.2.1
3236 silly packumentCache full:https://registry.npmjs.org/unicode-match-property-value-ecmascript cache-miss
3237 http cache https://registry.npmjs.org/regjsgen 27ms (cache hit)
3238 silly packumentCache full:https://registry.npmjs.org/regjsgen set size:26409 disposed:false
3239 http cache https://registry.npmjs.org/regenerate-unicode-properties 30ms (cache hit)
3240 silly packumentCache full:https://registry.npmjs.org/regenerate-unicode-properties set size:78166 disposed:false
3241 http cache https://registry.npmjs.org/regenerate 34ms (cache hit)
3242 silly packumentCache full:https://registry.npmjs.org/regenerate set size:56872 disposed:false
3243 http cache https://registry.npmjs.org/unicode-match-property-value-ecmascript 35ms (cache hit)
3244 silly packumentCache full:https://registry.npmjs.org/unicode-match-property-value-ecmascript set size:26439 disposed:false
3245 http cache https://registry.npmjs.org/regjsparser 39ms (cache hit)
3246 silly packumentCache full:https://registry.npmjs.org/regjsparser set size:83765 disposed:false
3247 http cache https://registry.npmjs.org/unicode-match-property-ecmascript 41ms (cache hit)
3248 silly packumentCache full:https://registry.npmjs.org/unicode-match-property-ecmascript set size:16934 disposed:false
3249 silly placeDep ROOT @react-native/codegen@0.81.5 OK for: @react-native/babel-plugin-codegen@0.81.5 want: 0.81.5
3250 silly placeDep node_modules/@react-native/codegen glob@7.2.3 OK for: @react-native/codegen@0.81.5 want: ^7.1.1
3251 silly placeDep ROOT invariant@2.2.4 OK for: @react-native/codegen@0.81.5 want: ^2.2.4
3252 silly placeDep ROOT nullthrows@1.1.1 OK for: @react-native/codegen@0.81.5 want: ^1.1.1
3253 silly placeDep ROOT yargs@17.7.2 OK for: @react-native/codegen@0.81.5 want: ^17.6.2
3254 silly fetch manifest once@^1.3.0
3255 silly packumentCache full:https://registry.npmjs.org/once cache-miss
3256 silly fetch manifest inflight@^1.0.4
3257 silly packumentCache full:https://registry.npmjs.org/inflight cache-miss
3258 silly fetch manifest inherits@2
3259 silly packumentCache full:https://registry.npmjs.org/inherits cache-miss
3260 silly fetch manifest fs.realpath@^1.0.0
3261 silly packumentCache full:https://registry.npmjs.org/fs.realpath cache-miss
3262 silly fetch manifest path-is-absolute@^1.0.0
3263 silly packumentCache full:https://registry.npmjs.org/path-is-absolute cache-miss
3264 silly fetch manifest loose-envify@^1.0.0
3265 silly packumentCache full:https://registry.npmjs.org/loose-envify cache-hit
3266 silly fetch manifest y18n@^5.0.5
3267 silly packumentCache full:https://registry.npmjs.org/y18n cache-miss
3268 silly fetch manifest cliui@^8.0.1
3269 silly packumentCache full:https://registry.npmjs.org/cliui cache-miss
3270 http cache https://registry.npmjs.org/inflight 27ms (cache hit)
3271 silly packumentCache full:https://registry.npmjs.org/inflight set size:13140 disposed:false
3272 silly fetch manifest escalade@^3.1.1
3273 silly packumentCache full:https://registry.npmjs.org/escalade cache-hit
3274 silly fetch manifest string-width@^4.2.3
3275 silly packumentCache full:https://registry.npmjs.org/string-width cache-miss
3276 http cache https://registry.npmjs.org/path-is-absolute 29ms (cache hit)
3277 silly packumentCache full:https://registry.npmjs.org/path-is-absolute set size:8253 disposed:false
3278 silly fetch manifest yargs-parser@^21.1.1
3279 silly packumentCache full:https://registry.npmjs.org/yargs-parser cache-miss
3280 http cache https://registry.npmjs.org/fs.realpath 32ms (cache hit)
3281 silly packumentCache full:https://registry.npmjs.org/fs.realpath set size:4806 disposed:false
3282 silly fetch manifest get-caller-file@^2.0.5
3283 silly packumentCache full:https://registry.npmjs.org/get-caller-file cache-miss
3284 http cache https://registry.npmjs.org/once 35ms (cache hit)
3285 silly packumentCache full:https://registry.npmjs.org/once set size:11752 disposed:false
3286 silly fetch manifest require-directory@^2.1.1
3287 silly packumentCache full:https://registry.npmjs.org/require-directory cache-miss
3288 http cache https://registry.npmjs.org/cliui 33ms (cache hit)
3289 silly packumentCache full:https://registry.npmjs.org/cliui set size:69089 disposed:false
3290 http cache https://registry.npmjs.org/inherits 40ms (cache hit)
3291 silly packumentCache full:https://registry.npmjs.org/inherits set size:12925 disposed:false
3292 http cache https://registry.npmjs.org/y18n 41ms (cache hit)
3293 silly packumentCache full:https://registry.npmjs.org/y18n set size:76155 disposed:false
3294 http cache https://registry.npmjs.org/string-width 36ms (cache hit)
3295 silly packumentCache full:https://registry.npmjs.org/string-width set size:70381 disposed:false
3296 http cache https://registry.npmjs.org/get-caller-file 36ms (cache hit)
3297 silly packumentCache full:https://registry.npmjs.org/get-caller-file set size:26456 disposed:false
3298 http cache https://registry.npmjs.org/require-directory 38ms (cache hit)
3299 silly packumentCache full:https://registry.npmjs.org/require-directory set size:26866 disposed:false
3300 http cache https://registry.npmjs.org/yargs-parser 47ms (cache hit)
3301 silly packumentCache full:https://registry.npmjs.org/yargs-parser set size:238630 disposed:false
3302 silly fetch manifest @babel/core@^7.4.0 || ^8.0.0-0 <8.0.0
3303 silly packumentCache full:https://registry.npmjs.org/@babel%2fcore cache-hit
3304 silly placeDep ROOT @babel/helper-define-polyfill-provider@0.6.8 OK for: babel-plugin-polyfill-corejs2@0.4.17 want: ^0.6.8
3305 silly fetch manifest resolve@^1.22.11
3306 silly packumentCache full:https://registry.npmjs.org/resolve cache-hit
3307 silly fetch manifest lodash.debounce@^4.0.8
3308 silly packumentCache full:https://registry.npmjs.org/lodash.debounce cache-miss
3309 http cache https://registry.npmjs.org/lodash.debounce 40ms (cache hit)
3310 silly packumentCache full:https://registry.npmjs.org/lodash.debounce set size:44123 disposed:false
3311 silly placeDep ROOT lodash.debounce@4.0.8 OK for: @babel/helper-define-polyfill-provider@0.6.8 want: ^4.0.8
3312 silly placeDep node_modules/@babel/helper-define-polyfill-provider resolve@1.22.12 OK for: @babel/helper-define-polyfill-provider@0.6.8 want: ^1.22.11
3313 silly placeDep ROOT core-js-compat@3.49.0 OK for: babel-plugin-polyfill-corejs3@0.13.0 want: ^3.43.0
3314 silly placeDep ROOT @expo/image-utils@0.8.13 OK for: expo-asset@12.0.12 want: ^0.8.8
3315 silly fetch manifest parse-png@^2.1.0
3316 silly packumentCache full:https://registry.npmjs.org/parse-png cache-miss
3317 silly fetch manifest jimp-compact@0.16.1
3318 silly packumentCache full:https://registry.npmjs.org/jimp-compact cache-miss
3319 silly fetch manifest @expo/require-utils@^55.0.4
3320 silly packumentCache full:https://registry.npmjs.org/@expo%2frequire-utils cache-miss
3321 http cache https://registry.npmjs.org/jimp-compact 36ms (cache hit)
3322 silly packumentCache full:https://registry.npmjs.org/jimp-compact set size:55876 disposed:false
3323 http cache https://registry.npmjs.org/parse-png 39ms (cache hit)
3324 silly packumentCache full:https://registry.npmjs.org/parse-png set size:13026 disposed:false
3325 http cache https://registry.npmjs.org/@expo%2frequire-utils 44ms (cache hit)
3326 silly packumentCache full:https://registry.npmjs.org/@expo%2frequire-utils set size:62428 disposed:false
3327 silly fetch manifest typescript@^5.0.0 || ^5.0.0-0
3328 silly packumentCache full:https://registry.npmjs.org/typescript cache-miss
3329 http cache https://registry.npmjs.org/typescript 105ms (cache hit)
3330 silly packumentCache full:https://registry.npmjs.org/typescript set size:15409943 disposed:false
3331 silly placeDep ROOT @expo/require-utils@55.0.4 OK for: @expo/image-utils@0.8.13 want: ^55.0.4
3332 silly placeDep ROOT typescript@5.9.3 REPLACE for: @expo/require-utils@55.0.4 want: ^5.0.0 || ^5.0.0-0
3333 silly placeDep ROOT jimp-compact@0.16.1 OK for: @expo/image-utils@0.8.13 want: 0.16.1
3334 silly placeDep ROOT parse-png@2.1.0 OK for: @expo/image-utils@0.8.13 want: ^2.1.0
3335 silly placeDep node_modules/@expo/image-utils semver@7.7.4 OK for: @expo/image-utils@0.8.13 want: ^7.6.0
3336 silly fetch manifest pngjs@^3.3.0
3337 silly packumentCache full:https://registry.npmjs.org/pngjs cache-miss
3338 http cache https://registry.npmjs.org/pngjs 34ms (cache hit)
3339 silly packumentCache full:https://registry.npmjs.org/pngjs set size:70154 disposed:false
3340 silly placeDep ROOT fontfaceobserver@2.3.0 OK for: expo-font@14.0.11 want: ^2.1.0
3341 silly placeDep ROOT commander@7.2.0 OK for: expo-modules-autolinking@3.0.24 want: ^7.2.0
3342 silly placeDep ROOT @expo/prebuild-config@54.0.8 OK for: expo-splash-screen@31.0.13 want: ^54.0.8
3343 silly placeDep ROOT @react-native/normalize-colors@0.81.5 OK for: @expo/prebuild-config@54.0.8 want: 0.81.5
3344 silly placeDep node_modules/@expo/prebuild-config semver@7.7.4 OK for: @expo/prebuild-config@54.0.8 want: ^7.6.0
3345 silly placeDep ROOT react-native-is-edge-to-edge@1.3.1 OK for: expo-status-bar@3.0.9 want: ^1.2.1
3346 silly placeDep ROOT flat-cache@4.0.1 OK for: file-entry-cache@8.0.0 want: ^4.0.0
3347 silly fetch manifest keyv@^4.5.4
3348 silly packumentCache full:https://registry.npmjs.org/keyv cache-miss
3349 silly fetch manifest flatted@^3.2.9
3350 silly packumentCache full:https://registry.npmjs.org/flatted cache-miss
3351 http cache https://registry.npmjs.org/keyv 31ms (cache hit)
3352 silly packumentCache full:https://registry.npmjs.org/keyv set size:215840 disposed:false
3353 http cache https://registry.npmjs.org/flatted 39ms (cache hit)
3354 silly packumentCache full:https://registry.npmjs.org/flatted set size:137347 disposed:false
3355 silly placeDep ROOT locate-path@6.0.0 OK for: find-up@5.0.0 want: ^6.0.0
3356 silly placeDep ROOT path-exists@4.0.0 OK for: find-up@5.0.0 want: ^4.0.0
3357 silly fetch manifest p-locate@^5.0.0
3358 silly packumentCache full:https://registry.npmjs.org/p-locate cache-miss
3359 http cache https://registry.npmjs.org/p-locate 17ms (cache hit)
3360 silly packumentCache full:https://registry.npmjs.org/p-locate set size:22488 disposed:false
3361 silly placeDep ROOT flatted@3.4.2 OK for: flat-cache@4.0.1 want: ^3.2.9
3362 silly placeDep ROOT keyv@4.5.4 OK for: flat-cache@4.0.1 want: ^4.5.4
3363 silly fetch manifest json-buffer@3.0.1
3364 silly packumentCache full:https://registry.npmjs.org/json-buffer cache-miss
3365 http cache https://registry.npmjs.org/json-buffer 15ms (cache hit)
3366 silly packumentCache full:https://registry.npmjs.org/json-buffer set size:23474 disposed:false
3367 silly placeDep ROOT asynckit@0.4.0 OK for: form-data@4.0.5 want: ^0.4.0
3368 silly placeDep ROOT combined-stream@1.0.8 OK for: form-data@4.0.5 want: ^1.0.8
3369 silly placeDep ROOT mime-types@2.1.35 OK for: form-data@4.0.5 want: ^2.1.12
3370 silly fetch manifest delayed-stream@~1.0.0
3371 silly packumentCache full:https://registry.npmjs.org/delayed-stream cache-miss
3372 silly fetch manifest mime-db@1.52.0
3373 silly packumentCache full:https://registry.npmjs.org/mime-db cache-miss
3374 http cache https://registry.npmjs.org/delayed-stream 28ms (cache hit)
3375 silly packumentCache full:https://registry.npmjs.org/delayed-stream set size:15820 disposed:false
3376 http cache https://registry.npmjs.org/mime-db 30ms (cache hit)
3377 silly packumentCache full:https://registry.npmjs.org/mime-db set size:164953 disposed:false
3378 silly placeDep ROOT delayed-stream@1.0.0 OK for: combined-stream@1.0.8 want: ~1.0.0
3379 silly placeDep ROOT functions-have-names@1.2.3 OK for: function.prototype.name@1.1.8 want: ^1.2.3
3380 silly placeDep ROOT dunder-proto@1.0.1 OK for: get-proto@1.0.1 want: ^1.0.1
3381 silly placeDep ROOT resolve-pkg-maps@1.0.0 OK for: get-tsconfig@4.14.0 want: ^1.0.0
3382 silly placeDep node_modules/glob minimatch@10.2.5 OK for: glob@13.0.6 want: ^10.2.2
3383 silly placeDep ROOT minipass@7.1.3 OK for: glob@13.0.6 want: ^7.1.3
3384 silly placeDep ROOT path-scurry@2.0.2 OK for: glob@13.0.6 want: ^2.0.2
3385 silly fetch manifest lru-cache@^11.0.0
3386 silly packumentCache full:https://registry.npmjs.org/lru-cache cache-hit
3387 silly placeDep ROOT hermes-estree@0.29.1 OK for: hermes-parser@0.29.1 want: 0.29.1
3388 silly placeDep ROOT parent-module@1.0.1 OK for: import-fresh@3.3.1 want: ^1.0.0
3389 silly placeDep node_modules/import-fresh resolve-from@4.0.0 OK for: import-fresh@3.3.1 want: ^4.0.0
3390 silly fetch manifest callsites@^3.0.0
3391 silly packumentCache full:https://registry.npmjs.org/callsites cache-miss
3392 http cache https://registry.npmjs.org/callsites 14ms (cache hit)
3393 silly packumentCache full:https://registry.npmjs.org/callsites set size:21349 disposed:false
3394 silly placeDep ROOT side-channel@1.1.0 OK for: internal-slot@1.1.0 want: ^1.1.0
3395 silly fetch manifest side-channel-list@^1.0.0
3396 silly packumentCache full:https://registry.npmjs.org/side-channel-list cache-miss
3397 silly fetch manifest side-channel-map@^1.0.1
3398 silly packumentCache full:https://registry.npmjs.org/side-channel-map cache-miss
3399 silly fetch manifest side-channel-weakmap@^1.0.2
3400 silly packumentCache full:https://registry.npmjs.org/side-channel-weakmap cache-miss
3401 http cache https://registry.npmjs.org/side-channel-list 25ms (cache hit)
3402 silly packumentCache full:https://registry.npmjs.org/side-channel-list set size:9021 disposed:false
3403 http cache https://registry.npmjs.org/side-channel-map 27ms (cache hit)
3404 silly packumentCache full:https://registry.npmjs.org/side-channel-map set size:9126 disposed:false
3405 http cache https://registry.npmjs.org/side-channel-weakmap 28ms (cache hit)
3406 silly packumentCache full:https://registry.npmjs.org/side-channel-weakmap set size:12620 disposed:false
3407 silly placeDep ROOT loose-envify@1.4.0 OK for: invariant@2.2.4 want: ^1.0.0
3408 silly placeDep node_modules/is-bun-module semver@7.7.4 OK for: is-bun-module@2.0.0 want: ^7.7.1
3409 silly placeDep ROOT is-extglob@2.1.1 OK for: is-glob@4.0.3 want: ^2.1.1
3410 silly placeDep ROOT set-function-name@2.0.2 OK for: iterator.prototype@1.1.5 want: ^2.0.2
3411 silly placeDep ROOT argparse@2.0.1 OK for: js-yaml@4.1.1 want: ^2.0.1
3412 silly placeDep ROOT json-buffer@3.0.1 OK for: keyv@4.5.4 want: 3.0.1
3413 silly placeDep ROOT prelude-ls@1.2.1 OK for: levn@0.4.1 want: ^1.2.1
3414 silly placeDep ROOT type-check@0.4.0 OK for: levn@0.4.1 want: ~0.4.0
3415 silly placeDep ROOT detect-libc@2.1.2 OK for: lightningcss@1.32.0 want: ^2.0.3
3416 silly placeDep ROOT lightningcss-android-arm64@1.32.0 OK for: lightningcss@1.32.0 want: 1.32.0
3417 silly placeDep ROOT lightningcss-darwin-arm64@1.32.0 OK for: lightningcss@1.32.0 want: 1.32.0
3418 silly placeDep ROOT lightningcss-darwin-x64@1.32.0 OK for: lightningcss@1.32.0 want: 1.32.0
3419 silly placeDep ROOT lightningcss-freebsd-x64@1.32.0 OK for: lightningcss@1.32.0 want: 1.32.0
3420 silly placeDep ROOT lightningcss-linux-arm-gnueabihf@1.32.0 OK for: lightningcss@1.32.0 want: 1.32.0
3421 silly placeDep ROOT lightningcss-linux-arm64-gnu@1.32.0 OK for: lightningcss@1.32.0 want: 1.32.0
3422 silly placeDep ROOT lightningcss-linux-arm64-musl@1.32.0 OK for: lightningcss@1.32.0 want: 1.32.0
3423 silly placeDep ROOT lightningcss-linux-x64-gnu@1.32.0 OK for: lightningcss@1.32.0 want: 1.32.0
3424 silly placeDep ROOT lightningcss-linux-x64-musl@1.32.0 OK for: lightningcss@1.32.0 want: 1.32.0
3425 silly placeDep ROOT lightningcss-win32-arm64-msvc@1.32.0 OK for: lightningcss@1.32.0 want: 1.32.0
3426 silly placeDep ROOT lightningcss-win32-x64-msvc@1.32.0 OK for: lightningcss@1.32.0 want: 1.32.0
3427 silly placeDep ROOT p-locate@5.0.0 OK for: locate-path@6.0.0 want: ^5.0.0
3428 silly placeDep ROOT yallist@3.1.1 OK for: lru-cache@5.1.1 want: ^3.0.2
3429 silly fetch manifest bufferutil@^4.0.1
3430 silly packumentCache full:https://registry.npmjs.org/bufferutil cache-miss
3431 http cache https://registry.npmjs.org/bufferutil 16ms (cache hit)
3432 silly packumentCache full:https://registry.npmjs.org/bufferutil set size:52763 disposed:false
3433 silly fetch manifest utf-8-validate@^5.0.2
3434 silly packumentCache full:https://registry.npmjs.org/utf-8-validate cache-miss
3435 http cache https://registry.npmjs.org/utf-8-validate 21ms (cache hit)
3436 silly packumentCache full:https://registry.npmjs.org/utf-8-validate set size:77148 disposed:false
3437 silly placeDep ROOT accepts@1.3.8 OK for: metro@0.83.3 want: ^1.3.7
3438 silly placeDep ROOT ci-info@2.0.0 OK for: metro@0.83.3 want: ^2.0.0
3439 silly placeDep ROOT connect@3.7.0 OK for: metro@0.83.3 want: ^3.6.5
3440 silly placeDep ROOT error-stack-parser@2.1.4 OK for: metro@0.83.3 want: ^2.0.6
3441 silly placeDep ROOT flow-enums-runtime@0.0.6 OK for: metro@0.83.3 want: ^0.0.6
3442 silly placeDep ROOT graceful-fs@4.2.11 OK for: metro@0.83.3 want: ^4.2.4
3443 silly placeDep node_modules/metro hermes-parser@0.32.0 OK for: metro@0.83.3 want: 0.32.0
3444 silly placeDep ROOT image-size@1.2.1 OK for: metro@0.83.3 want: ^1.0.2
3445 silly placeDep ROOT jest-worker@29.7.0 OK for: metro@0.83.3 want: ^29.7.0
3446 silly placeDep ROOT lodash.throttle@4.1.1 OK for: metro@0.83.3 want: ^4.1.1
3447 silly placeDep ROOT serialize-error@2.1.0 OK for: metro@0.83.3 want: ^2.1.0
3448 silly placeDep ROOT source-map@0.5.7 OK for: metro@0.83.3 want: ^0.5.6
3449 silly placeDep ROOT throat@5.0.0 OK for: metro@0.83.3 want: ^5.0.0
3450 silly placeDep ROOT ws@7.5.10 OK for: metro@0.83.3 want: ^7.5.10
3451 silly fetch manifest negotiator@0.6.3
3452 silly packumentCache full:https://registry.npmjs.org/negotiator cache-miss
3453 silly fetch manifest debug@2.6.9
3454 silly packumentCache full:https://registry.npmjs.org/debug cache-hit
3455 silly fetch manifest finalhandler@1.1.2
3456 silly packumentCache full:https://registry.npmjs.org/finalhandler cache-miss
3457 silly fetch manifest parseurl@~1.3.3
3458 silly packumentCache full:https://registry.npmjs.org/parseurl cache-miss
3459 silly fetch manifest utils-merge@1.0.1
3460 silly packumentCache full:https://registry.npmjs.org/utils-merge cache-miss
3461 silly fetch manifest stackframe@^1.3.4
3462 silly packumentCache full:https://registry.npmjs.org/stackframe cache-miss
3463 silly fetch manifest hermes-estree@0.32.0
3464 silly packumentCache full:https://registry.npmjs.org/hermes-estree cache-hit
3465 silly fetch manifest queue@6.0.2
3466 silly packumentCache full:https://registry.npmjs.org/queue cache-miss
3467 silly fetch manifest jest-util@^29.7.0
3468 silly packumentCache full:https://registry.npmjs.org/jest-util cache-miss
3469 http cache https://registry.npmjs.org/utils-merge 41ms (cache hit)
3470 silly packumentCache full:https://registry.npmjs.org/utils-merge set size:5237 disposed:false
3471 silly fetch manifest @types/node@*
3472 silly packumentCache full:https://registry.npmjs.org/@types%2fnode cache-miss
3473 http cache https://registry.npmjs.org/parseurl 47ms (cache hit)
3474 silly packumentCache full:https://registry.npmjs.org/parseurl set size:24148 disposed:false
3475 silly fetch manifest merge-stream@^2.0.0
3476 silly packumentCache full:https://registry.npmjs.org/merge-stream cache-miss
3477 http cache https://registry.npmjs.org/stackframe 49ms (cache hit)
3478 silly packumentCache full:https://registry.npmjs.org/stackframe set size:54134 disposed:false
3479 silly fetch manifest supports-color@^8.0.0
3480 silly packumentCache full:https://registry.npmjs.org/supports-color cache-hit
3481 http cache https://registry.npmjs.org/negotiator 57ms (cache hit)
3482 silly packumentCache full:https://registry.npmjs.org/negotiator set size:48046 disposed:false
3483 http cache https://registry.npmjs.org/finalhandler 59ms (cache hit)
3484 silly packumentCache full:https://registry.npmjs.org/finalhandler set size:79291 disposed:false
3485 http cache https://registry.npmjs.org/queue 58ms (cache hit)
3486 silly packumentCache full:https://registry.npmjs.org/queue set size:76287 disposed:false
3487 http cache https://registry.npmjs.org/jest-util 66ms (cache hit)
3488 silly packumentCache full:https://registry.npmjs.org/jest-util set size:583957 disposed:false
3489 http cache https://registry.npmjs.org/merge-stream 48ms (cache hit)
3490 silly packumentCache full:https://registry.npmjs.org/merge-stream set size:22168 disposed:false
3491 http cache https://registry.npmjs.org/@types%2fnode 115ms (cache hit)
3492 silly packumentCache full:https://registry.npmjs.org/@types%2fnode set size:10972342 disposed:false
3493 silly placeDep ROOT negotiator@0.6.3 OK for: accepts@1.3.8 want: 0.6.3
3494 silly placeDep node_modules/connect debug@2.6.9 OK for: connect@3.7.0 want: 2.6.9
3495 silly placeDep ROOT finalhandler@1.1.2 OK for: connect@3.7.0 want: 1.1.2
3496 silly placeDep ROOT parseurl@1.3.3 OK for: connect@3.7.0 want: ~1.3.3
3497 silly placeDep ROOT utils-merge@1.0.1 OK for: connect@3.7.0 want: 1.0.1
3498 silly fetch manifest ms@2.0.0
3499 silly packumentCache full:https://registry.npmjs.org/ms cache-hit
3500 silly fetch manifest unpipe@~1.0.0
3501 silly packumentCache full:https://registry.npmjs.org/unpipe cache-miss
3502 silly fetch manifest statuses@~1.5.0
3503 silly packumentCache full:https://registry.npmjs.org/statuses cache-miss
3504 silly fetch manifest encodeurl@~1.0.2
3505 silly packumentCache full:https://registry.npmjs.org/encodeurl cache-miss
3506 silly fetch manifest escape-html@~1.0.3
3507 silly packumentCache full:https://registry.npmjs.org/escape-html cache-miss
3508 silly fetch manifest on-finished@~2.3.0
3509 silly packumentCache full:https://registry.npmjs.org/on-finished cache-miss
3510 http cache https://registry.npmjs.org/encodeurl 23ms (cache hit)
3511 silly packumentCache full:https://registry.npmjs.org/encodeurl set size:12296 disposed:false
3512 http cache https://registry.npmjs.org/unpipe 31ms (cache hit)
3513 silly packumentCache full:https://registry.npmjs.org/unpipe set size:3609 disposed:false
3514 http cache https://registry.npmjs.org/statuses 32ms (cache hit)
3515 silly packumentCache full:https://registry.npmjs.org/statuses set size:37117 disposed:false
3516 http cache https://registry.npmjs.org/escape-html 33ms (cache hit)
3517 silly packumentCache full:https://registry.npmjs.org/escape-html set size:7345 disposed:false
3518 http cache https://registry.npmjs.org/on-finished 34ms (cache hit)
3519 silly packumentCache full:https://registry.npmjs.org/on-finished set size:23212 disposed:false
3520 silly placeDep ROOT stackframe@1.3.4 OK for: error-stack-parser@2.1.4 want: ^1.3.4
3521 silly placeDep node_modules/finalhandler debug@2.6.9 OK for: finalhandler@1.1.2 want: 2.6.9
3522 silly placeDep ROOT encodeurl@1.0.2 OK for: finalhandler@1.1.2 want: ~1.0.2
3523 silly placeDep ROOT escape-html@1.0.3 OK for: finalhandler@1.1.2 want: ~1.0.3
3524 silly placeDep ROOT on-finished@2.3.0 OK for: finalhandler@1.1.2 want: ~2.3.0
3525 silly placeDep ROOT statuses@1.5.0 OK for: finalhandler@1.1.2 want: ~1.5.0
3526 silly placeDep ROOT unpipe@1.0.0 OK for: finalhandler@1.1.2 want: ~1.0.0
3527 silly fetch manifest ee-first@1.1.1
3528 silly packumentCache full:https://registry.npmjs.org/ee-first cache-miss
3529 http cache https://registry.npmjs.org/ee-first 10ms (cache hit)
3530 silly packumentCache full:https://registry.npmjs.org/ee-first set size:15327 disposed:false
3531 silly placeDep ROOT queue@6.0.2 OK for: image-size@1.2.1 want: 6.0.2
3532 silly fetch manifest inherits@~2.0.3
3533 silly packumentCache full:https://registry.npmjs.org/inherits cache-hit
3534 silly placeDep ROOT @types/node@25.6.0 OK for: jest-worker@29.7.0 want: *
3535 silly placeDep ROOT jest-util@29.7.0 OK for: jest-worker@29.7.0 want: ^29.7.0
3536 silly placeDep ROOT merge-stream@2.0.0 OK for: jest-worker@29.7.0 want: ^2.0.0
3537 silly placeDep node_modules/jest-worker supports-color@8.1.1 OK for: jest-worker@29.7.0 want: ^8.0.0
3538 silly fetch manifest undici-types@~7.19.0
3539 silly packumentCache full:https://registry.npmjs.org/undici-types cache-miss
3540 silly fetch manifest ci-info@^3.2.0
3541 silly packumentCache full:https://registry.npmjs.org/ci-info cache-hit
3542 silly fetch manifest picomatch@^2.2.3
3543 silly packumentCache full:https://registry.npmjs.org/picomatch cache-hit
3544 silly fetch manifest @jest/types@^29.6.3
3545 silly packumentCache full:https://registry.npmjs.org/@jest%2ftypes cache-miss
3546 http cache https://registry.npmjs.org/undici-types 21ms (cache hit)
3547 silly packumentCache full:https://registry.npmjs.org/undici-types set size:210150 disposed:false
3548 http cache https://registry.npmjs.org/@jest%2ftypes 27ms (cache hit)
3549 silly packumentCache full:https://registry.npmjs.org/@jest%2ftypes set size:288723 disposed:false
3550 silly placeDep ROOT undici-types@7.19.2 OK for: @types/node@25.6.0 want: ~7.19.0
3551 silly placeDep ROOT @jest/types@29.6.3 OK for: jest-util@29.7.0 want: ^29.6.3
3552 silly placeDep node_modules/jest-util ci-info@3.9.0 OK for: jest-util@29.7.0 want: ^3.2.0
3553 silly placeDep ROOT picomatch@2.3.2 OK for: jest-util@29.7.0 want: ^2.2.3
3554 silly fetch manifest @types/yargs@^17.0.8
3555 silly packumentCache full:https://registry.npmjs.org/@types%2fyargs cache-miss
3556 silly fetch manifest @types/istanbul-reports@^3.0.0
3557 silly packumentCache full:https://registry.npmjs.org/@types%2fistanbul-reports cache-miss
3558 silly fetch manifest @types/istanbul-lib-coverage@^2.0.0
3559 silly packumentCache full:https://registry.npmjs.org/@types%2fistanbul-lib-coverage cache-miss
3560 http cache https://registry.npmjs.org/@types%2fistanbul-lib-coverage 21ms (cache hit)
3561 silly packumentCache full:https://registry.npmjs.org/@types%2fistanbul-lib-coverage set size:18110 disposed:false
3562 http cache https://registry.npmjs.org/@types%2fyargs 25ms (cache hit)
3563 silly packumentCache full:https://registry.npmjs.org/@types%2fyargs set size:390540 disposed:false
3564 http cache https://registry.npmjs.org/@types%2fistanbul-reports 35ms (cache hit)
3565 silly packumentCache full:https://registry.npmjs.org/@types%2fistanbul-reports set size:17607 disposed:false
3566 silly placeDep ROOT @jest/schemas@29.6.3 OK for: @jest/types@29.6.3 want: ^29.6.3
3567 silly placeDep ROOT @types/istanbul-lib-coverage@2.0.6 OK for: @jest/types@29.6.3 want: ^2.0.0
3568 silly placeDep ROOT @types/istanbul-reports@3.0.4 OK for: @jest/types@29.6.3 want: ^3.0.0
3569 silly placeDep ROOT @types/yargs@17.0.35 OK for: @jest/types@29.6.3 want: ^17.0.8
3570 silly fetch manifest @sinclair/typebox@^0.27.8
3571 silly packumentCache full:https://registry.npmjs.org/@sinclair%2ftypebox cache-miss
3572 silly fetch manifest @types/istanbul-lib-report@*
3573 silly packumentCache full:https://registry.npmjs.org/@types%2fistanbul-lib-report cache-miss
3574 silly fetch manifest @types/yargs-parser@*
3575 silly packumentCache full:https://registry.npmjs.org/@types%2fyargs-parser cache-miss
3576 http cache https://registry.npmjs.org/@types%2fistanbul-lib-report 23ms (cache hit)
3577 silly packumentCache full:https://registry.npmjs.org/@types%2fistanbul-lib-report set size:12674 disposed:false
3578 http cache https://registry.npmjs.org/@types%2fyargs-parser 28ms (cache hit)
3579 silly packumentCache full:https://registry.npmjs.org/@types%2fyargs-parser set size:42751 disposed:false
3580 http cache https://registry.npmjs.org/@sinclair%2ftypebox 36ms (cache hit)
3581 silly packumentCache full:https://registry.npmjs.org/@sinclair%2ftypebox set size:1230117 disposed:false
3582 silly placeDep ROOT @sinclair/typebox@0.27.10 OK for: @jest/schemas@29.6.3 want: ^0.27.8
3583 silly placeDep ROOT @types/istanbul-lib-report@3.0.3 OK for: @types/istanbul-reports@3.0.4 want: *
3584 silly placeDep ROOT @types/yargs-parser@21.0.3 OK for: @types/yargs@17.0.35 want: *
3585 silly placeDep node_modules/metro-babel-transformer hermes-parser@0.32.0 OK for: metro-babel-transformer@0.83.3 want: 0.32.0
3586 silly placeDep ROOT exponential-backoff@3.1.3 OK for: metro-cache@0.83.3 want: ^3.1.1
3587 silly placeDep ROOT https-proxy-agent@7.0.6 OK for: metro-cache@0.83.3 want: ^7.0.5
3588 silly fetch manifest agent-base@^7.1.2
3589 silly packumentCache full:https://registry.npmjs.org/agent-base cache-miss
3590 http cache https://registry.npmjs.org/agent-base 10ms (cache hit)
3591 silly packumentCache full:https://registry.npmjs.org/agent-base set size:72085 disposed:false
3592 silly placeDep ROOT agent-base@7.1.4 OK for: https-proxy-agent@7.0.6 want: ^7.1.2
3593 silly placeDep ROOT jest-validate@29.7.0 OK for: metro-config@0.83.3 want: ^29.7.0
3594 silly placeDep ROOT yaml@2.8.3 OK for: metro-config@0.83.3 want: ^2.6.1
3595 silly fetch manifest leven@^3.1.0
3596 silly packumentCache full:https://registry.npmjs.org/leven cache-miss
3597 silly fetch manifest camelcase@^6.2.0
3598 silly packumentCache full:https://registry.npmjs.org/camelcase cache-miss
3599 silly fetch manifest jest-get-type@^29.6.3
3600 silly packumentCache full:https://registry.npmjs.org/jest-get-type cache-miss
3601 http cache https://registry.npmjs.org/camelcase 25ms (cache hit)
3602 silly packumentCache full:https://registry.npmjs.org/camelcase set size:60255 disposed:false
3603 http cache https://registry.npmjs.org/leven 39ms (cache hit)
3604 silly packumentCache full:https://registry.npmjs.org/leven set size:23210 disposed:false
3605 http cache https://registry.npmjs.org/jest-get-type 42ms (cache hit)
3606 silly packumentCache full:https://registry.npmjs.org/jest-get-type set size:201170 disposed:false
3607 silly placeDep ROOT camelcase@6.3.0 OK for: jest-validate@29.7.0 want: ^6.2.0
3608 silly placeDep ROOT jest-get-type@29.6.3 OK for: jest-validate@29.7.0 want: ^29.6.3
3609 silly placeDep ROOT leven@3.1.0 OK for: jest-validate@29.7.0 want: ^3.1.0
3610 silly placeDep ROOT fb-watchman@2.0.2 OK for: metro-file-map@0.83.3 want: ^2.0.0
3611 silly placeDep ROOT micromatch@4.0.8 OK for: metro-file-map@0.83.3 want: ^4.0.4
3612 silly placeDep ROOT walker@1.0.8 OK for: metro-file-map@0.83.3 want: ^1.0.7
3613 silly fetch manifest bser@2.1.1
3614 silly packumentCache full:https://registry.npmjs.org/bser cache-miss
3615 silly fetch manifest braces@^3.0.3
3616 silly packumentCache full:https://registry.npmjs.org/braces cache-miss
3617 silly fetch manifest makeerror@1.0.12
3618 silly packumentCache full:https://registry.npmjs.org/makeerror cache-miss
3619 http cache https://registry.npmjs.org/braces 35ms (cache hit)
3620 silly packumentCache full:https://registry.npmjs.org/braces set size:114529 disposed:false
3621 http cache https://registry.npmjs.org/makeerror 39ms (cache hit)
3622 silly packumentCache full:https://registry.npmjs.org/makeerror set size:16681 disposed:false
3623 http cache https://registry.npmjs.org/bser 44ms (cache hit)
3624 silly packumentCache full:https://registry.npmjs.org/bser set size:14158 disposed:false
3625 silly placeDep ROOT bser@2.1.1 OK for: fb-watchman@2.0.2 want: 2.1.1
3626 silly fetch manifest node-int64@^0.4.0
3627 silly packumentCache full:https://registry.npmjs.org/node-int64 cache-miss
3628 http cache https://registry.npmjs.org/node-int64 39ms (cache hit)
3629 silly packumentCache full:https://registry.npmjs.org/node-int64 set size:11660 disposed:false
3630 silly placeDep ROOT node-int64@0.4.0 OK for: bser@2.1.1 want: ^0.4.0
3631 silly placeDep ROOT terser@5.46.2 OK for: metro-minify-terser@0.83.3 want: ^5.15.0
3632 silly fetch manifest @jridgewell/source-map@^0.3.3
3633 silly packumentCache full:https://registry.npmjs.org/@jridgewell%2fsource-map cache-miss
3634 silly fetch manifest commander@^2.20.0
3635 silly packumentCache full:https://registry.npmjs.org/commander cache-hit
3636 silly fetch manifest source-map-support@~0.5.20
3637 silly packumentCache full:https://registry.npmjs.org/source-map-support cache-hit
3638 http cache https://registry.npmjs.org/@jridgewell%2fsource-map 32ms (cache hit)
3639 silly packumentCache full:https://registry.npmjs.org/@jridgewell%2fsource-map set size:45204 disposed:false
3640 silly placeDep ROOT @babel/traverse--for-generate-function-map@7.29.0 OK for: metro-source-map@0.83.3 want: npm:@babel/traverse@^7.25.3
3641 silly placeDep ROOT ob1@0.83.3 OK for: metro-source-map@0.83.3 want: 0.83.3
3642 silly placeDep ROOT vlq@1.0.1 OK for: metro-source-map@0.83.3 want: ^1.0.0
3643 silly placeDep ROOT braces@3.0.3 OK for: micromatch@4.0.8 want: ^3.0.3
3644 silly fetch manifest fill-range@^7.1.1
3645 silly packumentCache full:https://registry.npmjs.org/fill-range cache-miss
3646 http cache https://registry.npmjs.org/fill-range 33ms (cache hit)
3647 silly packumentCache full:https://registry.npmjs.org/fill-range set size:90212 disposed:false
3648 silly placeDep ROOT fill-range@7.1.1 OK for: braces@3.0.3 want: ^7.1.1
3649 silly fetch manifest to-regex-range@^5.0.1
3650 silly packumentCache full:https://registry.npmjs.org/to-regex-range cache-miss
3651 http cache https://registry.npmjs.org/to-regex-range 14ms (cache hit)
3652 silly packumentCache full:https://registry.npmjs.org/to-regex-range set size:61569 disposed:false
3653 silly placeDep ROOT to-regex-range@5.0.1 OK for: fill-range@7.1.1 want: ^5.0.1
3654 silly fetch manifest is-number@^7.0.0
3655 silly packumentCache full:https://registry.npmjs.org/is-number cache-miss
3656 http cache https://registry.npmjs.org/is-number 21ms (cache hit)
3657 silly packumentCache full:https://registry.npmjs.org/is-number set size:36183 disposed:false
3658 silly placeDep ROOT mime-db@1.52.0 OK for: mime-types@2.1.35 want: 1.52.0
3659 silly placeDep ROOT brace-expansion@1.1.14 OK for: minimatch@3.1.5 want: ^1.1.7
3660 silly fetch manifest concat-map@0.0.1
3661 silly packumentCache full:https://registry.npmjs.org/concat-map cache-miss
3662 silly fetch manifest balanced-match@^1.0.0
3663 silly packumentCache full:https://registry.npmjs.org/balanced-match cache-miss
3664 http cache https://registry.npmjs.org/concat-map 14ms (cache hit)
3665 silly packumentCache full:https://registry.npmjs.org/concat-map set size:9290 disposed:false
3666 http cache https://registry.npmjs.org/balanced-match 16ms (cache hit)
3667 silly packumentCache full:https://registry.npmjs.org/balanced-match set size:39082 disposed:false
3668 silly placeDep ROOT balanced-match@1.0.2 OK for: brace-expansion@1.1.14 want: ^1.0.0
3669 silly placeDep ROOT concat-map@0.0.1 OK for: brace-expansion@1.1.14 want: 0.0.1
3670 silly placeDep ROOT ee-first@1.1.1 OK for: on-finished@2.3.0 want: 1.1.1
3671 silly placeDep ROOT deep-is@0.1.4 OK for: optionator@0.9.4 want: ^0.1.3
3672 silly placeDep ROOT fast-levenshtein@2.0.6 OK for: optionator@0.9.4 want: ^2.0.6
3673 silly placeDep ROOT word-wrap@1.2.5 OK for: optionator@0.9.4 want: ^1.2.5
3674 silly placeDep ROOT yocto-queue@0.1.0 OK for: p-limit@3.1.0 want: ^0.1.0
3675 silly placeDep ROOT callsites@3.1.0 OK for: parent-module@1.0.1 want: ^3.0.0
3676 silly placeDep ROOT pngjs@3.4.0 OK for: parse-png@2.1.0 want: ^3.3.0
3677 silly placeDep node_modules/path-scurry lru-cache@11.3.5 OK for: path-scurry@2.0.2 want: ^11.0.0
3678 silly placeDep ROOT source-map-js@1.2.1 OK for: postcss@8.4.49 want: ^1.2.1
3679 silly placeDep node_modules/pretty-format ansi-styles@5.2.0 OK for: pretty-format@29.7.0 want: ^5.0.0
3680 silly placeDep node_modules/pretty-format react-is@18.3.1 OK for: pretty-format@29.7.0 want: ^18.0.0
3681 silly placeDep ROOT object-assign@4.1.1 OK for: prop-types@15.8.1 want: ^4.1.1
3682 silly placeDep node_modules/prop-types react-is@16.13.1 OK for: prop-types@15.8.1 want: ^16.13.1
3683 silly placeDep ROOT decode-uri-component@0.2.2 OK for: query-string@7.1.3 want: ^0.2.2
3684 silly placeDep ROOT filter-obj@1.1.0 OK for: query-string@7.1.3 want: ^1.1.0
3685 silly placeDep ROOT split-on-first@1.1.0 OK for: query-string@7.1.3 want: ^1.0.0
3686 silly placeDep ROOT strict-uri-encode@2.0.0 OK for: query-string@7.1.3 want: ^2.0.0
3687 silly placeDep ROOT inherits@2.0.4 OK for: queue@6.0.2 want: ~2.0.3
3688 silly placeDep ROOT scheduler@0.26.0 OK for: react-dom@19.1.0 want: ^0.26.0
3689 silly fetch manifest @babel/core@^7.8.0
3690 silly packumentCache full:https://registry.npmjs.org/@babel%2fcore cache-hit
3691 silly fetch manifest @types/react@^19.1.0
3692 silly packumentCache full:https://registry.npmjs.org/@types%2freact cache-miss
3693 http cache https://registry.npmjs.org/@types%2freact 23ms (cache hit)
3694 silly packumentCache full:https://registry.npmjs.org/@types%2freact set size:2588964 disposed:false
3695 silly fetch manifest react@^19.1.0
3696 silly packumentCache full:https://registry.npmjs.org/react cache-miss
3697 http cache https://registry.npmjs.org/react 42ms (cache hit)
3698 silly packumentCache full:https://registry.npmjs.org/react set size:6625721 disposed:false
3699 silly fetch manifest @react-native-community/cli@*
3700 silly packumentCache full:https://registry.npmjs.org/@react-native-community%2fcli cache-miss
3701 http cache https://registry.npmjs.org/@react-native-community%2fcli 15ms (cache hit)
3702 silly packumentCache full:https://registry.npmjs.org/@react-native-community%2fcli set size:1033361 disposed:false
3703 silly placeDep ROOT @jest/create-cache-key-function@29.7.0 OK for: react-native@0.81.5 want: ^29.7.0
3704 silly placeDep ROOT @react-native/assets-registry@0.81.5 OK for: react-native@0.81.5 want: 0.81.5
3705 silly placeDep ROOT @react-native/community-cli-plugin@0.81.5 OK for: react-native@0.81.5 want: 0.81.5
3706 silly placeDep ROOT @react-native/gradle-plugin@0.81.5 OK for: react-native@0.81.5 want: 0.81.5
3707 silly placeDep ROOT @react-native/js-polyfills@0.81.5 OK for: react-native@0.81.5 want: 0.81.5
3708 silly placeDep node_modules/react-native @react-native/virtualized-lists@0.81.5 CONFLICT for: react-native@0.81.5 want: 0.81.5
3709 silly placeDep ROOT abort-controller@3.0.0 OK for: react-native@0.81.5 want: ^3.0.0
3710 silly placeDep ROOT anser@1.4.10 OK for: react-native@0.81.5 want: ^1.4.9
3711 silly placeDep ROOT ansi-regex@5.0.1 OK for: react-native@0.81.5 want: ^5.0.0
3712 silly placeDep ROOT babel-jest@29.7.0 OK for: react-native@0.81.5 want: ^29.7.0
3713 silly placeDep node_modules/react-native commander@12.1.0 OK for: react-native@0.81.5 want: ^12.0.0
3714 silly placeDep node_modules/react-native glob@7.2.3 OK for: react-native@0.81.5 want: ^7.1.1
3715 silly placeDep ROOT jest-environment-node@29.7.0 OK for: react-native@0.81.5 want: ^29.7.0
3716 silly placeDep ROOT memoize-one@5.2.1 OK for: react-native@0.81.5 want: ^5.0.0
3717 silly placeDep ROOT promise@8.3.0 OK for: react-native@0.81.5 want: ^8.3.0
3718 silly placeDep ROOT react-devtools-core@6.1.5 OK for: react-native@0.81.5 want: ^6.1.5
3719 silly placeDep ROOT regenerator-runtime@0.13.11 OK for: react-native@0.81.5 want: ^0.13.2
3720 silly placeDep node_modules/react-native semver@7.7.4 OK for: react-native@0.81.5 want: ^7.1.3
3721 silly placeDep ROOT stacktrace-parser@0.1.11 OK for: react-native@0.81.5 want: ^0.1.10
3722 silly placeDep ROOT whatwg-fetch@3.6.20 OK for: react-native@0.81.5 want: ^3.0.0
3723 silly placeDep node_modules/react-native ws@6.2.3 OK for: react-native@0.81.5 want: ^6.2.3
3724 silly fetch manifest event-target-shim@^5.0.0
3725 silly packumentCache full:https://registry.npmjs.org/event-target-shim cache-miss
3726 silly fetch manifest @jest/transform@^29.7.0
3727 silly packumentCache full:https://registry.npmjs.org/@jest%2ftransform cache-miss
3728 silly fetch manifest babel-preset-jest@^29.6.3
3729 silly packumentCache full:https://registry.npmjs.org/babel-preset-jest cache-miss
3730 silly fetch manifest @types/babel__core@^7.1.14
3731 silly packumentCache full:https://registry.npmjs.org/@types%2fbabel__core cache-miss
3732 silly fetch manifest babel-plugin-istanbul@^6.1.1
3733 silly packumentCache full:https://registry.npmjs.org/babel-plugin-istanbul cache-miss
3734 silly fetch manifest jest-mock@^29.7.0
3735 silly packumentCache full:https://registry.npmjs.org/jest-mock cache-miss
3736 silly fetch manifest @jest/environment@^29.7.0
3737 silly packumentCache full:https://registry.npmjs.org/@jest%2fenvironment cache-miss
3738 http cache https://registry.npmjs.org/babel-preset-jest 32ms (cache hit)
3739 silly packumentCache full:https://registry.npmjs.org/babel-preset-jest set size:426787 disposed:false
3740 silly fetch manifest @jest/fake-timers@^29.7.0
3741 silly packumentCache full:https://registry.npmjs.org/@jest%2ffake-timers cache-miss
3742 http cache https://registry.npmjs.org/event-target-shim 52ms (cache hit)
3743 silly packumentCache full:https://registry.npmjs.org/event-target-shim set size:103601 disposed:false
3744 silly fetch manifest asap@~2.0.6
3745 silly packumentCache full:https://registry.npmjs.org/asap cache-miss
3746 http cache https://registry.npmjs.org/@jest%2ftransform 62ms (cache hit)
3747 silly packumentCache full:https://registry.npmjs.org/@jest%2ftransform set size:463781 disposed:false
3748 silly fetch manifest shell-quote@^1.6.1
3749 silly packumentCache full:https://registry.npmjs.org/shell-quote cache-miss
3750 http cache https://registry.npmjs.org/@types%2fbabel__core 74ms (cache hit)
3751 silly packumentCache full:https://registry.npmjs.org/@types%2fbabel__core set size:88676 disposed:false
3752 silly fetch manifest type-fest@^0.7.1
3753 silly packumentCache full:https://registry.npmjs.org/type-fest cache-miss
3754 http cache https://registry.npmjs.org/@jest%2fenvironment 79ms (cache hit)
3755 silly packumentCache full:https://registry.npmjs.org/@jest%2fenvironment set size:363084 disposed:false
3756 silly fetch manifest async-limiter@~1.0.0
3757 silly packumentCache full:https://registry.npmjs.org/async-limiter cache-miss
3758 http cache https://registry.npmjs.org/babel-plugin-istanbul 94ms (cache hit)
3759 silly packumentCache full:https://registry.npmjs.org/babel-plugin-istanbul set size:123182 disposed:false
3760 http cache https://registry.npmjs.org/jest-mock 106ms (cache hit)
3761 silly packumentCache full:https://registry.npmjs.org/jest-mock set size:519621 disposed:false
3762 http cache https://registry.npmjs.org/@jest%2ffake-timers 104ms (cache hit)
3763 silly packumentCache full:https://registry.npmjs.org/@jest%2ffake-timers set size:367602 disposed:false
3764 http cache https://registry.npmjs.org/asap 106ms (cache hit)
3765 silly packumentCache full:https://registry.npmjs.org/asap set size:30968 disposed:false
3766 http cache https://registry.npmjs.org/shell-quote 93ms (cache hit)
3767 silly packumentCache full:https://registry.npmjs.org/shell-quote set size:61937 disposed:false
3768 http cache https://registry.npmjs.org/type-fest 94ms (cache hit)
3769 silly packumentCache full:https://registry.npmjs.org/type-fest set size:560517 disposed:false
3770 http cache https://registry.npmjs.org/async-limiter 94ms (cache hit)
3771 silly packumentCache full:https://registry.npmjs.org/async-limiter set size:12538 disposed:false
3772 silly placeDep ROOT @react-native/dev-middleware@0.81.5 OK for: @react-native/community-cli-plugin@0.81.5 want: 0.81.5
3773 silly placeDep node_modules/@react-native/community-cli-plugin semver@7.7.4 OK for: @react-native/community-cli-plugin@0.81.5 want: ^7.1.3
3774 silly fetch manifest open@^7.0.3
3775 silly packumentCache full:https://registry.npmjs.org/open cache-miss
3776 silly fetch manifest serve-static@^1.16.2
3777 silly packumentCache full:https://registry.npmjs.org/serve-static cache-miss
3778 silly fetch manifest chrome-launcher@^0.15.2
3779 silly packumentCache full:https://registry.npmjs.org/chrome-launcher cache-miss
3780 silly fetch manifest @isaacs/ttlcache@^1.4.1
3781 silly packumentCache full:https://registry.npmjs.org/@isaacs%2fttlcache cache-miss
3782 silly fetch manifest chromium-edge-launcher@^0.2.0
3783 silly packumentCache full:https://registry.npmjs.org/chromium-edge-launcher cache-miss
3784 silly fetch manifest @react-native/debugger-frontend@0.81.5
3785 silly packumentCache full:https://registry.npmjs.org/@react-native%2fdebugger-frontend cache-miss
3786 http cache https://registry.npmjs.org/chrome-launcher 32ms (cache hit)
3787 silly packumentCache full:https://registry.npmjs.org/chrome-launcher set size:131779 disposed:false
3788 http cache https://registry.npmjs.org/open 38ms (cache hit)
3789 silly packumentCache full:https://registry.npmjs.org/open set size:136392 disposed:false
3790 http cache https://registry.npmjs.org/chromium-edge-launcher 39ms (cache hit)
3791 silly packumentCache full:https://registry.npmjs.org/chromium-edge-launcher set size:72314 disposed:false
3792 http cache https://registry.npmjs.org/@isaacs%2fttlcache 42ms (cache hit)
3793 silly packumentCache full:https://registry.npmjs.org/@isaacs%2fttlcache set size:62836 disposed:false
3794 http cache https://registry.npmjs.org/serve-static 46ms (cache hit)
3795 silly packumentCache full:https://registry.npmjs.org/serve-static set size:150391 disposed:false
3796 http cache https://registry.npmjs.org/@react-native%2fdebugger-frontend 52ms (cache hit)
3797 silly packumentCache full:https://registry.npmjs.org/@react-native%2fdebugger-frontend set size:1867906 disposed:false
3798 silly placeDep ROOT @isaacs/ttlcache@1.4.1 OK for: @react-native/dev-middleware@0.81.5 want: ^1.4.1
3799 silly placeDep ROOT @react-native/debugger-frontend@0.81.5 OK for: @react-native/dev-middleware@0.81.5 want: 0.81.5
3800 silly placeDep ROOT chrome-launcher@0.15.2 OK for: @react-native/dev-middleware@0.81.5 want: ^0.15.2
3801 silly placeDep ROOT chromium-edge-launcher@0.2.0 OK for: @react-native/dev-middleware@0.81.5 want: ^0.2.0
3802 silly placeDep ROOT open@7.4.2 OK for: @react-native/dev-middleware@0.81.5 want: ^7.0.3
3803 silly placeDep ROOT serve-static@1.16.3 OK for: @react-native/dev-middleware@0.81.5 want: ^1.16.2
3804 silly placeDep node_modules/@react-native/dev-middleware ws@6.2.3 OK for: @react-native/dev-middleware@0.81.5 want: ^6.2.3
3805 silly fetch manifest is-wsl@^2.2.0
3806 silly packumentCache full:https://registry.npmjs.org/is-wsl cache-miss
3807 silly fetch manifest lighthouse-logger@^1.0.0
3808 silly packumentCache full:https://registry.npmjs.org/lighthouse-logger cache-miss
3809 silly fetch manifest is-wsl@^2.2.0
3810 silly packumentCache full:https://registry.npmjs.org/is-wsl cache-miss
3811 silly fetch manifest mkdirp@^1.0.4
3812 silly packumentCache full:https://registry.npmjs.org/mkdirp cache-miss
3813 silly fetch manifest rimraf@^3.0.2
3814 silly packumentCache full:https://registry.npmjs.org/rimraf cache-miss
3815 silly fetch manifest lighthouse-logger@^1.0.0
3816 silly packumentCache full:https://registry.npmjs.org/lighthouse-logger cache-miss
3817 silly fetch manifest is-wsl@^2.1.1
3818 silly packumentCache full:https://registry.npmjs.org/is-wsl cache-miss
3819 http cache https://registry.npmjs.org/lighthouse-logger 44ms (cache hit)
3820 silly packumentCache full:https://registry.npmjs.org/lighthouse-logger set size:19412 disposed:false
3821 silly fetch manifest is-docker@^2.0.0
3822 silly packumentCache full:https://registry.npmjs.org/is-docker cache-miss
3823 http cache https://registry.npmjs.org/is-wsl 47ms (cache hit)
3824 silly packumentCache full:https://registry.npmjs.org/is-wsl set size:20683 disposed:false
3825 silly fetch manifest send@~0.19.1
3826 silly packumentCache full:https://registry.npmjs.org/send cache-hit
3827 silly fetch manifest encodeurl@~2.0.0
3828 silly packumentCache full:https://registry.npmjs.org/encodeurl cache-hit
3829 http cache https://registry.npmjs.org/is-wsl 51ms (cache hit)
3830 silly packumentCache full:https://registry.npmjs.org/is-wsl set size:20683 disposed:false
3831 silly packumentCache full:https://registry.npmjs.org/is-wsl dispose
3832 http cache https://registry.npmjs.org/lighthouse-logger 50ms (cache hit)
3833 silly packumentCache full:https://registry.npmjs.org/lighthouse-logger set size:19412 disposed:false
3834 silly packumentCache full:https://registry.npmjs.org/lighthouse-logger dispose
3835 http cache https://registry.npmjs.org/rimraf 59ms (cache hit)
3836 silly packumentCache full:https://registry.npmjs.org/rimraf set size:212626 disposed:false
3837 http cache https://registry.npmjs.org/is-wsl 62ms (cache hit)
3838 silly packumentCache full:https://registry.npmjs.org/is-wsl set size:20683 disposed:true
3839 silly packumentCache full:https://registry.npmjs.org/is-wsl dispose
3840 http cache https://registry.npmjs.org/mkdirp 67ms (cache hit)
3841 silly packumentCache full:https://registry.npmjs.org/mkdirp set size:116431 disposed:false
3842 http cache https://registry.npmjs.org/is-docker 34ms (cache hit)
3843 silly packumentCache full:https://registry.npmjs.org/is-docker set size:23690 disposed:false
3844 silly placeDep ROOT event-target-shim@5.0.1 OK for: abort-controller@3.0.0 want: ^5.0.0
3845 silly placeDep ROOT @jest/transform@29.7.0 OK for: babel-jest@29.7.0 want: ^29.7.0
3846 silly placeDep ROOT @types/babel__core@7.20.5 OK for: babel-jest@29.7.0 want: ^7.1.14
3847 silly placeDep ROOT babel-plugin-istanbul@6.1.1 OK for: babel-jest@29.7.0 want: ^6.1.1
3848 silly placeDep ROOT babel-preset-jest@29.6.3 OK for: babel-jest@29.7.0 want: ^29.6.3
3849 silly fetch manifest pirates@^4.0.4
3850 silly packumentCache full:https://registry.npmjs.org/pirates cache-hit
3851 silly fetch manifest jest-haste-map@^29.7.0
3852 silly packumentCache full:https://registry.npmjs.org/jest-haste-map cache-miss
3853 silly fetch manifest jest-regex-util@^29.6.3
3854 silly packumentCache full:https://registry.npmjs.org/jest-regex-util cache-miss
3855 silly fetch manifest write-file-atomic@^4.0.2
3856 silly packumentCache full:https://registry.npmjs.org/write-file-atomic cache-miss
3857 silly fetch manifest @types/babel__template@*
3858 silly packumentCache full:https://registry.npmjs.org/@types%2fbabel__template cache-miss
3859 silly fetch manifest @types/babel__traverse@*
3860 silly packumentCache full:https://registry.npmjs.org/@types%2fbabel__traverse cache-miss
3861 silly fetch manifest @types/babel__generator@*
3862 silly packumentCache full:https://registry.npmjs.org/@types%2fbabel__generator cache-miss
3863 silly fetch manifest test-exclude@^6.0.0
3864 silly packumentCache full:https://registry.npmjs.org/test-exclude cache-miss
3865 http cache https://registry.npmjs.org/write-file-atomic 25ms (cache hit)
3866 silly packumentCache full:https://registry.npmjs.org/write-file-atomic set size:80268 disposed:false
3867 silly fetch manifest @istanbuljs/schema@^0.1.2
3868 silly packumentCache full:https://registry.npmjs.org/@istanbuljs%2fschema cache-miss
3869 http cache https://registry.npmjs.org/jest-regex-util 31ms (cache hit)
3870 silly packumentCache full:https://registry.npmjs.org/jest-regex-util set size:229345 disposed:false
3871 silly fetch manifest istanbul-lib-instrument@^5.0.4
3872 silly packumentCache full:https://registry.npmjs.org/istanbul-lib-instrument cache-miss
3873 http cache https://registry.npmjs.org/@types%2fbabel__template 35ms (cache hit)
3874 silly packumentCache full:https://registry.npmjs.org/@types%2fbabel__template set size:22631 disposed:false
3875 silly fetch manifest @istanbuljs/load-nyc-config@^1.0.0
3876 silly packumentCache full:https://registry.npmjs.org/@istanbuljs%2fload-nyc-config cache-miss
3877 http cache https://registry.npmjs.org/jest-haste-map 46ms (cache hit)
3878 silly packumentCache full:https://registry.npmjs.org/jest-haste-map set size:688422 disposed:false
3879 silly fetch manifest babel-plugin-jest-hoist@^29.6.3
3880 silly packumentCache full:https://registry.npmjs.org/babel-plugin-jest-hoist cache-miss
3881 http cache https://registry.npmjs.org/@types%2fbabel__generator 56ms (cache hit)
3882 silly packumentCache full:https://registry.npmjs.org/@types%2fbabel__generator set size:31587 disposed:false
3883 silly fetch manifest babel-preset-current-node-syntax@^1.0.0
3884 silly packumentCache full:https://registry.npmjs.org/babel-preset-current-node-syntax cache-miss
3885 http cache https://registry.npmjs.org/@types%2fbabel__traverse 61ms (cache hit)
3886 silly packumentCache full:https://registry.npmjs.org/@types%2fbabel__traverse set size:107819 disposed:false
3887 http cache https://registry.npmjs.org/test-exclude 61ms (cache hit)
3888 silly packumentCache full:https://registry.npmjs.org/test-exclude set size:89897 disposed:false
3889 http cache https://registry.npmjs.org/@istanbuljs%2fschema 51ms (cache hit)
3890 silly packumentCache full:https://registry.npmjs.org/@istanbuljs%2fschema set size:16895 disposed:false
3891 http cache https://registry.npmjs.org/istanbul-lib-instrument 49ms (cache hit)
3892 silly packumentCache full:https://registry.npmjs.org/istanbul-lib-instrument set size:219175 disposed:false
3893 http cache https://registry.npmjs.org/@istanbuljs%2fload-nyc-config 51ms (cache hit)
3894 silly packumentCache full:https://registry.npmjs.org/@istanbuljs%2fload-nyc-config set size:17425 disposed:false
3895 http cache https://registry.npmjs.org/babel-plugin-jest-hoist 32ms (cache hit)
3896 silly packumentCache full:https://registry.npmjs.org/babel-plugin-jest-hoist set size:463515 disposed:false
3897 http cache https://registry.npmjs.org/babel-preset-current-node-syntax 38ms (cache hit)
3898 silly packumentCache full:https://registry.npmjs.org/babel-preset-current-node-syntax set size:33355 disposed:false
3899 silly placeDep ROOT jest-haste-map@29.7.0 OK for: @jest/transform@29.7.0 want: ^29.7.0
3900 silly placeDep ROOT jest-regex-util@29.6.3 OK for: @jest/transform@29.7.0 want: ^29.6.3
3901 silly placeDep ROOT pirates@4.0.7 OK for: @jest/transform@29.7.0 want: ^4.0.4
3902 silly placeDep ROOT write-file-atomic@4.0.2 OK for: @jest/transform@29.7.0 want: ^4.0.2
3903 silly fetch manifest anymatch@^3.0.3
3904 silly packumentCache full:https://registry.npmjs.org/anymatch cache-miss
3905 silly fetch manifest @types/graceful-fs@^4.1.3
3906 silly packumentCache full:https://registry.npmjs.org/@types%2fgraceful-fs cache-miss
3907 silly fetch manifest fsevents@^2.3.2
3908 silly packumentCache full:https://registry.npmjs.org/fsevents cache-miss
3909 silly fetch manifest signal-exit@^3.0.7
3910 silly packumentCache full:https://registry.npmjs.org/signal-exit cache-miss
3911 http cache https://registry.npmjs.org/@types%2fgraceful-fs 27ms (cache hit)
3912 silly packumentCache full:https://registry.npmjs.org/@types%2fgraceful-fs set size:38755 disposed:false
3913 http cache https://registry.npmjs.org/signal-exit 27ms (cache hit)
3914 silly packumentCache full:https://registry.npmjs.org/signal-exit set size:53489 disposed:false
3915 http cache https://registry.npmjs.org/anymatch 33ms (cache hit)
3916 silly packumentCache full:https://registry.npmjs.org/anymatch set size:42974 disposed:false
3917 http cache https://registry.npmjs.org/fsevents 35ms (cache hit)
3918 silly packumentCache full:https://registry.npmjs.org/fsevents set size:182472 disposed:false
3919 silly placeDep ROOT @types/babel__generator@7.27.0 OK for: @types/babel__core@7.20.5 want: *
3920 silly placeDep ROOT @types/babel__template@7.4.4 OK for: @types/babel__core@7.20.5 want: *
3921 silly placeDep ROOT @types/babel__traverse@7.28.0 OK for: @types/babel__core@7.20.5 want: *
3922 silly placeDep ROOT @istanbuljs/load-nyc-config@1.1.0 OK for: babel-plugin-istanbul@6.1.1 want: ^1.0.0
3923 silly placeDep ROOT @istanbuljs/schema@0.1.6 OK for: babel-plugin-istanbul@6.1.1 want: ^0.1.2
3924 silly placeDep ROOT istanbul-lib-instrument@5.2.1 OK for: babel-plugin-istanbul@6.1.1 want: ^5.0.4
3925 silly placeDep ROOT test-exclude@6.0.0 OK for: babel-plugin-istanbul@6.1.1 want: ^6.0.0
3926 silly fetch manifest camelcase@^5.3.1
3927 silly packumentCache full:https://registry.npmjs.org/camelcase cache-hit
3928 silly fetch manifest find-up@^4.1.0
3929 silly packumentCache full:https://registry.npmjs.org/find-up cache-hit
3930 silly fetch manifest get-package-type@^0.1.0
3931 silly packumentCache full:https://registry.npmjs.org/get-package-type cache-miss
3932 silly fetch manifest js-yaml@^3.13.1
3933 silly packumentCache full:https://registry.npmjs.org/js-yaml cache-hit
3934 silly fetch manifest istanbul-lib-coverage@^3.2.0
3935 silly packumentCache full:https://registry.npmjs.org/istanbul-lib-coverage cache-miss
3936 silly fetch manifest glob@^7.1.4
3937 silly packumentCache full:https://registry.npmjs.org/glob cache-hit
3938 http cache https://registry.npmjs.org/istanbul-lib-coverage 19ms (cache hit)
3939 silly packumentCache full:https://registry.npmjs.org/istanbul-lib-coverage set size:75651 disposed:false
3940 http cache https://registry.npmjs.org/get-package-type 22ms (cache hit)
3941 silly packumentCache full:https://registry.npmjs.org/get-package-type set size:4414 disposed:false
3942 silly placeDep node_modules/@istanbuljs/load-nyc-config camelcase@5.3.1 OK for: @istanbuljs/load-nyc-config@1.1.0 want: ^5.3.1
3943 silly placeDep node_modules/@istanbuljs/load-nyc-config find-up@4.1.0 OK for: @istanbuljs/load-nyc-config@1.1.0 want: ^4.1.0
3944 silly placeDep ROOT get-package-type@0.1.0 OK for: @istanbuljs/load-nyc-config@1.1.0 want: ^0.1.0
3945 silly placeDep node_modules/@istanbuljs/load-nyc-config js-yaml@3.14.2 OK for: @istanbuljs/load-nyc-config@1.1.0 want: ^3.13.1
3946 silly fetch manifest locate-path@^5.0.0
3947 silly packumentCache full:https://registry.npmjs.org/locate-path cache-hit
3948 silly fetch manifest esprima@^4.0.0
3949 silly packumentCache full:https://registry.npmjs.org/esprima cache-miss
3950 silly fetch manifest argparse@^1.0.7
3951 silly packumentCache full:https://registry.npmjs.org/argparse cache-hit
3952 http cache https://registry.npmjs.org/esprima 12ms (cache hit)
3953 silly packumentCache full:https://registry.npmjs.org/esprima set size:118410 disposed:false
3954 silly placeDep ROOT babel-plugin-jest-hoist@29.6.3 OK for: babel-preset-jest@29.6.3 want: ^29.6.3
3955 silly placeDep ROOT babel-preset-current-node-syntax@1.2.0 OK for: babel-preset-jest@29.6.3 want: ^1.0.0
3956 silly fetch manifest @babel/plugin-syntax-async-generators@^7.8.4
3957 silly packumentCache full:https://registry.npmjs.org/@babel%2fplugin-syntax-async-generators cache-miss
3958 silly fetch manifest @babel/plugin-syntax-bigint@^7.8.3
3959 silly packumentCache full:https://registry.npmjs.org/@babel%2fplugin-syntax-bigint cache-miss
3960 silly fetch manifest @babel/plugin-syntax-class-properties@^7.12.13
3961 silly packumentCache full:https://registry.npmjs.org/@babel%2fplugin-syntax-class-properties cache-miss
3962 silly fetch manifest @babel/plugin-syntax-class-static-block@^7.14.5
3963 silly packumentCache full:https://registry.npmjs.org/@babel%2fplugin-syntax-class-static-block cache-miss
3964 silly fetch manifest @babel/plugin-syntax-import-attributes@^7.24.7
3965 silly packumentCache full:https://registry.npmjs.org/@babel%2fplugin-syntax-import-attributes cache-miss
3966 silly fetch manifest @babel/plugin-syntax-import-meta@^7.10.4
3967 silly packumentCache full:https://registry.npmjs.org/@babel%2fplugin-syntax-import-meta cache-miss
3968 silly fetch manifest @babel/plugin-syntax-json-strings@^7.8.3
3969 silly packumentCache full:https://registry.npmjs.org/@babel%2fplugin-syntax-json-strings cache-miss
3970 http cache https://registry.npmjs.org/@babel%2fplugin-syntax-async-generators 38ms (cache hit)
3971 silly packumentCache full:https://registry.npmjs.org/@babel%2fplugin-syntax-async-generators set size:82646 disposed:false
3972 silly fetch manifest @babel/plugin-syntax-logical-assignment-operators@^7.10.4
3973 silly packumentCache full:https://registry.npmjs.org/@babel%2fplugin-syntax-logical-assignment-operators cache-miss
3974 http cache https://registry.npmjs.org/@babel%2fplugin-syntax-class-properties 41ms (cache hit)
3975 silly packumentCache full:https://registry.npmjs.org/@babel%2fplugin-syntax-class-properties set size:92860 disposed:false
3976 silly fetch manifest @babel/plugin-syntax-numeric-separator@^7.10.4
3977 silly packumentCache full:https://registry.npmjs.org/@babel%2fplugin-syntax-numeric-separator cache-miss
3978 http cache https://registry.npmjs.org/@babel%2fplugin-syntax-class-static-block 46ms (cache hit)
3979 silly packumentCache full:https://registry.npmjs.org/@babel%2fplugin-syntax-class-static-block set size:11519 disposed:false
3980 silly fetch manifest @babel/plugin-syntax-object-rest-spread@^7.8.3
3981 silly packumentCache full:https://registry.npmjs.org/@babel%2fplugin-syntax-object-rest-spread cache-miss
3982 http cache https://registry.npmjs.org/@babel%2fplugin-syntax-bigint 55ms (cache hit)
3983 silly packumentCache full:https://registry.npmjs.org/@babel%2fplugin-syntax-bigint set size:55302 disposed:false
3984 silly fetch manifest @babel/plugin-syntax-optional-catch-binding@^7.8.3
3985 silly packumentCache full:https://registry.npmjs.org/@babel%2fplugin-syntax-optional-catch-binding cache-miss
3986 http cache https://registry.npmjs.org/@babel%2fplugin-syntax-json-strings 56ms (cache hit)
3987 silly packumentCache full:https://registry.npmjs.org/@babel%2fplugin-syntax-json-strings set size:50036 disposed:false
3988 silly fetch manifest @babel/plugin-syntax-private-property-in-object@^7.14.5
3989 silly packumentCache full:https://registry.npmjs.org/@babel%2fplugin-syntax-private-property-in-object cache-miss
3990 http cache https://registry.npmjs.org/@babel%2fplugin-syntax-import-attributes 61ms (cache hit)
3991 silly packumentCache full:https://registry.npmjs.org/@babel%2fplugin-syntax-import-attributes set size:71194 disposed:false
3992 silly fetch manifest @babel/plugin-syntax-top-level-await@^7.14.5
3993 silly packumentCache full:https://registry.npmjs.org/@babel%2fplugin-syntax-top-level-await cache-miss
3994 http cache https://registry.npmjs.org/@babel%2fplugin-syntax-import-meta 65ms (cache hit)
3995 silly packumentCache full:https://registry.npmjs.org/@babel%2fplugin-syntax-import-meta set size:76236 disposed:false
3996 http cache https://registry.npmjs.org/@babel%2fplugin-syntax-numeric-separator 46ms (cache hit)
3997 silly packumentCache full:https://registry.npmjs.org/@babel%2fplugin-syntax-numeric-separator set size:91054 disposed:false
3998 http cache https://registry.npmjs.org/@babel%2fplugin-syntax-object-rest-spread 45ms (cache hit)
3999 silly packumentCache full:https://registry.npmjs.org/@babel%2fplugin-syntax-object-rest-spread set size:82808 disposed:false
4000 http cache https://registry.npmjs.org/@babel%2fplugin-syntax-logical-assignment-operators 56ms (cache hit)
4001 silly packumentCache full:https://registry.npmjs.org/@babel%2fplugin-syntax-logical-assignment-operators set size:72392 disposed:false
4002 http cache https://registry.npmjs.org/@babel%2fplugin-syntax-optional-catch-binding 45ms (cache hit)
4003 silly packumentCache full:https://registry.npmjs.org/@babel%2fplugin-syntax-optional-catch-binding set size:83975 disposed:false
4004 http cache https://registry.npmjs.org/@babel%2fplugin-syntax-private-property-in-object 42ms (cache hit)
4005 silly packumentCache full:https://registry.npmjs.org/@babel%2fplugin-syntax-private-property-in-object set size:6479 disposed:false
4006 http cache https://registry.npmjs.org/@babel%2fplugin-syntax-top-level-await 40ms (cache hit)
4007 silly packumentCache full:https://registry.npmjs.org/@babel%2fplugin-syntax-top-level-await set size:25370 disposed:false
4008 silly fetch manifest @babel/core@^7.0.0 || ^8.0.0-0
4009 silly packumentCache full:https://registry.npmjs.org/@babel%2fcore cache-hit
4010 silly placeDep ROOT @babel/plugin-syntax-async-generators@7.8.4 OK for: babel-preset-current-node-syntax@1.2.0 want: ^7.8.4
4011 silly placeDep ROOT @babel/plugin-syntax-bigint@7.8.3 OK for: babel-preset-current-node-syntax@1.2.0 want: ^7.8.3
4012 silly placeDep ROOT @babel/plugin-syntax-class-properties@7.12.13 OK for: babel-preset-current-node-syntax@1.2.0 want: ^7.12.13
4013 silly placeDep ROOT @babel/plugin-syntax-class-static-block@7.14.5 OK for: babel-preset-current-node-syntax@1.2.0 want: ^7.14.5
4014 silly placeDep ROOT @babel/plugin-syntax-import-attributes@7.28.6 OK for: babel-preset-current-node-syntax@1.2.0 want: ^7.24.7
4015 silly placeDep ROOT @babel/plugin-syntax-import-meta@7.10.4 OK for: babel-preset-current-node-syntax@1.2.0 want: ^7.10.4
4016 silly placeDep ROOT @babel/plugin-syntax-json-strings@7.8.3 OK for: babel-preset-current-node-syntax@1.2.0 want: ^7.8.3
4017 silly placeDep ROOT @babel/plugin-syntax-logical-assignment-operators@7.10.4 OK for: babel-preset-current-node-syntax@1.2.0 want: ^7.10.4
4018 silly placeDep ROOT @babel/plugin-syntax-numeric-separator@7.10.4 OK for: babel-preset-current-node-syntax@1.2.0 want: ^7.10.4
4019 silly placeDep ROOT @babel/plugin-syntax-object-rest-spread@7.8.3 OK for: babel-preset-current-node-syntax@1.2.0 want: ^7.8.3
4020 silly placeDep ROOT @babel/plugin-syntax-optional-catch-binding@7.8.3 OK for: babel-preset-current-node-syntax@1.2.0 want: ^7.8.3
4021 silly placeDep ROOT @babel/plugin-syntax-private-property-in-object@7.14.5 OK for: babel-preset-current-node-syntax@1.2.0 want: ^7.14.5
4022 silly placeDep ROOT @babel/plugin-syntax-top-level-await@7.14.5 OK for: babel-preset-current-node-syntax@1.2.0 want: ^7.14.5
4023 silly placeDep ROOT is-wsl@2.2.0 OK for: chrome-launcher@0.15.2 want: ^2.2.0
4024 silly placeDep ROOT lighthouse-logger@1.4.2 OK for: chrome-launcher@0.15.2 want: ^1.0.0
4025 silly fetch manifest debug@^2.6.9
4026 silly packumentCache full:https://registry.npmjs.org/debug cache-hit
4027 silly fetch manifest marky@^1.2.2
4028 silly packumentCache full:https://registry.npmjs.org/marky cache-miss
4029 http cache https://registry.npmjs.org/marky 11ms (cache hit)
4030 silly packumentCache full:https://registry.npmjs.org/marky set size:45300 disposed:false
4031 silly placeDep ROOT mkdirp@1.0.4 OK for: chromium-edge-launcher@0.2.0 want: ^1.0.4
4032 silly placeDep ROOT rimraf@3.0.2 OK for: chromium-edge-launcher@0.2.0 want: ^3.0.2
4033 silly fetch manifest glob@^7.1.3
4034 silly packumentCache full:https://registry.npmjs.org/glob cache-hit
4035 silly placeDep ROOT is-docker@2.2.1 OK for: is-wsl@2.2.0 want: ^2.0.0
4036 silly placeDep ROOT istanbul-lib-coverage@3.2.2 OK for: istanbul-lib-instrument@5.2.1 want: ^3.2.0
4037 silly placeDep ROOT @jest/environment@29.7.0 OK for: jest-environment-node@29.7.0 want: ^29.7.0
4038 silly placeDep ROOT @jest/fake-timers@29.7.0 OK for: jest-environment-node@29.7.0 want: ^29.7.0
4039 silly placeDep ROOT jest-mock@29.7.0 OK for: jest-environment-node@29.7.0 want: ^29.7.0
4040 silly fetch manifest jest-message-util@^29.7.0
4041 silly packumentCache full:https://registry.npmjs.org/jest-message-util cache-miss
4042 silly fetch manifest @sinonjs/fake-timers@^10.0.2
4043 silly packumentCache full:https://registry.npmjs.org/@sinonjs%2ffake-timers cache-miss
4044 http cache https://registry.npmjs.org/@sinonjs%2ffake-timers 13ms (cache hit)
4045 silly packumentCache full:https://registry.npmjs.org/@sinonjs%2ffake-timers set size:395835 disposed:false
4046 http cache https://registry.npmjs.org/jest-message-util 24ms (cache hit)
4047 silly packumentCache full:https://registry.npmjs.org/jest-message-util set size:514568 disposed:false
4048 silly placeDep ROOT @sinonjs/fake-timers@10.3.0 OK for: @jest/fake-timers@29.7.0 want: ^10.0.2
4049 silly placeDep ROOT jest-message-util@29.7.0 OK for: @jest/fake-timers@29.7.0 want: ^29.7.0
4050 silly fetch manifest @sinonjs/commons@^3.0.0
4051 silly packumentCache full:https://registry.npmjs.org/@sinonjs%2fcommons cache-miss
4052 silly fetch manifest stack-utils@^2.0.3
4053 silly packumentCache full:https://registry.npmjs.org/stack-utils cache-miss
4054 silly fetch manifest @types/stack-utils@^2.0.0
4055 silly packumentCache full:https://registry.npmjs.org/@types%2fstack-utils cache-miss
4056 http cache https://registry.npmjs.org/stack-utils 13ms (cache hit)
4057 silly packumentCache full:https://registry.npmjs.org/stack-utils set size:60586 disposed:false
4058 http cache https://registry.npmjs.org/@types%2fstack-utils 16ms (cache hit)
4059 silly packumentCache full:https://registry.npmjs.org/@types%2fstack-utils set size:11605 disposed:false
4060 http cache https://registry.npmjs.org/@sinonjs%2fcommons 23ms (cache hit)
4061 silly packumentCache full:https://registry.npmjs.org/@sinonjs%2fcommons set size:84818 disposed:false
4062 silly placeDep ROOT @sinonjs/commons@3.0.1 OK for: @sinonjs/fake-timers@10.3.0 want: ^3.0.0
4063 silly fetch manifest type-detect@4.0.8
4064 silly packumentCache full:https://registry.npmjs.org/type-detect cache-miss
4065 http cache https://registry.npmjs.org/type-detect 11ms (cache hit)
4066 silly packumentCache full:https://registry.npmjs.org/type-detect set size:58804 disposed:false
4067 silly placeDep ROOT type-detect@4.0.8 OK for: @sinonjs/commons@3.0.1 want: 4.0.8
4068 silly placeDep ROOT @types/graceful-fs@4.1.9 OK for: jest-haste-map@29.7.0 want: ^4.1.3
4069 silly placeDep ROOT anymatch@3.1.3 OK for: jest-haste-map@29.7.0 want: ^3.0.3
4070 silly placeDep ROOT fsevents@2.3.3 OK for: jest-haste-map@29.7.0 want: ^2.3.2
4071 silly fetch manifest normalize-path@^3.0.0
4072 silly packumentCache full:https://registry.npmjs.org/normalize-path cache-miss
4073 http cache https://registry.npmjs.org/normalize-path 13ms (cache hit)
4074 silly packumentCache full:https://registry.npmjs.org/normalize-path set size:28713 disposed:false
4075 silly placeDep ROOT normalize-path@3.0.0 OK for: anymatch@3.1.3 want: ^3.0.0
4076 silly placeDep ROOT @types/stack-utils@2.0.3 OK for: jest-message-util@29.7.0 want: ^2.0.0
4077 silly placeDep ROOT stack-utils@2.0.6 OK for: jest-message-util@29.7.0 want: ^2.0.3
4078 silly fetch manifest escape-string-regexp@^2.0.0
4079 silly packumentCache full:https://registry.npmjs.org/escape-string-regexp cache-hit
4080 silly placeDep node_modules/lighthouse-logger debug@2.6.9 OK for: lighthouse-logger@1.4.2 want: ^2.6.9
4081 silly placeDep ROOT marky@1.3.0 OK for: lighthouse-logger@1.4.2 want: ^1.2.2
4082 silly placeDep ROOT asap@2.0.6 OK for: promise@8.3.0 want: ~2.0.6
4083 silly placeDep ROOT shell-quote@1.8.3 OK for: react-devtools-core@6.1.5 want: ^1.6.1
4084 silly placeDep ROOT @egjs/hammerjs@2.0.17 OK for: react-native-gesture-handler@2.28.0 want: ^2.0.17
4085 silly placeDep ROOT hoist-non-react-statics@3.3.2 OK for: react-native-gesture-handler@2.28.0 want: ^3.3.0
4086 silly fetch manifest @types/hammerjs@^2.0.36
4087 silly packumentCache full:https://registry.npmjs.org/@types%2fhammerjs cache-miss
4088 silly fetch manifest react-is@^16.7.0
4089 silly packumentCache full:https://registry.npmjs.org/react-is cache-miss
4090 http cache https://registry.npmjs.org/react-is 39ms (cache hit)
4091 silly packumentCache full:https://registry.npmjs.org/react-is set size:5361572 disposed:false
4092 http cache https://registry.npmjs.org/@types%2fhammerjs 164ms (cache hit)
4093 silly packumentCache full:https://registry.npmjs.org/@types%2fhammerjs set size:55893 disposed:false
4094 silly placeDep ROOT @types/hammerjs@2.0.46 OK for: @egjs/hammerjs@2.0.17 want: ^2.0.36
4095 silly placeDep node_modules/hoist-non-react-statics react-is@16.13.1 OK for: hoist-non-react-statics@3.3.2 want: ^16.7.0
4096 silly placeDep ROOT @callstack/react-theme-provider@3.0.9 OK for: react-native-paper@5.15.1 want: ^3.0.9
4097 silly placeDep node_modules/react-native-paper color@3.2.1 OK for: react-native-paper@5.15.1 want: ^3.1.2
4098 silly fetch manifest deepmerge@^3.2.0
4099 silly packumentCache full:https://registry.npmjs.org/deepmerge cache-hit
4100 silly fetch manifest color-convert@^1.9.3
4101 silly packumentCache full:https://registry.npmjs.org/color-convert cache-hit
4102 silly placeDep node_modules/@callstack/react-theme-provider deepmerge@3.3.0 OK for: @callstack/react-theme-provider@3.0.9 want: ^3.2.0
4103 silly placeDep node_modules/react-native-reanimated semver@7.7.4 OK for: react-native-reanimated@4.1.7 want: ^7.7.2
4104 silly placeDep ROOT react-freeze@1.0.4 OK for: react-native-screens@4.16.0 want: ^1.0.0
4105 silly placeDep node_modules/react-native-web @react-native/normalize-colors@0.74.89 OK for: react-native-web@0.21.2 want: ^0.74.1
4106 silly placeDep ROOT fbjs@3.0.5 OK for: react-native-web@0.21.2 want: ^3.0.4
4107 silly placeDep ROOT inline-style-prefixer@7.0.1 OK for: react-native-web@0.21.2 want: ^7.0.1
4108 silly placeDep node_modules/react-native-web memoize-one@6.0.0 OK for: react-native-web@0.21.2 want: ^6.0.0
4109 silly placeDep ROOT postcss-value-parser@4.2.0 OK for: react-native-web@0.21.2 want: ^4.2.0
4110 silly placeDep ROOT styleq@0.1.3 OK for: react-native-web@0.21.2 want: ^0.1.3
4111 silly fetch manifest cross-fetch@^3.1.5
4112 silly packumentCache full:https://registry.npmjs.org/cross-fetch cache-miss
4113 silly fetch manifest fbjs-css-vars@^1.0.0
4114 silly packumentCache full:https://registry.npmjs.org/fbjs-css-vars cache-miss
4115 silly fetch manifest promise@^7.1.1
4116 silly packumentCache full:https://registry.npmjs.org/promise cache-hit
4117 silly fetch manifest setimmediate@^1.0.5
4118 silly packumentCache full:https://registry.npmjs.org/setimmediate cache-miss
4119 silly fetch manifest ua-parser-js@^1.0.35
4120 silly packumentCache full:https://registry.npmjs.org/ua-parser-js cache-miss
4121 silly fetch manifest css-in-js-utils@^3.1.0
4122 silly packumentCache full:https://registry.npmjs.org/css-in-js-utils cache-miss
4123 http cache https://registry.npmjs.org/fbjs-css-vars 28ms (cache hit)
4124 silly packumentCache full:https://registry.npmjs.org/fbjs-css-vars set size:7206 disposed:false
4125 http cache https://registry.npmjs.org/cross-fetch 31ms (cache hit)
4126 silly packumentCache full:https://registry.npmjs.org/cross-fetch set size:156922 disposed:false
4127 http cache https://registry.npmjs.org/setimmediate 35ms (cache hit)
4128 silly packumentCache full:https://registry.npmjs.org/setimmediate set size:17282 disposed:false
4129 http cache https://registry.npmjs.org/css-in-js-utils 37ms (cache hit)
4130 silly packumentCache full:https://registry.npmjs.org/css-in-js-utils set size:42676 disposed:false
4131 http cache https://registry.npmjs.org/ua-parser-js 42ms (cache hit)
4132 silly packumentCache full:https://registry.npmjs.org/ua-parser-js set size:704635 disposed:false
4133 silly placeDep ROOT cross-fetch@3.2.0 OK for: fbjs@3.0.5 want: ^3.1.5
4134 silly placeDep ROOT fbjs-css-vars@1.0.2 OK for: fbjs@3.0.5 want: ^1.0.0
4135 silly placeDep node_modules/fbjs promise@7.3.1 OK for: fbjs@3.0.5 want: ^7.1.1
4136 silly placeDep ROOT setimmediate@1.0.5 OK for: fbjs@3.0.5 want: ^1.0.5
4137 silly placeDep ROOT ua-parser-js@1.0.41 OK for: fbjs@3.0.5 want: ^1.0.35
4138 silly fetch manifest node-fetch@^2.7.0
4139 silly packumentCache full:https://registry.npmjs.org/node-fetch cache-miss
4140 http cache https://registry.npmjs.org/node-fetch 24ms (cache hit)
4141 silly packumentCache full:https://registry.npmjs.org/node-fetch set size:896010 disposed:false
4142 silly fetch manifest encoding@^0.1.0
4143 silly packumentCache full:https://registry.npmjs.org/encoding cache-miss
4144 http cache https://registry.npmjs.org/encoding 15ms (cache hit)
4145 silly packumentCache full:https://registry.npmjs.org/encoding set size:17833 disposed:false
4146 silly placeDep ROOT node-fetch@2.7.0 OK for: cross-fetch@3.2.0 want: ^2.7.0
4147 silly fetch manifest whatwg-url@^5.0.0
4148 silly packumentCache full:https://registry.npmjs.org/whatwg-url cache-miss
4149 http cache https://registry.npmjs.org/whatwg-url 20ms (cache hit)
4150 silly packumentCache full:https://registry.npmjs.org/whatwg-url set size:170765 disposed:false
4151 silly placeDep ROOT css-in-js-utils@3.1.0 OK for: inline-style-prefixer@7.0.1 want: ^3.1.0
4152 silly fetch manifest hyphenate-style-name@^1.0.3
4153 silly packumentCache full:https://registry.npmjs.org/hyphenate-style-name cache-miss
4154 http cache https://registry.npmjs.org/hyphenate-style-name 17ms (cache hit)
4155 silly packumentCache full:https://registry.npmjs.org/hyphenate-style-name set size:17078 disposed:false
4156 silly placeDep ROOT hyphenate-style-name@1.1.0 OK for: css-in-js-utils@3.1.0 want: ^1.0.3
4157 silly placeDep ROOT whatwg-url@5.0.0 OK for: node-fetch@2.7.0 want: ^5.0.0
4158 silly fetch manifest tr46@~0.0.3
4159 silly packumentCache full:https://registry.npmjs.org/tr46 cache-miss
4160 silly fetch manifest webidl-conversions@^3.0.0
4161 silly packumentCache full:https://registry.npmjs.org/webidl-conversions cache-hit
4162 http cache https://registry.npmjs.org/tr46 20ms (cache hit)
4163 silly packumentCache full:https://registry.npmjs.org/tr46 set size:47377 disposed:false
4164 silly placeDep ROOT @babel/plugin-transform-template-literals@7.27.1 OK for: react-native-worklets@0.5.1 want: ^7.0.0-0
4165 silly placeDep node_modules/react-native-worklets semver@7.7.2 OK for: react-native-worklets@0.5.1 want: 7.7.2
4166 silly placeDep ROOT regenerate@1.4.2 OK for: regexpu-core@6.4.0 want: ^1.4.2
4167 silly placeDep ROOT regenerate-unicode-properties@10.2.2 OK for: regexpu-core@6.4.0 want: ^10.2.2
4168 silly placeDep ROOT regjsgen@0.8.0 OK for: regexpu-core@6.4.0 want: ^0.8.0
4169 silly placeDep ROOT regjsparser@0.13.1 OK for: regexpu-core@6.4.0 want: ^0.13.0
4170 silly placeDep ROOT unicode-match-property-ecmascript@2.0.0 OK for: regexpu-core@6.4.0 want: ^2.0.0
4171 silly placeDep ROOT unicode-match-property-value-ecmascript@2.2.1 OK for: regexpu-core@6.4.0 want: ^2.2.1
4172 silly fetch manifest unicode-canonical-property-names-ecmascript@^2.0.0
4173 silly packumentCache full:https://registry.npmjs.org/unicode-canonical-property-names-ecmascript cache-miss
4174 silly fetch manifest unicode-property-aliases-ecmascript@^2.0.0
4175 silly packumentCache full:https://registry.npmjs.org/unicode-property-aliases-ecmascript cache-miss
4176 http cache https://registry.npmjs.org/unicode-canonical-property-names-ecmascript 17ms (cache hit)
4177 silly packumentCache full:https://registry.npmjs.org/unicode-canonical-property-names-ecmascript set size:17227 disposed:false
4178 http cache https://registry.npmjs.org/unicode-property-aliases-ecmascript 17ms (cache hit)
4179 silly packumentCache full:https://registry.npmjs.org/unicode-property-aliases-ecmascript set size:28095 disposed:false
4180 silly placeDep ROOT node-exports-info@1.6.0 OK for: resolve@2.0.0-next.6 want: ^1.6.0
4181 silly placeDep ROOT path-parse@1.0.7 OK for: resolve@2.0.0-next.6 want: ^1.0.7
4182 silly placeDep ROOT supports-preserve-symlinks-flag@1.0.0 OK for: resolve@2.0.0-next.6 want: ^1.0.0
4183 silly placeDep node_modules/rimraf glob@7.2.3 OK for: rimraf@3.0.2 want: ^7.1.3
4184 silly placeDep ROOT isarray@2.0.5 OK for: safe-array-concat@1.1.4 want: ^2.0.5
4185 silly placeDep node_modules/serve-static encodeurl@2.0.0 OK for: serve-static@1.16.3 want: ~2.0.0
4186 silly placeDep ROOT send@0.19.2 OK for: serve-static@1.16.3 want: ~0.19.1
4187 silly fetch manifest depd@2.0.0
4188 silly packumentCache full:https://registry.npmjs.org/depd cache-miss
4189 silly fetch manifest etag@~1.8.1
4190 silly packumentCache full:https://registry.npmjs.org/etag cache-miss
4191 silly fetch manifest mime@1.6.0
4192 silly packumentCache full:https://registry.npmjs.org/mime cache-miss
4193 silly fetch manifest fresh@~0.5.2
4194 silly packumentCache full:https://registry.npmjs.org/fresh cache-miss
4195 silly fetch manifest destroy@1.2.0
4196 silly packumentCache full:https://registry.npmjs.org/destroy cache-miss
4197 silly fetch manifest statuses@~2.0.2
4198 silly packumentCache full:https://registry.npmjs.org/statuses cache-hit
4199 silly fetch manifest http-errors@~2.0.1
4200 silly packumentCache full:https://registry.npmjs.org/http-errors cache-miss
4201 silly fetch manifest on-finished@~2.4.1
4202 silly packumentCache full:https://registry.npmjs.org/on-finished cache-hit
4203 silly fetch manifest range-parser@~1.2.1
4204 silly packumentCache full:https://registry.npmjs.org/range-parser cache-miss
4205 http cache https://registry.npmjs.org/depd 55ms (cache hit)
4206 silly packumentCache full:https://registry.npmjs.org/depd set size:40182 disposed:false
4207 http cache https://registry.npmjs.org/etag 59ms (cache hit)
4208 silly packumentCache full:https://registry.npmjs.org/etag set size:30032 disposed:false
4209 http cache https://registry.npmjs.org/destroy 61ms (cache hit)
4210 silly packumentCache full:https://registry.npmjs.org/destroy set size:15738 disposed:false
4211 http cache https://registry.npmjs.org/mime 68ms (cache hit)
4212 silly packumentCache full:https://registry.npmjs.org/mime set size:119236 disposed:false
4213 http cache https://registry.npmjs.org/fresh 72ms (cache hit)
4214 silly packumentCache full:https://registry.npmjs.org/fresh set size:25427 disposed:false
4215 http cache https://registry.npmjs.org/range-parser 67ms (cache hit)
4216 silly packumentCache full:https://registry.npmjs.org/range-parser set size:22228 disposed:false
4217 http cache https://registry.npmjs.org/http-errors 72ms (cache hit)
4218 silly packumentCache full:https://registry.npmjs.org/http-errors set size:71987 disposed:false
4219 silly placeDep node_modules/send debug@2.6.9 OK for: send@0.19.2 want: 2.6.9
4220 silly placeDep ROOT depd@2.0.0 OK for: send@0.19.2 want: 2.0.0
4221 silly placeDep ROOT destroy@1.2.0 OK for: send@0.19.2 want: 1.2.0
4222 silly placeDep node_modules/send encodeurl@2.0.0 OK for: send@0.19.2 want: ~2.0.0
4223 silly placeDep ROOT etag@1.8.1 OK for: send@0.19.2 want: ~1.8.1
4224 silly placeDep ROOT fresh@0.5.2 OK for: send@0.19.2 want: ~0.5.2
4225 silly placeDep ROOT http-errors@2.0.1 OK for: send@0.19.2 want: ~2.0.1
4226 silly placeDep ROOT mime@1.6.0 OK for: send@0.19.2 want: 1.6.0
4227 silly placeDep node_modules/send on-finished@2.4.1 OK for: send@0.19.2 want: ~2.4.1
4228 silly placeDep ROOT range-parser@1.2.1 OK for: send@0.19.2 want: ~1.2.1
4229 silly placeDep node_modules/send statuses@2.0.2 OK for: send@0.19.2 want: ~2.0.2
4230 silly fetch manifest setprototypeof@~1.2.0
4231 silly packumentCache full:https://registry.npmjs.org/setprototypeof cache-miss
4232 silly fetch manifest toidentifier@~1.0.1
4233 silly packumentCache full:https://registry.npmjs.org/toidentifier cache-miss
4234 http cache https://registry.npmjs.org/toidentifier 15ms (cache hit)
4235 silly packumentCache full:https://registry.npmjs.org/toidentifier set size:12006 disposed:false
4236 http cache https://registry.npmjs.org/setprototypeof 17ms (cache hit)
4237 silly packumentCache full:https://registry.npmjs.org/setprototypeof set size:14532 disposed:false
4238 silly placeDep ROOT setprototypeof@1.2.0 OK for: http-errors@2.0.1 want: ~1.2.0
4239 silly placeDep node_modules/http-errors statuses@2.0.2 OK for: http-errors@2.0.1 want: ~2.0.2
4240 silly placeDep ROOT toidentifier@1.0.1 OK for: http-errors@2.0.1 want: ~1.0.1
4241 silly placeDep ROOT shebang-regex@3.0.0 OK for: shebang-command@2.0.0 want: ^3.0.0
4242 silly placeDep ROOT side-channel-list@1.0.1 OK for: side-channel@1.1.0 want: ^1.0.0
4243 silly placeDep ROOT side-channel-map@1.0.1 OK for: side-channel@1.1.0 want: ^1.0.1
4244 silly placeDep ROOT side-channel-weakmap@1.0.2 OK for: side-channel@1.1.0 want: ^1.0.2
4245 silly placeDep ROOT is-arrayish@0.3.4 OK for: simple-swizzle@0.2.4 want: ^0.3.1
4246 silly placeDep node_modules/stack-utils escape-string-regexp@2.0.0 OK for: stack-utils@2.0.6 want: ^2.0.0
4247 silly placeDep ROOT type-fest@0.7.1 OK for: stacktrace-parser@0.1.11 want: ^0.7.1
4248 silly placeDep node_modules/sucrase commander@4.1.1 OK for: sucrase@3.35.1 want: ^4.0.0
4249 silly placeDep ROOT lines-and-columns@1.2.4 OK for: sucrase@3.35.1 want: ^1.1.6
4250 silly placeDep ROOT mz@2.7.0 OK for: sucrase@3.35.1 want: ^2.7.0
4251 silly placeDep ROOT ts-interface-checker@0.1.13 OK for: sucrase@3.35.1 want: ^0.1.9
4252 silly fetch manifest any-promise@^1.0.0
4253 silly packumentCache full:https://registry.npmjs.org/any-promise cache-miss
4254 silly fetch manifest thenify-all@^1.0.0
4255 silly packumentCache full:https://registry.npmjs.org/thenify-all cache-miss
4256 http cache https://registry.npmjs.org/any-promise 13ms (cache hit)
4257 silly packumentCache full:https://registry.npmjs.org/any-promise set size:20233 disposed:false
4258 http cache https://registry.npmjs.org/thenify-all 16ms (cache hit)
4259 silly packumentCache full:https://registry.npmjs.org/thenify-all set size:18488 disposed:false
4260 silly placeDep ROOT any-promise@1.3.0 OK for: mz@2.7.0 want: ^1.0.0
4261 silly placeDep ROOT thenify-all@1.6.0 OK for: mz@2.7.0 want: ^1.0.0
4262 silly fetch manifest thenify@>= 3.1.0 < 4
4263 silly packumentCache full:https://registry.npmjs.org/thenify cache-miss
4264 http cache https://registry.npmjs.org/thenify 12ms (cache hit)
4265 silly packumentCache full:https://registry.npmjs.org/thenify set size:21379 disposed:false
4266 silly placeDep ROOT has-flag@4.0.0 OK for: supports-color@7.2.0 want: ^4.0.0
4267 silly placeDep ROOT @jridgewell/source-map@0.3.11 OK for: terser@5.46.2 want: ^0.3.3
4268 silly placeDep node_modules/terser commander@2.20.3 OK for: terser@5.46.2 want: ^2.20.0
4269 silly placeDep ROOT source-map-support@0.5.21 OK for: terser@5.46.2 want: ~0.5.20
4270 silly fetch manifest buffer-from@^1.0.0
4271 silly packumentCache full:https://registry.npmjs.org/buffer-from cache-miss
4272 silly fetch manifest source-map@^0.6.0
4273 silly packumentCache full:https://registry.npmjs.org/source-map cache-hit
4274 http cache https://registry.npmjs.org/buffer-from 14ms (cache hit)
4275 silly packumentCache full:https://registry.npmjs.org/buffer-from set size:15463 disposed:false
4276 silly placeDep ROOT buffer-from@1.1.2 OK for: source-map-support@0.5.21 want: ^1.0.0
4277 silly placeDep node_modules/source-map-support source-map@0.6.1 OK for: source-map-support@0.5.21 want: ^0.6.0
4278 silly placeDep node_modules/test-exclude glob@7.2.3 OK for: test-exclude@6.0.0 want: ^7.1.4
4279 silly placeDep ROOT thenify@3.3.1 OK for: thenify-all@1.6.0 want: >= 3.1.0 < 4
4280 silly placeDep node_modules/tinyglobby fdir@6.5.0 OK for: tinyglobby@0.2.16 want: ^6.5.0
4281 silly placeDep node_modules/tinyglobby picomatch@4.0.4 OK for: fdir@6.5.0 want: ^3 || ^4
4282 silly placeDep ROOT is-number@7.0.0 OK for: to-regex-range@5.0.1 want: ^7.0.0
4283 silly placeDep ROOT @types/json5@0.0.29 OK for: tsconfig-paths@3.15.0 want: ^0.0.29
4284 silly placeDep node_modules/tsconfig-paths json5@1.0.2 OK for: tsconfig-paths@3.15.0 want: ^1.0.2
4285 silly placeDep ROOT minimist@1.2.8 OK for: tsconfig-paths@3.15.0 want: ^1.2.6
4286 silly placeDep ROOT strip-bom@3.0.0 OK for: tsconfig-paths@3.15.0 want: ^3.0.0
4287 silly fetch manifest minimist@^1.2.0
4288 silly packumentCache full:https://registry.npmjs.org/minimist cache-hit
4289 silly placeDep ROOT for-each@0.3.5 OK for: typed-array-byte-length@1.0.3 want: ^0.3.3
4290 silly placeDep ROOT reflect.getprototypeof@1.0.10 OK for: typed-array-byte-offset@1.0.4 want: ^1.0.9
4291 silly fetch manifest which-builtin-type@^1.2.1
4292 silly packumentCache full:https://registry.npmjs.org/which-builtin-type cache-miss
4293 http cache https://registry.npmjs.org/which-builtin-type 35ms (cache hit)
4294 silly packumentCache full:https://registry.npmjs.org/which-builtin-type set size:39107 disposed:false
4295 silly placeDep ROOT which-builtin-type@1.2.1 OK for: reflect.getprototypeof@1.0.10 want: ^1.2.1
4296 silly fetch manifest is-async-function@^2.0.0
4297 silly packumentCache full:https://registry.npmjs.org/is-async-function cache-miss
4298 silly fetch manifest is-finalizationregistry@^1.1.0
4299 silly packumentCache full:https://registry.npmjs.org/is-finalizationregistry cache-miss
4300 silly fetch manifest is-generator-function@^1.0.10
4301 silly packumentCache full:https://registry.npmjs.org/is-generator-function cache-miss
4302 silly fetch manifest which-boxed-primitive@^1.1.0
4303 silly packumentCache full:https://registry.npmjs.org/which-boxed-primitive cache-hit
4304 silly fetch manifest which-collection@^1.0.2
4305 silly packumentCache full:https://registry.npmjs.org/which-collection cache-miss
4306 http cache https://registry.npmjs.org/is-generator-function 39ms (cache hit)
4307 silly packumentCache full:https://registry.npmjs.org/is-generator-function set size:44643 disposed:false
4308 http cache https://registry.npmjs.org/is-async-function 44ms (cache hit)
4309 silly packumentCache full:https://registry.npmjs.org/is-async-function set size:51614 disposed:false
4310 http cache https://registry.npmjs.org/is-finalizationregistry 47ms (cache hit)
4311 silly packumentCache full:https://registry.npmjs.org/is-finalizationregistry set size:19800 disposed:false
4312 http cache https://registry.npmjs.org/which-collection 48ms (cache hit)
4313 silly packumentCache full:https://registry.npmjs.org/which-collection set size:13607 disposed:false
4314 silly placeDep ROOT has-bigints@1.1.0 OK for: unbox-primitive@1.1.0 want: ^1.0.2
4315 silly placeDep ROOT which-boxed-primitive@1.1.1 OK for: unbox-primitive@1.1.0 want: ^1.1.1
4316 silly fetch manifest is-bigint@^1.1.0
4317 silly packumentCache full:https://registry.npmjs.org/is-bigint cache-miss
4318 silly fetch manifest is-boolean-object@^1.2.1
4319 silly packumentCache full:https://registry.npmjs.org/is-boolean-object cache-miss
4320 silly fetch manifest is-number-object@^1.1.1
4321 silly packumentCache full:https://registry.npmjs.org/is-number-object cache-miss
4322 http cache https://registry.npmjs.org/is-bigint 20ms (cache hit)
4323 silly packumentCache full:https://registry.npmjs.org/is-bigint set size:20283 disposed:false
4324 http cache https://registry.npmjs.org/is-number-object 21ms (cache hit)
4325 silly packumentCache full:https://registry.npmjs.org/is-number-object set size:31189 disposed:false
4326 http cache https://registry.npmjs.org/is-boolean-object 24ms (cache hit)
4327 silly packumentCache full:https://registry.npmjs.org/is-boolean-object set size:31341 disposed:false
4328 silly placeDep ROOT unicode-canonical-property-names-ecmascript@2.0.1 OK for: unicode-match-property-ecmascript@2.0.0 want: ^2.0.0
4329 silly placeDep ROOT unicode-property-aliases-ecmascript@2.2.0 OK for: unicode-match-property-ecmascript@2.0.0 want: ^2.0.0
4330 silly placeDep ROOT @unrs/resolver-binding-android-arm-eabi@1.11.1 OK for: unrs-resolver@1.11.1 want: 1.11.1
4331 silly placeDep ROOT @unrs/resolver-binding-android-arm64@1.11.1 OK for: unrs-resolver@1.11.1 want: 1.11.1
4332 silly placeDep ROOT @unrs/resolver-binding-darwin-arm64@1.11.1 OK for: unrs-resolver@1.11.1 want: 1.11.1
4333 silly placeDep ROOT @unrs/resolver-binding-darwin-x64@1.11.1 OK for: unrs-resolver@1.11.1 want: 1.11.1
4334 silly placeDep ROOT @unrs/resolver-binding-freebsd-x64@1.11.1 OK for: unrs-resolver@1.11.1 want: 1.11.1
4335 silly placeDep ROOT @unrs/resolver-binding-linux-arm-gnueabihf@1.11.1 OK for: unrs-resolver@1.11.1 want: 1.11.1
4336 silly placeDep ROOT @unrs/resolver-binding-linux-arm-musleabihf@1.11.1 OK for: unrs-resolver@1.11.1 want: 1.11.1
4337 silly placeDep ROOT @unrs/resolver-binding-linux-arm64-gnu@1.11.1 OK for: unrs-resolver@1.11.1 want: 1.11.1
4338 silly placeDep ROOT @unrs/resolver-binding-linux-arm64-musl@1.11.1 OK for: unrs-resolver@1.11.1 want: 1.11.1
4339 silly placeDep ROOT @unrs/resolver-binding-linux-ppc64-gnu@1.11.1 OK for: unrs-resolver@1.11.1 want: 1.11.1
4340 silly placeDep ROOT @unrs/resolver-binding-linux-riscv64-gnu@1.11.1 OK for: unrs-resolver@1.11.1 want: 1.11.1
4341 silly placeDep ROOT @unrs/resolver-binding-linux-riscv64-musl@1.11.1 OK for: unrs-resolver@1.11.1 want: 1.11.1
4342 silly placeDep ROOT @unrs/resolver-binding-linux-s390x-gnu@1.11.1 OK for: unrs-resolver@1.11.1 want: 1.11.1
4343 silly placeDep ROOT @unrs/resolver-binding-linux-x64-gnu@1.11.1 OK for: unrs-resolver@1.11.1 want: 1.11.1
4344 silly placeDep ROOT @unrs/resolver-binding-linux-x64-musl@1.11.1 OK for: unrs-resolver@1.11.1 want: 1.11.1
4345 silly placeDep ROOT @unrs/resolver-binding-wasm32-wasi@1.11.1 OK for: unrs-resolver@1.11.1 want: 1.11.1
4346 silly placeDep ROOT @unrs/resolver-binding-win32-arm64-msvc@1.11.1 OK for: unrs-resolver@1.11.1 want: 1.11.1
4347 silly placeDep ROOT @unrs/resolver-binding-win32-ia32-msvc@1.11.1 OK for: unrs-resolver@1.11.1 want: 1.11.1
4348 silly placeDep ROOT @unrs/resolver-binding-win32-x64-msvc@1.11.1 OK for: unrs-resolver@1.11.1 want: 1.11.1
4349 silly placeDep ROOT napi-postinstall@0.3.4 OK for: unrs-resolver@1.11.1 want: ^0.3.0
4350 silly fetch manifest @napi-rs/wasm-runtime@^0.2.11
4351 silly packumentCache full:https://registry.npmjs.org/@napi-rs%2fwasm-runtime cache-miss
4352 http cache https://registry.npmjs.org/@napi-rs%2fwasm-runtime 10ms (cache hit)
4353 silly packumentCache full:https://registry.npmjs.org/@napi-rs%2fwasm-runtime set size:71273 disposed:false
4354 silly placeDep ROOT @napi-rs/wasm-runtime@0.2.12 OK for: @unrs/resolver-binding-wasm32-wasi@1.11.1 want: ^0.2.11
4355 silly fetch manifest @emnapi/core@^1.4.3
4356 silly packumentCache full:https://registry.npmjs.org/@emnapi%2fcore cache-miss
4357 silly fetch manifest @emnapi/runtime@^1.4.3
4358 silly packumentCache full:https://registry.npmjs.org/@emnapi%2fruntime cache-miss
4359 silly fetch manifest @tybys/wasm-util@^0.10.0
4360 silly packumentCache full:https://registry.npmjs.org/@tybys%2fwasm-util cache-miss
4361 http cache https://registry.npmjs.org/@emnapi%2fruntime 14ms (cache hit)
4362 silly packumentCache full:https://registry.npmjs.org/@emnapi%2fruntime set size:108129 disposed:false
4363 http cache https://registry.npmjs.org/@emnapi%2fcore 19ms (cache hit)
4364 silly packumentCache full:https://registry.npmjs.org/@emnapi%2fcore set size:105841 disposed:false
4365 http cache https://registry.npmjs.org/@tybys%2fwasm-util 20ms (cache hit)
4366 silly packumentCache full:https://registry.npmjs.org/@tybys%2fwasm-util set size:55410 disposed:false
4367 silly placeDep ROOT @emnapi/core@1.10.0 OK for: @napi-rs/wasm-runtime@0.2.12 want: ^1.4.3
4368 silly placeDep ROOT @emnapi/runtime@1.10.0 OK for: @napi-rs/wasm-runtime@0.2.12 want: ^1.4.3
4369 silly placeDep ROOT @tybys/wasm-util@0.10.1 OK for: @napi-rs/wasm-runtime@0.2.12 want: ^0.10.0
4370 silly fetch manifest @emnapi/wasi-threads@1.2.1
4371 silly packumentCache full:https://registry.npmjs.org/@emnapi%2fwasi-threads cache-miss
4372 silly fetch manifest tslib@^2.4.0
4373 silly packumentCache full:https://registry.npmjs.org/tslib cache-miss
4374 silly fetch manifest tslib@^2.4.0
4375 silly packumentCache full:https://registry.npmjs.org/tslib cache-miss
4376 silly fetch manifest tslib@^2.4.0
4377 silly packumentCache full:https://registry.npmjs.org/tslib cache-miss
4378 http cache https://registry.npmjs.org/@emnapi%2fwasi-threads 22ms (cache hit)
4379 silly packumentCache full:https://registry.npmjs.org/@emnapi%2fwasi-threads set size:24206 disposed:false
4380 http cache https://registry.npmjs.org/tslib 23ms (cache hit)
4381 silly packumentCache full:https://registry.npmjs.org/tslib set size:108760 disposed:false
4382 http cache https://registry.npmjs.org/tslib 28ms (cache hit)
4383 silly packumentCache full:https://registry.npmjs.org/tslib set size:108760 disposed:false
4384 silly packumentCache full:https://registry.npmjs.org/tslib dispose
4385 http cache https://registry.npmjs.org/tslib 34ms (cache hit)
4386 silly packumentCache full:https://registry.npmjs.org/tslib set size:108760 disposed:true
4387 silly packumentCache full:https://registry.npmjs.org/tslib dispose
4388 silly placeDep ROOT @emnapi/wasi-threads@1.2.1 OK for: @emnapi/core@1.10.0 want: 1.2.1
4389 silly placeDep ROOT tslib@2.8.1 OK for: @emnapi/core@1.10.0 want: ^2.4.0
4390 silly placeDep ROOT escalade@3.2.0 OK for: update-browserslist-db@1.2.3 want: ^3.2.0
4391 silly placeDep ROOT punycode@2.3.1 OK for: uri-js@4.4.1 want: ^2.1.0
4392 silly placeDep ROOT makeerror@1.0.12 OK for: walker@1.0.8 want: 1.0.12
4393 silly fetch manifest tmpl@1.0.5
4394 silly packumentCache full:https://registry.npmjs.org/tmpl cache-miss
4395 http cache https://registry.npmjs.org/tmpl 13ms (cache hit)
4396 silly packumentCache full:https://registry.npmjs.org/tmpl set size:7979 disposed:false
4397 silly placeDep ROOT tmpl@1.0.5 OK for: makeerror@1.0.12 want: 1.0.5
4398 silly placeDep ROOT tr46@0.0.3 OK for: whatwg-url@5.0.0 want: ~0.0.3
4399 silly placeDep ROOT webidl-conversions@3.0.1 OK for: whatwg-url@5.0.0 want: ^3.0.0
4400 silly placeDep ROOT buffer@5.7.1 OK for: whatwg-url-without-unicode@8.0.0-3 want: ^5.4.3
4401 silly placeDep node_modules/whatwg-url-without-unicode webidl-conversions@5.0.0 OK for: whatwg-url-without-unicode@8.0.0-3 want: ^5.0.0
4402 silly fetch manifest ieee754@^1.1.13
4403 silly packumentCache full:https://registry.npmjs.org/ieee754 cache-miss
4404 http cache https://registry.npmjs.org/ieee754 13ms (cache hit)
4405 silly packumentCache full:https://registry.npmjs.org/ieee754 set size:34910 disposed:false
4406 silly placeDep ROOT ieee754@1.2.1 OK for: buffer@5.7.1 want: ^1.1.13
4407 silly placeDep ROOT isexe@2.0.0 OK for: which@2.0.2 want: ^2.0.0
4408 silly placeDep ROOT is-bigint@1.1.0 OK for: which-boxed-primitive@1.1.1 want: ^1.1.0
4409 silly placeDep ROOT is-boolean-object@1.2.2 OK for: which-boxed-primitive@1.1.1 want: ^1.2.1
4410 silly placeDep ROOT is-number-object@1.1.1 OK for: which-boxed-primitive@1.1.1 want: ^1.1.1
4411 silly placeDep ROOT is-async-function@2.1.1 OK for: which-builtin-type@1.2.1 want: ^2.0.0
4412 silly placeDep ROOT is-finalizationregistry@1.1.1 OK for: which-builtin-type@1.2.1 want: ^1.1.0
4413 silly placeDep ROOT is-generator-function@1.1.2 OK for: which-builtin-type@1.2.1 want: ^1.0.10
4414 silly placeDep ROOT which-collection@1.0.2 OK for: which-builtin-type@1.2.1 want: ^1.0.2
4415 silly fetch manifest async-function@^1.0.0
4416 silly packumentCache full:https://registry.npmjs.org/async-function cache-miss
4417 silly fetch manifest generator-function@^2.0.0
4418 silly packumentCache full:https://registry.npmjs.org/generator-function cache-miss
4419 silly fetch manifest is-map@^2.0.3
4420 silly packumentCache full:https://registry.npmjs.org/is-map cache-miss
4421 silly fetch manifest is-weakmap@^2.0.2
4422 silly packumentCache full:https://registry.npmjs.org/is-weakmap cache-miss
4423 silly fetch manifest is-weakset@^2.0.3
4424 silly packumentCache full:https://registry.npmjs.org/is-weakset cache-miss
4425 http cache https://registry.npmjs.org/generator-function 25ms (cache hit)
4426 silly packumentCache full:https://registry.npmjs.org/generator-function set size:10401 disposed:false
4427 http cache https://registry.npmjs.org/async-function 28ms (cache hit)
4428 silly packumentCache full:https://registry.npmjs.org/async-function set size:7150 disposed:false
4429 http cache https://registry.npmjs.org/is-map 28ms (cache hit)
4430 silly packumentCache full:https://registry.npmjs.org/is-map set size:18079 disposed:false
4431 http cache https://registry.npmjs.org/is-weakmap 30ms (cache hit)
4432 silly packumentCache full:https://registry.npmjs.org/is-weakmap set size:15163 disposed:false
4433 http cache https://registry.npmjs.org/is-weakset 31ms (cache hit)
4434 silly packumentCache full:https://registry.npmjs.org/is-weakset set size:21965 disposed:false
4435 silly placeDep ROOT async-function@1.0.0 OK for: is-async-function@2.1.1 want: ^1.0.0
4436 silly placeDep ROOT generator-function@2.0.1 OK for: is-generator-function@1.1.2 want: ^2.0.0
4437 silly placeDep ROOT is-map@2.0.3 OK for: which-collection@1.0.2 want: ^2.0.3
4438 silly placeDep ROOT is-weakmap@2.0.2 OK for: which-collection@1.0.2 want: ^2.0.2
4439 silly placeDep ROOT is-weakset@2.0.4 OK for: which-collection@1.0.2 want: ^2.0.3
4440 silly placeDep ROOT signal-exit@3.0.7 OK for: write-file-atomic@4.0.2 want: ^3.0.7
4441 silly placeDep ROOT simple-plist@1.3.1 OK for: xcode@3.0.1 want: ^1.1.0
4442 silly placeDep ROOT uuid@7.0.3 OK for: xcode@3.0.1 want: ^7.0.3
4443 silly fetch manifest bplist-parser@0.3.1
4444 silly packumentCache full:https://registry.npmjs.org/bplist-parser cache-hit
4445 silly fetch manifest plist@^3.0.5
4446 silly packumentCache full:https://registry.npmjs.org/plist cache-miss
4447 http cache https://registry.npmjs.org/plist 13ms (cache hit)
4448 silly packumentCache full:https://registry.npmjs.org/plist set size:56639 disposed:false
4449 silly placeDep ROOT bplist-creator@0.1.0 OK for: simple-plist@1.3.1 want: 0.1.0
4450 silly placeDep ROOT bplist-parser@0.3.1 OK for: simple-plist@1.3.1 want: 0.3.1
4451 silly placeDep ROOT plist@3.1.1 OK for: simple-plist@1.3.1 want: ^3.0.5
4452 silly fetch manifest stream-buffers@2.2.x
4453 silly packumentCache full:https://registry.npmjs.org/stream-buffers cache-miss
4454 silly fetch manifest big-integer@1.6.x
4455 silly packumentCache full:https://registry.npmjs.org/big-integer cache-miss
4456 silly fetch manifest @xmldom/xmldom@^0.9.10
4457 silly packumentCache full:https://registry.npmjs.org/@xmldom%2fxmldom cache-hit
4458 http cache https://registry.npmjs.org/big-integer 16ms (cache hit)
4459 silly packumentCache full:https://registry.npmjs.org/big-integer set size:205433 disposed:false
4460 http cache https://registry.npmjs.org/stream-buffers 24ms (cache hit)
4461 silly packumentCache full:https://registry.npmjs.org/stream-buffers set size:32945 disposed:false
4462 silly placeDep ROOT stream-buffers@2.2.0 OK for: bplist-creator@0.1.0 want: 2.2.x
4463 silly placeDep ROOT big-integer@1.6.52 OK for: bplist-parser@0.3.1 want: 1.6.x
4464 silly placeDep node_modules/plist @xmldom/xmldom@0.9.10 OK for: plist@3.1.1 want: ^0.9.10
4465 silly placeDep ROOT sax@1.6.0 OK for: xml2js@0.6.0 want: >=0.6.0
4466 silly placeDep node_modules/xml2js xmlbuilder@11.0.1 OK for: xml2js@0.6.0 want: ~11.0.0
4467 silly placeDep ROOT cliui@8.0.1 OK for: yargs@17.7.2 want: ^8.0.1
4468 silly placeDep ROOT get-caller-file@2.0.5 OK for: yargs@17.7.2 want: ^2.0.5
4469 silly placeDep ROOT require-directory@2.1.1 OK for: yargs@17.7.2 want: ^2.1.1
4470 silly placeDep ROOT string-width@4.2.3 OK for: yargs@17.7.2 want: ^4.2.3
4471 silly placeDep ROOT y18n@5.0.8 OK for: yargs@17.7.2 want: ^5.0.5
4472 silly placeDep ROOT yargs-parser@21.1.1 OK for: yargs@17.7.2 want: ^21.1.1
4473 silly fetch manifest strip-ansi@^6.0.1
4474 silly packumentCache full:https://registry.npmjs.org/strip-ansi cache-miss
4475 silly fetch manifest string-width@^4.2.0
4476 silly packumentCache full:https://registry.npmjs.org/string-width cache-hit
4477 silly fetch manifest strip-ansi@^6.0.1
4478 silly packumentCache full:https://registry.npmjs.org/strip-ansi cache-miss
4479 silly fetch manifest emoji-regex@^8.0.0
4480 silly packumentCache full:https://registry.npmjs.org/emoji-regex cache-miss
4481 silly fetch manifest is-fullwidth-code-point@^3.0.0
4482 silly packumentCache full:https://registry.npmjs.org/is-fullwidth-code-point cache-miss
4483 http cache https://registry.npmjs.org/is-fullwidth-code-point 45ms (cache hit)
4484 silly packumentCache full:https://registry.npmjs.org/is-fullwidth-code-point set size:14578 disposed:false
4485 http cache https://registry.npmjs.org/strip-ansi 49ms (cache hit)
4486 silly packumentCache full:https://registry.npmjs.org/strip-ansi set size:44998 disposed:false
4487 http cache https://registry.npmjs.org/strip-ansi 53ms (cache hit)
4488 silly packumentCache full:https://registry.npmjs.org/strip-ansi set size:44998 disposed:false
4489 silly packumentCache full:https://registry.npmjs.org/strip-ansi dispose
4490 http cache https://registry.npmjs.org/emoji-regex 55ms (cache hit)
4491 silly packumentCache full:https://registry.npmjs.org/emoji-regex set size:89064 disposed:false
4492 silly placeDep ROOT strip-ansi@6.0.1 OK for: cliui@8.0.1 want: ^6.0.1
4493 silly placeDep ROOT wrap-ansi@7.0.0 OK for: cliui@8.0.1 want: ^7.0.0
4494 silly placeDep ROOT emoji-regex@8.0.0 OK for: string-width@4.2.3 want: ^8.0.0
4495 silly placeDep ROOT is-fullwidth-code-point@3.0.0 OK for: string-width@4.2.3 want: ^3.0.0
4496 silly placeDep ROOT @babel/highlight@7.25.9 OK for: @babel/code-frame@7.10.4 want: ^7.10.4
4497 silly fetch manifest chalk@^2.4.2
4498 silly packumentCache full:https://registry.npmjs.org/chalk cache-hit
4499 silly placeDep node_modules/@babel/highlight chalk@2.4.2 OK for: @babel/highlight@7.25.9 want: ^2.4.2
4500 silly fetch manifest ansi-styles@^3.2.1
4501 silly packumentCache full:https://registry.npmjs.org/ansi-styles cache-hit
4502 silly fetch manifest supports-color@^5.3.0
4503 silly packumentCache full:https://registry.npmjs.org/supports-color cache-hit
4504 silly fetch manifest escape-string-regexp@^1.0.5
4505 silly packumentCache full:https://registry.npmjs.org/escape-string-regexp cache-hit
4506 silly placeDep node_modules/@babel/highlight ansi-styles@3.2.1 OK for: chalk@2.4.2 want: ^3.2.1
4507 silly placeDep node_modules/@babel/highlight escape-string-regexp@1.0.5 OK for: chalk@2.4.2 want: ^1.0.5
4508 silly placeDep node_modules/@babel/highlight supports-color@5.5.0 OK for: chalk@2.4.2 want: ^5.3.0
4509 silly fetch manifest color-convert@^1.9.0
4510 silly packumentCache full:https://registry.npmjs.org/color-convert cache-hit
4511 silly fetch manifest has-flag@^3.0.0
4512 silly packumentCache full:https://registry.npmjs.org/has-flag cache-hit
4513 silly placeDep node_modules/@babel/highlight color-convert@1.9.3 OK for: ansi-styles@3.2.1 want: ^1.9.0
4514 silly fetch manifest color-name@1.1.3
4515 silly packumentCache full:https://registry.npmjs.org/color-name cache-hit
4516 silly placeDep node_modules/@babel/highlight color-name@1.1.3 OK for: color-convert@1.9.3 want: 1.1.3
4517 silly placeDep node_modules/@babel/highlight has-flag@3.0.0 OK for: supports-color@5.5.0 want: ^3.0.0
4518 silly placeDep node_modules/@expo/fingerprint brace-expansion@2.1.0 OK for: minimatch@9.0.9 want: ^2.0.2
4519 silly placeDep node_modules/@expo/metro-config brace-expansion@2.1.0 OK for: minimatch@9.0.9 want: ^2.0.2
4520 silly placeDep node_modules/@istanbuljs/load-nyc-config locate-path@5.0.0 OK for: find-up@4.1.0 want: ^5.0.0
4521 silly fetch manifest p-locate@^4.1.0
4522 silly packumentCache full:https://registry.npmjs.org/p-locate cache-hit
4523 silly placeDep node_modules/@istanbuljs/load-nyc-config argparse@1.0.10 OK for: js-yaml@3.14.2 want: ^1.0.7
4524 silly placeDep ROOT esprima@4.0.1 OK for: js-yaml@3.14.2 want: ^4.0.0
4525 silly fetch manifest sprintf-js@~1.0.2
4526 silly packumentCache full:https://registry.npmjs.org/sprintf-js cache-miss
4527 http cache https://registry.npmjs.org/sprintf-js 80ms (cache hit)
4528 silly packumentCache full:https://registry.npmjs.org/sprintf-js set size:20495 disposed:false
4529 silly placeDep ROOT sprintf-js@1.0.3 OK for: argparse@1.0.10 want: ~1.0.2
4530 silly placeDep node_modules/@istanbuljs/load-nyc-config p-locate@4.1.0 OK for: locate-path@5.0.0 want: ^4.1.0
4531 silly fetch manifest p-limit@^2.2.0
4532 silly packumentCache full:https://registry.npmjs.org/p-limit cache-hit
4533 silly placeDep node_modules/@istanbuljs/load-nyc-config p-limit@2.3.0 OK for: p-locate@4.1.0 want: ^2.2.0
4534 silly fetch manifest p-try@^2.0.0
4535 silly packumentCache full:https://registry.npmjs.org/p-try cache-miss
4536 http cache https://registry.npmjs.org/p-try 34ms (cache hit)
4537 silly packumentCache full:https://registry.npmjs.org/p-try set size:13014 disposed:false
4538 silly placeDep ROOT p-try@2.2.0 OK for: p-limit@2.3.0 want: ^2.0.0
4539 silly placeDep ROOT fs.realpath@1.0.0 OK for: glob@7.2.3 want: ^1.0.0
4540 silly placeDep ROOT inflight@1.0.6 OK for: glob@7.2.3 want: ^1.0.4
4541 silly placeDep ROOT once@1.4.0 OK for: glob@7.2.3 want: ^1.3.0
4542 silly placeDep ROOT path-is-absolute@1.0.1 OK for: glob@7.2.3 want: ^1.0.0
4543 silly fetch manifest wrappy@1
4544 silly packumentCache full:https://registry.npmjs.org/wrappy cache-miss
4545 silly fetch manifest wrappy@1
4546 silly packumentCache full:https://registry.npmjs.org/wrappy cache-miss
4547 http cache https://registry.npmjs.org/wrappy 45ms (cache hit)
4548 silly packumentCache full:https://registry.npmjs.org/wrappy set size:7682 disposed:false
4549 http cache https://registry.npmjs.org/wrappy 50ms (cache hit)
4550 silly packumentCache full:https://registry.npmjs.org/wrappy set size:7682 disposed:false
4551 silly packumentCache full:https://registry.npmjs.org/wrappy dispose
4552 silly placeDep ROOT wrappy@1.0.2 OK for: inflight@1.0.6 want: 1
4553 silly placeDep ROOT async-limiter@1.0.1 OK for: ws@6.2.3 want: ~1.0.0
4554 silly placeDep node_modules/@typescript-eslint/typescript-estree brace-expansion@5.0.5 OK for: minimatch@10.2.5 want: ^5.0.5
4555 silly fetch manifest balanced-match@^4.0.2
4556 silly packumentCache full:https://registry.npmjs.org/balanced-match cache-hit
4557 silly placeDep node_modules/@typescript-eslint/typescript-estree balanced-match@4.0.4 OK for: brace-expansion@5.0.5 want: ^4.0.2
4558 silly placeDep node_modules/connect ms@2.0.0 OK for: debug@2.6.9 want: 2.0.0
4559 silly fetch manifest utf-8-validate@>=5.0.2
4560 silly packumentCache full:https://registry.npmjs.org/utf-8-validate cache-hit
4561 silly fetch manifest graphql@^14.0.0 || ^15.0.0 || ^16.0.0
4562 silly packumentCache full:https://registry.npmjs.org/graphql cache-miss
4563 http cache https://registry.npmjs.org/graphql 27ms (cache hit)
4564 silly packumentCache full:https://registry.npmjs.org/graphql set size:829986 disposed:false
4565 silly placeDep ROOT @0no-co/graphql.web@1.2.0 OK for: @expo/cli@54.0.23 want: ^1.0.8
4566 silly placeDep ROOT @expo/code-signing-certificates@0.0.6 OK for: @expo/cli@54.0.23 want: ^0.0.6
4567 silly placeDep ROOT @expo/devcert@1.2.1 OK for: @expo/cli@54.0.23 want: ^1.2.1
4568 silly placeDep ROOT @expo/osascript@2.4.2 OK for: @expo/cli@54.0.23 want: ^2.3.8
4569 silly placeDep ROOT @expo/package-manager@1.10.4 OK for: @expo/cli@54.0.23 want: ^1.9.10
4570 silly placeDep ROOT @expo/schema-utils@0.1.8 OK for: @expo/cli@54.0.23 want: ^0.1.8
4571 silly placeDep ROOT @expo/ws-tunnel@1.0.6 OK for: @expo/cli@54.0.23 want: ^1.0.1
4572 silly placeDep ROOT @expo/xcpretty@4.4.3 OK for: @expo/cli@54.0.23 want: ^4.3.0
4573 silly placeDep ROOT @urql/core@5.2.0 OK for: @expo/cli@54.0.23 want: ^5.0.6
4574 silly placeDep ROOT @urql/exchange-retry@1.3.2 OK for: @expo/cli@54.0.23 want: ^1.3.0
4575 silly placeDep ROOT better-opn@3.0.2 OK for: @expo/cli@54.0.23 want: ~3.0.2
4576 silly placeDep node_modules/expo ci-info@3.9.0 OK for: @expo/cli@54.0.23 want: ^3.3.0
4577 silly placeDep ROOT compression@1.8.1 OK for: @expo/cli@54.0.23 want: ^1.7.4
4578 silly placeDep ROOT env-editor@0.4.2 OK for: @expo/cli@54.0.23 want: ^0.4.1
4579 silly placeDep ROOT expo-server@1.0.5 OK for: @expo/cli@54.0.23 want: ^1.0.5
4580 silly placeDep ROOT freeport-async@2.0.0 OK for: @expo/cli@54.0.23 want: ^2.0.0
4581 silly placeDep ROOT lan-network@0.1.7 OK for: @expo/cli@54.0.23 want: ^0.1.6
4582 silly placeDep node_modules/expo minimatch@9.0.9 OK for: @expo/cli@54.0.23 want: ^9.0.0
4583 silly placeDep ROOT node-forge@1.4.0 OK for: @expo/cli@54.0.23 want: ^1.3.3
4584 silly placeDep ROOT npm-package-arg@11.0.3 OK for: @expo/cli@54.0.23 want: ^11.0.0
4585 silly placeDep ROOT ora@3.4.0 OK for: @expo/cli@54.0.23 want: ^3.4.0
4586 silly placeDep node_modules/expo picomatch@3.0.2 OK for: @expo/cli@54.0.23 want: ^3.0.1
4587 silly placeDep ROOT pretty-bytes@5.6.0 OK for: @expo/cli@54.0.23 want: ^5.6.0
4588 silly placeDep ROOT progress@2.0.3 OK for: @expo/cli@54.0.23 want: ^2.0.3
4589 silly placeDep ROOT prompts@2.4.2 OK for: @expo/cli@54.0.23 want: ^2.3.2
4590 silly placeDep ROOT qrcode-terminal@0.11.0 OK for: @expo/cli@54.0.23 want: 0.11.0
4591 silly placeDep ROOT requireg@0.2.2 OK for: @expo/cli@54.0.23 want: ^0.2.2
4592 silly placeDep node_modules/expo resolve@1.22.12 OK for: @expo/cli@54.0.23 want: ^1.22.2
4593 silly placeDep ROOT resolve.exports@2.0.3 OK for: @expo/cli@54.0.23 want: ^2.0.3
4594 silly placeDep node_modules/expo semver@7.7.4 OK for: @expo/cli@54.0.23 want: ^7.6.0
4595 silly placeDep ROOT structured-headers@0.4.1 OK for: @expo/cli@54.0.23 want: ^0.4.1
4596 silly placeDep ROOT tar@7.5.13 OK for: @expo/cli@54.0.23 want: ^7.5.2
4597 silly placeDep ROOT terminal-link@2.1.1 OK for: @expo/cli@54.0.23 want: ^2.1.1
4598 silly placeDep ROOT undici@6.25.0 OK for: @expo/cli@54.0.23 want: ^6.18.2
4599 silly placeDep node_modules/expo ws@8.20.0 OK for: @expo/cli@54.0.23 want: ^8.12.1
4600 silly fetch manifest debug@^3.1.0
4601 silly packumentCache full:https://registry.npmjs.org/debug cache-hit
4602 silly fetch manifest @expo/sudo-prompt@^9.3.1
4603 silly packumentCache full:https://registry.npmjs.org/@expo%2fsudo-prompt cache-miss
4604 silly fetch manifest wonka@^6.3.2
4605 silly packumentCache full:https://registry.npmjs.org/wonka cache-miss
4606 silly fetch manifest wonka@^6.3.2
4607 silly packumentCache full:https://registry.npmjs.org/wonka cache-miss
4608 silly fetch manifest open@^8.0.4
4609 silly packumentCache full:https://registry.npmjs.org/open cache-hit
4610 silly fetch manifest vary@~1.1.2
4611 silly packumentCache full:https://registry.npmjs.org/vary cache-miss
4612 silly fetch manifest bytes@3.1.2
4613 silly packumentCache full:https://registry.npmjs.org/bytes cache-miss
4614 silly fetch manifest negotiator@~0.6.4
4615 silly packumentCache full:https://registry.npmjs.org/negotiator cache-hit
4616 silly fetch manifest on-headers@~1.1.0
4617 silly packumentCache full:https://registry.npmjs.org/on-headers cache-miss
4618 silly fetch manifest safe-buffer@5.2.1
4619 silly packumentCache full:https://registry.npmjs.org/safe-buffer cache-miss
4620 http cache https://registry.npmjs.org/wonka 48ms (cache hit)
4621 silly packumentCache full:https://registry.npmjs.org/wonka set size:386763 disposed:false
4622 silly fetch manifest compressible@~2.0.18
4623 silly packumentCache full:https://registry.npmjs.org/compressible cache-miss
4624 http cache https://registry.npmjs.org/safe-buffer 52ms (cache hit)
4625 silly packumentCache full:https://registry.npmjs.org/safe-buffer set size:41183 disposed:false
4626 silly fetch manifest semver@^7.3.5
4627 silly packumentCache full:https://registry.npmjs.org/semver cache-hit
4628 silly fetch manifest proc-log@^4.0.0
4629 silly packumentCache full:https://registry.npmjs.org/proc-log cache-miss
4630 http cache https://registry.npmjs.org/wonka 68ms (cache hit)
4631 silly packumentCache full:https://registry.npmjs.org/wonka set size:386763 disposed:false
4632 silly packumentCache full:https://registry.npmjs.org/wonka dispose
4633 silly fetch manifest hosted-git-info@^7.0.0
4634 silly packumentCache full:https://registry.npmjs.org/hosted-git-info cache-miss
4635 http cache https://registry.npmjs.org/vary 70ms (cache hit)
4636 silly packumentCache full:https://registry.npmjs.org/vary set size:15994 disposed:false
4637 silly fetch manifest validate-npm-package-name@^5.0.0
4638 silly packumentCache full:https://registry.npmjs.org/validate-npm-package-name cache-miss
4639 http cache https://registry.npmjs.org/@expo%2fsudo-prompt 80ms (cache hit)
4640 silly packumentCache full:https://registry.npmjs.org/@expo%2fsudo-prompt set size:8809 disposed:false
4641 silly fetch manifest wcwidth@^1.0.1
4642 silly packumentCache full:https://registry.npmjs.org/wcwidth cache-miss
4643 http cache https://registry.npmjs.org/on-headers 73ms (cache hit)
4644 silly packumentCache full:https://registry.npmjs.org/on-headers set size:13226 disposed:false
4645 silly fetch manifest cli-cursor@^2.1.0
4646 silly packumentCache full:https://registry.npmjs.org/cli-cursor cache-miss
4647 http cache https://registry.npmjs.org/bytes 80ms (cache hit)
4648 silly packumentCache full:https://registry.npmjs.org/bytes set size:37018 disposed:false
4649 silly fetch manifest strip-ansi@^5.2.0
4650 silly packumentCache full:https://registry.npmjs.org/strip-ansi cache-hit
4651 silly fetch manifest log-symbols@^2.2.0
4652 silly packumentCache full:https://registry.npmjs.org/log-symbols cache-miss
4653 http cache https://registry.npmjs.org/proc-log 44ms (cache hit)
4654 silly packumentCache full:https://registry.npmjs.org/proc-log set size:33481 disposed:false
4655 silly fetch manifest cli-spinners@^2.0.0
4656 silly packumentCache full:https://registry.npmjs.org/cli-spinners cache-miss
4657 http cache https://registry.npmjs.org/compressible 54ms (cache hit)
4658 silly packumentCache full:https://registry.npmjs.org/compressible set size:61733 disposed:false
4659 silly fetch manifest kleur@^3.0.3
4660 silly packumentCache full:https://registry.npmjs.org/kleur cache-miss
4661 http cache https://registry.npmjs.org/validate-npm-package-name 42ms (cache hit)
4662 silly packumentCache full:https://registry.npmjs.org/validate-npm-package-name set size:48094 disposed:false
4663 silly fetch manifest sisteransi@^1.0.5
4664 silly packumentCache full:https://registry.npmjs.org/sisteransi cache-miss
4665 http cache https://registry.npmjs.org/hosted-git-info 54ms (cache hit)
4666 silly packumentCache full:https://registry.npmjs.org/hosted-git-info set size:178805 disposed:false
4667 silly fetch manifest nested-error-stacks@~2.0.1
4668 silly packumentCache full:https://registry.npmjs.org/nested-error-stacks cache-miss
4669 http cache https://registry.npmjs.org/wcwidth 63ms (cache hit)
4670 silly packumentCache full:https://registry.npmjs.org/wcwidth set size:5904 disposed:false
4671 silly fetch manifest rc@~1.2.7
4672 silly packumentCache full:https://registry.npmjs.org/rc cache-miss
4673 http cache https://registry.npmjs.org/cli-cursor 64ms (cache hit)
4674 silly packumentCache full:https://registry.npmjs.org/cli-cursor set size:18913 disposed:false
4675 silly fetch manifest resolve@~1.7.1
4676 silly packumentCache full:https://registry.npmjs.org/resolve cache-hit
4677 silly fetch manifest @isaacs/fs-minipass@^4.0.0
4678 silly packumentCache full:https://registry.npmjs.org/@isaacs%2ffs-minipass cache-miss
4679 http cache https://registry.npmjs.org/log-symbols 70ms (cache hit)
4680 silly packumentCache full:https://registry.npmjs.org/log-symbols set size:31977 disposed:false
4681 silly fetch manifest chownr@^3.0.0
4682 silly packumentCache full:https://registry.npmjs.org/chownr cache-miss
4683 http cache https://registry.npmjs.org/sisteransi 63ms (cache hit)
4684 silly packumentCache full:https://registry.npmjs.org/sisteransi set size:23215 disposed:false
4685 silly fetch manifest minizlib@^3.1.0
4686 silly packumentCache full:https://registry.npmjs.org/minizlib cache-miss
4687 http cache https://registry.npmjs.org/cli-spinners 72ms (cache hit)
4688 silly packumentCache full:https://registry.npmjs.org/cli-spinners set size:67473 disposed:false
4689 silly fetch manifest yallist@^5.0.0
4690 silly packumentCache full:https://registry.npmjs.org/yallist cache-hit
4691 silly fetch manifest ansi-escapes@^4.2.1
4692 silly packumentCache full:https://registry.npmjs.org/ansi-escapes cache-miss
4693 http cache https://registry.npmjs.org/kleur 74ms (cache hit)
4694 silly packumentCache full:https://registry.npmjs.org/kleur set size:61853 disposed:false
4695 silly fetch manifest supports-hyperlinks@^2.0.0
4696 silly packumentCache full:https://registry.npmjs.org/supports-hyperlinks cache-miss
4697 http cache https://registry.npmjs.org/nested-error-stacks 62ms (cache hit)
4698 silly packumentCache full:https://registry.npmjs.org/nested-error-stacks set size:24138 disposed:false
4699 http cache https://registry.npmjs.org/@isaacs%2ffs-minipass 45ms (cache hit)
4700 silly packumentCache full:https://registry.npmjs.org/@isaacs%2ffs-minipass set size:7912 disposed:false
4701 http cache https://registry.npmjs.org/rc 52ms (cache hit)
4702 silly packumentCache full:https://registry.npmjs.org/rc set size:70417 disposed:false
4703 http cache https://registry.npmjs.org/chownr 45ms (cache hit)
4704 silly packumentCache full:https://registry.npmjs.org/chownr set size:22157 disposed:false
4705 http cache https://registry.npmjs.org/ansi-escapes 30ms (cache hit)
4706 silly packumentCache full:https://registry.npmjs.org/ansi-escapes set size:70915 disposed:false
4707 http cache https://registry.npmjs.org/supports-hyperlinks 29ms (cache hit)
4708 silly packumentCache full:https://registry.npmjs.org/supports-hyperlinks set size:36220 disposed:false
4709 http cache https://registry.npmjs.org/minizlib 43ms (cache hit)
4710 silly packumentCache full:https://registry.npmjs.org/minizlib set size:62862 disposed:false
4711 silly placeDep ROOT @expo/sudo-prompt@9.3.2 OK for: @expo/devcert@1.2.1 want: ^9.3.1
4712 silly placeDep node_modules/@expo/devcert debug@3.2.7 OK for: @expo/devcert@1.2.1 want: ^3.1.0
4713 silly placeDep ROOT wonka@6.3.6 OK for: @urql/core@5.2.0 want: ^6.3.2
4714 silly placeDep node_modules/better-opn open@8.4.2 OK for: better-opn@3.0.2 want: ^8.0.4
4715 silly fetch manifest define-lazy-prop@^2.0.0
4716 silly packumentCache full:https://registry.npmjs.org/define-lazy-prop cache-miss
4717 http cache https://registry.npmjs.org/define-lazy-prop 10ms (cache hit)
4718 silly packumentCache full:https://registry.npmjs.org/define-lazy-prop set size:9337 disposed:false
4719 silly placeDep ROOT bytes@3.1.2 OK for: compression@1.8.1 want: 3.1.2
4720 silly placeDep ROOT compressible@2.0.18 OK for: compression@1.8.1 want: ~2.0.18
4721 silly placeDep node_modules/compression debug@2.6.9 OK for: compression@1.8.1 want: 2.6.9
4722 silly placeDep node_modules/compression negotiator@0.6.4 OK for: compression@1.8.1 want: ~0.6.4
4723 silly placeDep ROOT on-headers@1.1.0 OK for: compression@1.8.1 want: ~1.1.0
4724 silly placeDep ROOT safe-buffer@5.2.1 OK for: compression@1.8.1 want: 5.2.1
4725 silly placeDep ROOT vary@1.1.2 OK for: compression@1.8.1 want: ~1.1.2
4726 silly placeDep ROOT hosted-git-info@7.0.2 OK for: npm-package-arg@11.0.3 want: ^7.0.0
4727 silly placeDep ROOT proc-log@4.2.0 OK for: npm-package-arg@11.0.3 want: ^4.0.0
4728 silly placeDep node_modules/npm-package-arg semver@7.7.4 OK for: npm-package-arg@11.0.3 want: ^7.3.5
4729 silly placeDep ROOT validate-npm-package-name@5.0.1 OK for: npm-package-arg@11.0.3 want: ^5.0.0
4730 silly fetch manifest lru-cache@^10.0.1
4731 silly packumentCache full:https://registry.npmjs.org/lru-cache cache-hit
4732 silly placeDep node_modules/hosted-git-info lru-cache@10.4.3 OK for: hosted-git-info@7.0.2 want: ^10.0.1
4733 silly placeDep node_modules/ora chalk@2.4.2 OK for: ora@3.4.0 want: ^2.4.2
4734 silly placeDep ROOT cli-cursor@2.1.0 OK for: ora@3.4.0 want: ^2.1.0
4735 silly placeDep ROOT cli-spinners@2.9.2 OK for: ora@3.4.0 want: ^2.0.0
4736 silly placeDep ROOT log-symbols@2.2.0 OK for: ora@3.4.0 want: ^2.2.0
4737 silly placeDep node_modules/ora strip-ansi@5.2.0 OK for: ora@3.4.0 want: ^5.2.0
4738 silly placeDep ROOT wcwidth@1.0.1 OK for: ora@3.4.0 want: ^1.0.1
4739 silly fetch manifest restore-cursor@^2.0.0
4740 silly packumentCache full:https://registry.npmjs.org/restore-cursor cache-miss
4741 silly fetch manifest chalk@^2.0.1
4742 silly packumentCache full:https://registry.npmjs.org/chalk cache-hit
4743 silly fetch manifest ansi-regex@^4.1.0
4744 silly packumentCache full:https://registry.npmjs.org/ansi-regex cache-hit
4745 silly fetch manifest defaults@^1.0.3
4746 silly packumentCache full:https://registry.npmjs.org/defaults cache-miss
4747 http cache https://registry.npmjs.org/restore-cursor 14ms (cache hit)
4748 silly packumentCache full:https://registry.npmjs.org/restore-cursor set size:17895 disposed:false
4749 http cache https://registry.npmjs.org/defaults 15ms (cache hit)
4750 silly packumentCache full:https://registry.npmjs.org/defaults set size:18134 disposed:false
4751 silly placeDep ROOT restore-cursor@2.0.0 OK for: cli-cursor@2.1.0 want: ^2.0.0
4752 silly fetch manifest onetime@^2.0.0
4753 silly packumentCache full:https://registry.npmjs.org/onetime cache-miss
4754 http cache https://registry.npmjs.org/onetime 18ms (cache hit)
4755 silly packumentCache full:https://registry.npmjs.org/onetime set size:32314 disposed:false
4756 silly placeDep node_modules/log-symbols chalk@2.4.2 OK for: log-symbols@2.2.0 want: ^2.0.1
4757 silly placeDep ROOT kleur@3.0.3 OK for: prompts@2.4.2 want: ^3.0.3
4758 silly placeDep ROOT sisteransi@1.0.5 OK for: prompts@2.4.2 want: ^1.0.5
4759 silly placeDep ROOT nested-error-stacks@2.0.1 OK for: requireg@0.2.2 want: ~2.0.1
4760 silly placeDep ROOT rc@1.2.8 OK for: requireg@0.2.2 want: ~1.2.7
4761 silly placeDep node_modules/requireg resolve@1.7.1 OK for: requireg@0.2.2 want: ~1.7.1
4762 silly fetch manifest ini@~1.3.0
4763 silly packumentCache full:https://registry.npmjs.org/ini cache-miss
4764 silly fetch manifest deep-extend@^0.6.0
4765 silly packumentCache full:https://registry.npmjs.org/deep-extend cache-miss
4766 silly fetch manifest strip-json-comments@~2.0.1
4767 silly packumentCache full:https://registry.npmjs.org/strip-json-comments cache-hit
4768 http cache https://registry.npmjs.org/ini 15ms (cache hit)
4769 silly packumentCache full:https://registry.npmjs.org/ini set size:56912 disposed:false
4770 http cache https://registry.npmjs.org/deep-extend 17ms (cache hit)
4771 silly packumentCache full:https://registry.npmjs.org/deep-extend set size:34472 disposed:false
4772 silly placeDep ROOT deep-extend@0.6.0 OK for: rc@1.2.8 want: ^0.6.0
4773 silly placeDep ROOT ini@1.3.8 OK for: rc@1.2.8 want: ~1.3.0
4774 silly placeDep node_modules/rc strip-json-comments@2.0.1 OK for: rc@1.2.8 want: ~2.0.1
4775 silly placeDep ROOT onetime@2.0.1 OK for: restore-cursor@2.0.0 want: ^2.0.0
4776 silly fetch manifest mimic-fn@^1.0.0
4777 silly packumentCache full:https://registry.npmjs.org/mimic-fn cache-miss
4778 http cache https://registry.npmjs.org/mimic-fn 19ms (cache hit)
4779 silly packumentCache full:https://registry.npmjs.org/mimic-fn set size:22257 disposed:false
4780 silly placeDep ROOT mimic-fn@1.2.0 OK for: onetime@2.0.1 want: ^1.0.0
4781 silly placeDep ROOT @isaacs/fs-minipass@4.0.1 OK for: tar@7.5.13 want: ^4.0.0
4782 silly placeDep ROOT chownr@3.0.0 OK for: tar@7.5.13 want: ^3.0.0
4783 silly placeDep ROOT minizlib@3.1.0 OK for: tar@7.5.13 want: ^3.1.0
4784 silly placeDep node_modules/tar yallist@5.0.0 OK for: tar@7.5.13 want: ^5.0.0
4785 silly placeDep ROOT ansi-escapes@4.3.2 OK for: terminal-link@2.1.1 want: ^4.2.1
4786 silly placeDep ROOT supports-hyperlinks@2.3.0 OK for: terminal-link@2.1.1 want: ^2.0.0
4787 silly fetch manifest type-fest@^0.21.3
4788 silly packumentCache full:https://registry.npmjs.org/type-fest cache-hit
4789 silly placeDep node_modules/ansi-escapes type-fest@0.21.3 OK for: ansi-escapes@4.3.2 want: ^0.21.3
4790 silly placeDep ROOT defaults@1.0.4 OK for: wcwidth@1.0.1 want: ^1.0.3
4791 silly fetch manifest clone@^1.0.2
4792 silly packumentCache full:https://registry.npmjs.org/clone cache-miss
4793 http cache https://registry.npmjs.org/clone 19ms (cache hit)
4794 silly packumentCache full:https://registry.npmjs.org/clone set size:82973 disposed:false
4795 silly placeDep ROOT clone@1.0.4 OK for: defaults@1.0.4 want: ^1.0.2
4796 silly placeDep ROOT define-lazy-prop@2.0.0 OK for: open@8.4.2 want: ^2.0.0
4797 silly placeDep node_modules/compression ms@2.0.0 OK for: debug@2.6.9 want: 2.0.0
4798 silly placeDep node_modules/expo brace-expansion@2.1.0 OK for: minimatch@9.0.9 want: ^2.0.2
4799 silly placeDep node_modules/finalhandler ms@2.0.0 OK for: debug@2.6.9 want: 2.0.0
4800 silly placeDep node_modules/glob brace-expansion@5.0.5 OK for: minimatch@10.2.5 want: ^5.0.5
4801 silly placeDep node_modules/glob balanced-match@4.0.4 OK for: brace-expansion@5.0.5 want: ^4.0.2
4802 silly placeDep node_modules/lighthouse-logger ms@2.0.0 OK for: debug@2.6.9 want: 2.0.0
4803 silly placeDep node_modules/log-symbols ansi-styles@3.2.1 OK for: chalk@2.4.2 want: ^3.2.1
4804 silly placeDep node_modules/log-symbols escape-string-regexp@1.0.5 OK for: chalk@2.4.2 want: ^1.0.5
4805 silly placeDep node_modules/log-symbols supports-color@5.5.0 OK for: chalk@2.4.2 want: ^5.3.0
4806 silly placeDep node_modules/log-symbols color-convert@1.9.3 OK for: ansi-styles@3.2.1 want: ^1.9.0
4807 silly placeDep node_modules/log-symbols color-name@1.1.3 OK for: color-convert@1.9.3 want: 1.1.3
4808 silly placeDep node_modules/log-symbols has-flag@3.0.0 OK for: supports-color@5.5.0 want: ^3.0.0
4809 silly placeDep node_modules/metro-babel-transformer hermes-estree@0.32.0 OK for: hermes-parser@0.32.0 want: 0.32.0
4810 silly placeDep node_modules/metro hermes-estree@0.32.0 OK for: hermes-parser@0.32.0 want: 0.32.0
4811 silly placeDep node_modules/ora ansi-styles@3.2.1 OK for: chalk@2.4.2 want: ^3.2.1
4812 silly placeDep node_modules/ora escape-string-regexp@1.0.5 OK for: chalk@2.4.2 want: ^1.0.5
4813 silly placeDep node_modules/ora supports-color@5.5.0 OK for: chalk@2.4.2 want: ^5.3.0
4814 silly placeDep node_modules/ora color-convert@1.9.3 OK for: ansi-styles@3.2.1 want: ^1.9.0
4815 silly placeDep node_modules/ora color-name@1.1.3 OK for: color-convert@1.9.3 want: 1.1.3
4816 silly placeDep node_modules/ora ansi-regex@4.1.1 OK for: strip-ansi@5.2.0 want: ^4.1.0
4817 silly placeDep node_modules/ora has-flag@3.0.0 OK for: supports-color@5.5.0 want: ^3.0.0
4818 silly placeDep node_modules/react-native-paper color-convert@1.9.3 OK for: color@3.2.1 want: ^1.9.3
4819 silly placeDep node_modules/react-native-paper color-name@1.1.3 OK for: color-convert@1.9.3 want: 1.1.3
4820 silly placeDep node_modules/send/node_modules/debug ms@2.0.0 OK for: debug@2.6.9 want: 2.0.0
4821 silly reify mark retired [
4821 silly reify   'C:\\Users\\nyath\\Desktop\\2.2\\ZimCrafts Hub fullstack\\zimcrafts-mobile\\node_modules\\react-native'
4821 silly reify ]
4822 silly reify moves {
4822 silly reify   'C:\\Users\\nyath\\Desktop\\2.2\\ZimCrafts Hub fullstack\\zimcrafts-mobile\\node_modules\\react-native': 'C:\\Users\\nyath\\Desktop\\2.2\\ZimCrafts Hub fullstack\\zimcrafts-mobile\\node_modules\\.react-native-pC5Vtwoy'
4822 silly reify }
4823 silly audit bulk request {
4823 silly audit   '@expo/vector-icons': [ '15.1.1' ],
4823 silly audit   react: [ '19.1.0' ],
4823 silly audit   'expo-font': [ '14.0.11' ],
4823 silly audit   expo: [ '54.0.33' ],
4823 silly audit   '@react-navigation/bottom-tabs': [ '7.15.10' ],
4823 silly audit   'react-native-screens': [ '4.16.0' ],
4823 silly audit   '@react-navigation/native': [ '7.2.2' ],
4823 silly audit   'react-native-safe-area-context': [ '5.6.2' ],
4823 silly audit   '@react-navigation/elements': [ '2.9.15' ],
4823 silly audit   '@react-navigation/native-stack': [ '7.14.12' ],
4823 silly audit   '@types/react': [ '19.1.17' ],
4823 silly audit   axios: [ '1.15.2' ],
4823 silly audit   eslint: [ '9.39.4' ],
4823 silly audit   'eslint-config-expo': [ '10.0.0' ],
4823 silly audit   'expo-constants': [ '18.0.13' ],
4823 silly audit   'expo-haptics': [ '15.0.8' ],
4823 silly audit   'expo-image': [ '3.0.11' ],
4823 silly audit   'expo-linking': [ '8.0.11' ],
4823 silly audit   'expo-secure-store': [ '15.0.8' ],
4823 silly audit   'expo-splash-screen': [ '31.0.13' ],
4823 silly audit   'expo-status-bar': [ '3.0.9' ],
4823 silly audit   'expo-symbols': [ '1.0.8' ],
4823 silly audit   'expo-system-ui': [ '6.0.9' ],
4823 silly audit   'expo-web-browser': [ '15.0.10' ],
4823 silly audit   'react-dom': [ '19.1.0' ],
4823 silly audit   'react-native': [ '0.81.5' ],
4823 silly audit   'react-native-gesture-handler': [ '2.28.0' ],
4823 silly audit   'react-native-paper': [ '5.15.1' ],
4823 silly audit   'react-native-reanimated': [ '4.1.7' ],
4823 silly audit   'react-native-worklets': [ '0.5.1' ],
4823 silly audit   '@babel/core': [ '7.29.0' ],
4823 silly audit   'react-native-web': [ '0.21.2' ],
4823 silly audit   '@babel/code-frame': [ '7.29.0', '7.10.4' ],
4823 silly audit   '@babel/generator': [ '7.29.1' ],
4823 silly audit   '@babel/helper-compilation-targets': [ '7.28.6' ],
4823 silly audit   '@babel/helper-module-transforms': [ '7.28.6' ],
4823 silly audit   '@babel/helpers': [ '7.29.2' ],
4823 silly audit   '@babel/parser': [ '7.29.2' ],
4823 silly audit   '@babel/template': [ '7.28.6' ],
4823 silly audit   '@babel/traverse': [ '7.29.0' ],
4823 silly audit   '@babel/types': [ '7.29.0' ],
4823 silly audit   '@jridgewell/remapping': [ '2.3.5' ],
4823 silly audit   'convert-source-map': [ '2.0.0' ],
4823 silly audit   debug: [ '4.4.3', '3.2.7', '2.6.9' ],
4823 silly audit   gensync: [ '1.0.0-beta.2' ],
4823 silly audit   json5: [ '2.2.3', '1.0.2' ],
4823 silly audit   semver: [ '6.3.1', '7.7.4', '7.7.2' ],
4823 silly audit   '@babel/helper-validator-identifier': [ '7.28.5' ],
4823 silly audit   'js-tokens': [ '4.0.0' ],
4823 silly audit   picocolors: [ '1.1.1' ],
4823 silly audit   '@jridgewell/gen-mapping': [ '0.3.13' ],
4823 silly audit   '@jridgewell/trace-mapping': [ '0.3.31' ],
4823 silly audit   jsesc: [ '3.1.0' ],
4823 silly audit   '@babel/compat-data': [ '7.29.0' ],
4823 silly audit   '@babel/helper-validator-option': [ '7.27.1' ],
4823 silly audit   browserslist: [ '4.28.2' ],
4823 silly audit   'lru-cache': [ '5.1.1', '11.3.5', '10.4.3' ],
4823 silly audit   '@babel/helper-module-imports': [ '7.28.6' ],
4823 silly audit   '@babel/helper-globals': [ '7.28.0' ],
4823 silly audit   '@babel/helper-string-parser': [ '7.27.1' ],
4823 silly audit   '@jridgewell/sourcemap-codec': [ '1.5.5' ],
4823 silly audit   '@jridgewell/resolve-uri': [ '3.1.2' ],
4823 silly audit   color: [ '4.2.3', '3.2.1' ],
4823 silly audit   'sf-symbols-typescript': [ '2.2.0' ],
4823 silly audit   'use-latest-callback': [ '0.2.6' ],
4823 silly audit   'use-sync-external-store': [ '1.6.0' ],
4823 silly audit   '@react-navigation/core': [ '7.17.2' ],
4823 silly audit   'escape-string-regexp': [ '4.0.0', '2.0.0', '1.0.5' ],
4823 silly audit   'fast-deep-equal': [ '3.1.3' ],
4823 silly audit   nanoid: [ '3.3.11' ],
4823 silly audit   '@react-navigation/routers': [ '7.5.3' ],
4823 silly audit   'query-string': [ '7.1.3' ],
4823 silly audit   'react-is': [ '19.2.5', '18.3.1', '16.13.1' ],
4823 silly audit   'warn-once': [ '0.1.1' ],
4823 silly audit   csstype: [ '3.2.3' ],
4823 silly audit   'follow-redirects': [ '1.16.0' ],
4823 silly audit   'form-data': [ '4.0.5' ],
4823 silly audit   'proxy-from-env': [ '2.1.0' ],
4823 silly audit   'baseline-browser-mapping': [ '2.10.23' ],
4823 silly audit   'caniuse-lite': [ '1.0.30001791' ],
4823 silly audit   'electron-to-chromium': [ '1.5.344' ],
4823 silly audit   'node-releases': [ '2.0.38' ],
4823 silly audit   'update-browserslist-db': [ '1.2.3' ],
4823 silly audit   'color-convert': [ '2.0.1', '1.9.3' ],
4823 silly audit   'color-string': [ '1.9.1' ],
4823 silly audit   'color-name': [ '1.1.4', '1.1.3' ],
4823 silly audit   'simple-swizzle': [ '0.2.4' ],
4823 silly audit   ms: [ '2.1.3', '2.0.0' ],
4823 silly audit   '@eslint-community/eslint-utils': [ '4.9.1' ],
4823 silly audit   '@eslint-community/regexpp': [ '4.12.2' ],
4823 silly audit   '@eslint/config-array': [ '0.21.2' ],
4823 silly audit   '@eslint/config-helpers': [ '0.4.2' ],
4823 silly audit   '@eslint/core': [ '0.17.0' ],
4823 silly audit   '@eslint/eslintrc': [ '3.3.5' ],
4823 silly audit   '@eslint/js': [ '9.39.4' ],
4823 silly audit   '@eslint/plugin-kit': [ '0.4.1' ],
4823 silly audit   '@humanfs/node': [ '0.16.8' ],
4823 silly audit   '@humanwhocodes/module-importer': [ '1.0.1' ],
4823 silly audit   '@humanwhocodes/retry': [ '0.4.3' ],
4823 silly audit   '@types/estree': [ '1.0.8' ],
4823 silly audit   ajv: [ '6.15.0' ],
4823 silly audit   chalk: [ '4.1.2', '2.4.2' ],
4823 silly audit   'cross-spawn': [ '7.0.6' ],
4823 silly audit   'eslint-scope': [ '8.4.0' ],
4823 silly audit   'eslint-visitor-keys': [ '4.2.1', '3.4.3', '5.0.1' ],
4823 silly audit   espree: [ '10.4.0' ],
4823 silly audit   esquery: [ '1.7.0' ],
4823 silly audit   esutils: [ '2.0.3' ],
4823 silly audit   'file-entry-cache': [ '8.0.0' ],
4823 silly audit   'find-up': [ '5.0.0', '4.1.0' ],
4823 silly audit   'glob-parent': [ '6.0.2' ],
4823 silly audit   ignore: [ '5.3.2', '7.0.5' ],
4823 silly audit   imurmurhash: [ '0.1.4' ],
4823 silly audit   'is-glob': [ '4.0.3' ],
4823 silly audit   'json-stable-stringify-without-jsonify': [ '1.0.1' ],
4823 silly audit   'lodash.merge': [ '4.6.2' ],
4823 silly audit   minimatch: [ '3.1.5', '10.2.5', '9.0.9' ],
4823 silly audit   'natural-compare': [ '1.4.0' ],
4823 silly audit   optionator: [ '0.9.4' ],
4823 silly audit   '@eslint/object-schema': [ '2.1.7' ],
4823 silly audit   '@types/json-schema': [ '7.0.15' ],
4823 silly audit   globals: [ '14.0.0', '16.5.0' ],
4823 silly audit   'import-fresh': [ '3.3.1' ],
4823 silly audit   'js-yaml': [ '4.1.1', '3.14.2' ],
4823 silly audit   'strip-json-comments': [ '3.1.1', '2.0.1' ],
4823 silly audit   levn: [ '0.4.1' ],
4823 silly audit   '@humanfs/core': [ '0.19.2' ],
4823 silly audit   '@humanfs/types': [ '0.15.0' ],
4823 silly audit   'fast-json-stable-stringify': [ '2.1.0' ],
4823 silly audit   'json-schema-traverse': [ '0.4.1' ],
4823 silly audit   'uri-js': [ '4.4.1' ],
4823 silly audit   'ansi-styles': [ '4.3.0', '5.2.0', '3.2.1' ],
4823 silly audit   'supports-color': [ '7.2.0', '8.1.1', '5.5.0' ],
4823 silly audit   'path-key': [ '3.1.1' ],
4823 silly audit   'shebang-command': [ '2.0.0' ],
4823 silly audit   which: [ '2.0.2' ],
4823 silly audit   '@typescript-eslint/eslint-plugin': [ '8.59.0' ],
4823 silly audit   '@typescript-eslint/parser': [ '8.59.0' ],
4823 silly audit   'eslint-import-resolver-typescript': [ '3.10.1' ],
4823 silly audit   'eslint-plugin-expo': [ '1.0.0' ],
4823 silly audit   'eslint-plugin-import': [ '2.32.0' ],
4823 silly audit   'eslint-plugin-react': [ '7.37.5' ],
4823 silly audit   'eslint-plugin-react-hooks': [ '5.2.0' ],
4823 silly audit   '@typescript-eslint/scope-manager': [ '8.59.0' ],
4823 silly audit   '@typescript-eslint/type-utils': [ '8.59.0' ],
4823 silly audit   '@typescript-eslint/utils': [ '8.59.0' ],
4823 silly audit   '@typescript-eslint/visitor-keys': [ '8.59.0' ],
4823 silly audit   'ts-api-utils': [ '2.5.0' ],
4823 silly audit   '@typescript-eslint/types': [ '8.59.0' ],
4823 silly audit   '@typescript-eslint/typescript-estree': [ '8.59.0' ],
4823 silly audit   '@typescript-eslint/project-service': [ '8.59.0' ],
4823 silly audit   '@typescript-eslint/tsconfig-utils': [ '8.59.0' ],
4823 silly audit   tinyglobby: [ '0.2.16' ],
4823 silly audit   '@nolyfill/is-core-module': [ '1.0.39' ],
4823 silly audit   'get-tsconfig': [ '4.14.0' ],
4823 silly audit   'is-bun-module': [ '2.0.0' ],
4823 silly audit   'stable-hash': [ '0.0.5' ],
4823 silly audit   'unrs-resolver': [ '1.11.1' ],
4823 silly audit   '@rtsao/scc': [ '1.1.0' ],
4823 silly audit   'array-includes': [ '3.1.9' ],
4823 silly audit   'array.prototype.findlastindex': [ '1.2.6' ],
4823 silly audit   'array.prototype.flat': [ '1.3.3' ],
4823 silly audit   'array.prototype.flatmap': [ '1.3.3' ],
4823 silly audit   doctrine: [ '2.1.0' ],
4823 silly audit   'eslint-import-resolver-node': [ '0.3.10' ],
4823 silly audit   'eslint-module-utils': [ '2.12.1' ],
4823 silly audit   hasown: [ '2.0.3' ],
4823 silly audit   'is-core-module': [ '2.16.1' ],
4823 silly audit   'object.fromentries': [ '2.0.8' ],
4823 silly audit   'object.groupby': [ '1.0.3' ],
4823 silly audit   'object.values': [ '1.2.1' ],
4823 silly audit   'string.prototype.trimend': [ '1.0.9' ],
4823 silly audit   'tsconfig-paths': [ '3.15.0' ],
4823 silly audit   'call-bind': [ '1.0.9' ],
4823 silly audit   'call-bound': [ '1.0.4' ],
4823 silly audit   'define-properties': [ '1.2.1' ],
4823 silly audit   'es-abstract': [ '1.24.2' ],
4823 silly audit   'es-object-atoms': [ '1.1.1' ],
4823 silly audit   'get-intrinsic': [ '1.3.0' ],
4823 silly audit   'is-string': [ '1.1.1' ],
4823 silly audit   'math-intrinsics': [ '1.1.0' ],
4823 silly audit   'es-errors': [ '1.3.0' ],
4823 silly audit   'es-shim-unscopables': [ '1.1.0' ],
4823 silly audit   'call-bind-apply-helpers': [ '1.0.2' ],
4823 silly audit   'es-define-property': [ '1.0.1' ],
4823 silly audit   'set-function-length': [ '1.2.2' ],
4823 silly audit   'function-bind': [ '1.1.2' ],
4823 silly audit   'define-data-property': [ '1.1.4' ],
4823 silly audit   'has-property-descriptors': [ '1.0.2' ],
4823 silly audit   'object-keys': [ '1.1.1' ],
4823 silly audit   gopd: [ '1.2.0' ],
4823 silly audit   'array-buffer-byte-length': [ '1.0.2' ],
4823 silly audit   'arraybuffer.prototype.slice': [ '1.0.4' ],
4823 silly audit   'available-typed-arrays': [ '1.0.7' ],
4823 silly audit   'data-view-buffer': [ '1.0.2' ],
4823 silly audit   'data-view-byte-length': [ '1.0.2' ],
4823 silly audit   'data-view-byte-offset': [ '1.0.1' ],
4823 silly audit   'es-set-tostringtag': [ '2.1.0' ],
4823 silly audit   'es-to-primitive': [ '1.3.0' ],
4823 silly audit   'function.prototype.name': [ '1.1.8' ],
4823 silly audit   'get-proto': [ '1.0.1' ],
4823 silly audit   'get-symbol-description': [ '1.1.0' ],
4823 silly audit   globalthis: [ '1.0.4' ],
4823 silly audit   'has-proto': [ '1.2.0' ],
4823 silly audit   'has-symbols': [ '1.1.0' ],
4823 silly audit   'internal-slot': [ '1.1.0' ],
4823 silly audit   'is-array-buffer': [ '3.0.5' ],
4823 silly audit   'is-callable': [ '1.2.7' ],
4823 silly audit   'is-data-view': [ '1.0.2' ],
4823 silly audit   'is-negative-zero': [ '2.0.3' ],
4823 silly audit   'is-regex': [ '1.2.1' ],
4823 silly audit   'is-set': [ '2.0.3' ],
4823 silly audit   'is-shared-array-buffer': [ '1.0.4' ],
4823 silly audit   'is-typed-array': [ '1.1.15' ],
4823 silly audit   'is-weakref': [ '1.1.1' ],
4823 silly audit   'object-inspect': [ '1.13.4' ],
4823 silly audit   'object.assign': [ '4.1.7' ],
4823 silly audit   'own-keys': [ '1.0.1' ],
4823 silly audit   'regexp.prototype.flags': [ '1.5.4' ],
4823 silly audit   'safe-array-concat': [ '1.1.4' ],
4823 silly audit   'safe-push-apply': [ '1.0.0' ],
4823 silly audit   'safe-regex-test': [ '1.1.0' ],
4823 silly audit   'set-proto': [ '1.0.0' ],
4823 silly audit   'stop-iteration-iterator': [ '1.1.0' ],
4823 silly audit   'string.prototype.trim': [ '1.2.10' ],
4823 silly audit   'string.prototype.trimstart': [ '1.0.8' ],
4823 silly audit   'typed-array-buffer': [ '1.0.3' ],
4823 silly audit   'typed-array-byte-length': [ '1.0.3' ],
4823 silly audit   'typed-array-byte-offset': [ '1.0.4' ],
4823 silly audit   'typed-array-length': [ '1.0.7' ],
4823 silly audit   'unbox-primitive': [ '1.1.0' ],
4823 silly audit   'which-typed-array': [ '1.1.20' ],
4823 silly audit   'possible-typed-array-names': [ '1.1.0' ],
4823 silly audit   'has-tostringtag': [ '1.0.2' ],
4823 silly audit   'is-date-object': [ '1.1.0' ],
4823 silly audit   'is-symbol': [ '1.1.1' ],
4823 silly audit   resolve: [ '2.0.0-next.6', '1.22.12', '1.7.1' ],
4823 silly audit   'array.prototype.findlast': [ '1.2.5' ],
4823 silly audit   'array.prototype.tosorted': [ '1.1.4' ],
4823 silly audit   'es-iterator-helpers': [ '1.3.2' ],
4823 silly audit   estraverse: [ '5.3.0' ],
4823 silly audit   'jsx-ast-utils': [ '3.3.5' ],
4823 silly audit   'object.entries': [ '1.1.9' ],
4823 silly audit   'prop-types': [ '15.8.1' ],
4823 silly audit   'string.prototype.matchall': [ '4.0.12' ],
4823 silly audit   'string.prototype.repeat': [ '1.0.0' ],
4823 silly audit   'iterator.prototype': [ '1.1.5' ],
4823 silly audit   esrecurse: [ '4.3.0' ],
4823 silly audit   acorn: [ '8.16.0' ],
4823 silly audit   'acorn-jsx': [ '5.3.2' ],
4823 silly audit   '@babel/runtime': [ '7.29.2' ],
4823 silly audit   '@expo/cli': [ '54.0.23' ],
4823 silly audit   '@expo/config': [ '12.0.13' ],
4823 silly audit   '@expo/config-plugins': [ '54.0.4' ],
4823 silly audit   '@expo/devtools': [ '0.1.8' ],
4823 silly audit   '@expo/fingerprint': [ '0.15.4' ],
4823 silly audit   '@expo/metro': [ '54.2.0' ],
4823 silly audit   '@expo/metro-config': [ '54.0.14' ],
4823 silly audit   '@ungap/structured-clone': [ '1.3.0' ],
4823 silly audit   'babel-preset-expo': [ '54.0.10' ],
4823 silly audit   'react-refresh': [ '0.14.2' ],
4823 silly audit   'expo-asset': [ '12.0.12' ],
4823 silly audit   'expo-file-system': [ '19.0.21' ],
4823 silly audit   'expo-keep-awake': [ '15.0.8' ],
4823 silly audit   'expo-modules-autolinking': [ '3.0.24' ],
4823 silly audit   'expo-modules-core': [ '3.0.29' ],
4823 silly audit   'pretty-format': [ '29.7.0' ],
4823 silly audit   'whatwg-url-without-unicode': [ '8.0.0-3' ],
4823 silly audit   '@expo/config-types': [ '54.0.10' ],
4823 silly audit   '@expo/json-file': [ '10.0.13' ],
4823 silly audit   deepmerge: [ '4.3.1', '3.3.0' ],
4823 silly audit   getenv: [ '2.0.0' ],
4823 silly audit   glob: [ '13.0.6', '7.2.3' ],
4823 silly audit   'require-from-string': [ '2.0.2' ],
4823 silly audit   'resolve-from': [ '5.0.0', '4.0.0' ],
4823 silly audit   'resolve-workspace-root': [ '2.0.1' ],
4823 silly audit   slugify: [ '1.6.9' ],
4823 silly audit   sucrase: [ '3.35.1' ],
4823 silly audit   '@expo/plist': [ '0.4.8' ],
4823 silly audit   '@expo/sdk-runtime-versions': [ '1.0.0' ],
4823 silly audit   slash: [ '3.0.0' ],
4823 silly audit   xcode: [ '3.0.1' ],
4823 silly audit   xml2js: [ '0.6.0' ],
4823 silly audit   '@expo/spawn-async': [ '1.7.2' ],
4823 silly audit   arg: [ '5.0.2' ],
4823 silly audit   'p-limit': [ '3.1.0', '2.3.0' ],
4823 silly audit   metro: [ '0.83.3' ],
4823 silly audit   'metro-babel-transformer': [ '0.83.3' ],
4823 silly audit   'metro-cache': [ '0.83.3' ],
4823 silly audit   'metro-cache-key': [ '0.83.3' ],
4823 silly audit   'metro-config': [ '0.83.3' ],
4823 silly audit   'metro-core': [ '0.83.3' ],
4823 silly audit   'metro-file-map': [ '0.83.3' ],
4823 silly audit   'metro-minify-terser': [ '0.83.3' ],
4823 silly audit   'metro-resolver': [ '0.83.3' ],
4823 silly audit   'metro-runtime': [ '0.83.3' ],
4823 silly audit   'metro-source-map': [ '0.83.3' ],
4823 silly audit   'metro-symbolicate': [ '0.83.3' ],
4823 silly audit   'metro-transform-plugins': [ '0.83.3' ],
4823 silly audit   'metro-transform-worker': [ '0.83.3' ],
4823 silly audit   '@expo/env': [ '2.0.11' ],
4823 silly audit   dotenv: [ '16.4.7' ],
4823 silly audit   'dotenv-expand': [ '11.0.7' ],
4823 silly audit   'hermes-parser': [ '0.29.1', '0.32.0' ],
4823 silly audit   'jsc-safe-url': [ '0.2.4' ],
4823 silly audit   lightningcss: [ '1.32.0' ],
4823 silly audit   postcss: [ '8.4.49' ],
4823 silly audit   '@xmldom/xmldom': [ '0.8.13', '0.9.10' ],
4823 silly audit   'base64-js': [ '1.5.1' ],
4823 silly audit   xmlbuilder: [ '15.1.1', '11.0.1' ],
4823 silly audit   '@babel/plugin-proposal-decorators': [ '7.29.0' ],
4823 silly audit   '@babel/plugin-proposal-export-default-from': [ '7.27.1' ],
4823 silly audit   '@babel/plugin-syntax-export-default-from': [ '7.28.6' ],
4823 silly audit   '@babel/plugin-transform-class-static-block': [ '7.28.6' ],
4823 silly audit   '@babel/plugin-transform-export-namespace-from': [ '7.27.1' ],
4823 silly audit   '@babel/plugin-transform-flow-strip-types': [ '7.27.1' ],
4823 silly audit   '@babel/plugin-transform-modules-commonjs': [ '7.28.6' ],
4823 silly audit   '@babel/plugin-transform-object-rest-spread': [ '7.28.6' ],
4823 silly audit   '@babel/plugin-transform-parameters': [ '7.27.7' ],
4823 silly audit   '@babel/plugin-transform-private-methods': [ '7.28.6' ],
4823 silly audit   '@babel/plugin-transform-private-property-in-object': [ '7.28.6' ],
4823 silly audit   '@babel/plugin-transform-runtime': [ '7.29.0' ],
4823 silly audit   '@babel/preset-react': [ '7.28.5' ],
4823 silly audit   '@babel/preset-typescript': [ '7.28.5' ],
4823 silly audit   '@react-native/babel-preset': [ '0.81.5' ],
4823 silly audit   'babel-plugin-react-compiler': [ '1.0.0' ],
4823 silly audit   'babel-plugin-react-native-web': [ '0.21.2' ],
4823 silly audit   'babel-plugin-syntax-hermes-parser': [ '0.29.1' ],
4823 silly audit   'babel-plugin-transform-flow-enums': [ '0.0.2' ],
4823 silly audit   '@babel/helper-create-class-features-plugin': [ '7.28.6' ],
4823 silly audit   '@babel/helper-plugin-utils': [ '7.28.6' ],
4823 silly audit   '@babel/plugin-syntax-decorators': [ '7.28.6' ],
4823 silly audit   '@babel/helper-annotate-as-pure': [ '7.27.3' ],
4823 silly audit   '@babel/helper-member-expression-to-functions': [ '7.28.5' ],
4823 silly audit   '@babel/helper-optimise-call-expression': [ '7.27.1' ],
4823 silly audit   '@babel/helper-replace-supers': [ '7.28.6' ],
4823 silly audit   '@babel/helper-skip-transparent-expression-wrappers': [ '7.27.1' ],
4823 silly audit   '@babel/plugin-syntax-flow': [ '7.28.6' ],
4823 silly audit   '@babel/plugin-transform-destructuring': [ '7.28.5' ],
4823 silly audit   'babel-plugin-polyfill-corejs2': [ '0.4.17' ],
4823 silly audit   'babel-plugin-polyfill-corejs3': [ '0.13.0' ],
4823 silly audit   'babel-plugin-polyfill-regenerator': [ '0.6.8' ],
4823 silly audit   '@babel/plugin-transform-react-display-name': [ '7.28.0' ],
4823 silly audit   '@babel/plugin-transform-react-jsx': [ '7.28.6' ],
4823 silly audit   '@babel/plugin-transform-react-jsx-development': [ '7.27.1' ],
4823 silly audit   '@babel/plugin-transform-react-pure-annotations': [ '7.27.1' ],
4823 silly audit   '@babel/plugin-syntax-jsx': [ '7.28.6' ],
4823 silly audit   '@babel/plugin-transform-typescript': [ '7.28.6' ],
4823 silly audit   '@babel/plugin-syntax-typescript': [ '7.28.6' ],
4823 silly audit   '@babel/plugin-syntax-dynamic-import': [ '7.8.3' ],
4823 silly audit   '@babel/plugin-syntax-nullish-coalescing-operator': [ '7.8.3' ],
4823 silly audit   '@babel/plugin-syntax-optional-chaining': [ '7.8.3' ],
4823 silly audit   '@babel/plugin-transform-arrow-functions': [ '7.27.1' ],
4823 silly audit   '@babel/plugin-transform-async-generator-functions': [ '7.29.0' ],
4823 silly audit   '@babel/plugin-transform-async-to-generator': [ '7.28.6' ],
4823 silly audit   '@babel/plugin-transform-block-scoping': [ '7.28.6' ],
4823 silly audit   '@babel/plugin-transform-class-properties': [ '7.28.6' ],
4823 silly audit   '@babel/plugin-transform-classes': [ '7.28.6' ],
4823 silly audit   '@babel/plugin-transform-computed-properties': [ '7.28.6' ],
4823 silly audit   '@babel/plugin-transform-for-of': [ '7.27.1' ],
4823 silly audit   '@babel/plugin-transform-function-name': [ '7.27.1' ],
4823 silly audit   '@babel/plugin-transform-literals': [ '7.27.1' ],
4823 silly audit   '@babel/plugin-transform-logical-assignment-operators': [ '7.28.6' ],
4823 silly audit   '@babel/plugin-transform-named-capturing-groups-regex': [ '7.29.0' ],
4823 silly audit   '@babel/plugin-transform-nullish-coalescing-operator': [ '7.28.6' ],
4823 silly audit   '@babel/plugin-transform-numeric-separator': [ '7.28.6' ],
4823 silly audit   '@babel/plugin-transform-optional-catch-binding': [ '7.28.6' ],
4823 silly audit   '@babel/plugin-transform-optional-chaining': [ '7.28.6' ],
4823 silly audit   '@babel/plugin-transform-react-jsx-self': [ '7.27.1' ],
4823 silly audit   '@babel/plugin-transform-react-jsx-source': [ '7.27.1' ],
4823 silly audit   '@babel/plugin-transform-regenerator': [ '7.29.0' ],
4823 silly audit   '@babel/plugin-transform-shorthand-properties': [ '7.27.1' ],
4823 silly audit   '@babel/plugin-transform-spread': [ '7.28.6' ],
4823 silly audit   '@babel/plugin-transform-sticky-regex': [ '7.27.1' ],
4823 silly audit   '@babel/plugin-transform-unicode-regex': [ '7.27.1' ],
4823 silly audit   '@react-native/babel-plugin-codegen': [ '0.81.5' ],
4823 silly audit   '@babel/helper-remap-async-to-generator': [ '7.27.1' ],
4823 silly audit   '@babel/helper-wrap-function': [ '7.28.6' ],
4823 silly audit   '@babel/helper-create-regexp-features-plugin': [ '7.28.5' ],
4823 silly audit   'regexpu-core': [ '6.4.0' ],
4823 silly audit   '@react-native/codegen': [ '0.81.5' ],
4823 silly audit   invariant: [ '2.2.4' ],
4823 silly audit   nullthrows: [ '1.1.1' ],
4823 silly audit   yargs: [ '17.7.2' ],
4823 silly audit   '@babel/helper-define-polyfill-provider': [ '0.6.8' ],
4823 silly audit   'lodash.debounce': [ '4.0.8' ],
4823 silly audit   'core-js-compat': [ '3.49.0' ],
4823 silly audit   '@expo/image-utils': [ '0.8.13' ],
4823 silly audit   '@expo/require-utils': [ '55.0.4' ],
4823 silly audit   typescript: [ '5.9.3' ],
4823 silly audit   'jimp-compact': [ '0.16.1' ],
4823 silly audit   'parse-png': [ '2.1.0' ],
4823 silly audit   fontfaceobserver: [ '2.3.0' ],
4823 silly audit   commander: [ '7.2.0', '12.1.0', '4.1.1', '2.20.3' ],
4823 silly audit   '@expo/prebuild-config': [ '54.0.8' ],
4823 silly audit   '@react-native/normalize-colors': [ '0.81.5', '0.74.89' ],
4823 silly audit   'react-native-is-edge-to-edge': [ '1.3.1' ],
4823 silly audit   'flat-cache': [ '4.0.1' ],
4823 silly audit   'locate-path': [ '6.0.0', '5.0.0' ],
4823 silly audit   'path-exists': [ '4.0.0' ],
4823 silly audit   flatted: [ '3.4.2' ],
4823 silly audit   keyv: [ '4.5.4' ],
4823 silly audit   asynckit: [ '0.4.0' ],
4823 silly audit   'combined-stream': [ '1.0.8' ],
4823 silly audit   'mime-types': [ '2.1.35' ],
4823 silly audit   'delayed-stream': [ '1.0.0' ],
4823 silly audit   'functions-have-names': [ '1.2.3' ],
4823 silly audit   'dunder-proto': [ '1.0.1' ],
4823 silly audit   'resolve-pkg-maps': [ '1.0.0' ],
4823 silly audit   minipass: [ '7.1.3' ],
4823 silly audit   'path-scurry': [ '2.0.2' ],
4823 silly audit   'hermes-estree': [ '0.29.1', '0.32.0' ],
4823 silly audit   'parent-module': [ '1.0.1' ],
4823 silly audit   'side-channel': [ '1.1.0' ],
4823 silly audit   'loose-envify': [ '1.4.0' ],
4823 silly audit   'is-extglob': [ '2.1.1' ],
4823 silly audit   'set-function-name': [ '2.0.2' ],
4823 silly audit   argparse: [ '2.0.1', '1.0.10' ],
4823 silly audit   'json-buffer': [ '3.0.1' ],
4823 silly audit   'prelude-ls': [ '1.2.1' ],
4823 silly audit   'type-check': [ '0.4.0' ],
4823 silly audit   'detect-libc': [ '2.1.2' ],
4823 silly audit   'lightningcss-android-arm64': [ '1.32.0' ],
4823 silly audit   'lightningcss-darwin-arm64': [ '1.32.0' ],
4823 silly audit   'lightningcss-darwin-x64': [ '1.32.0' ],
4823 silly audit   'lightningcss-freebsd-x64': [ '1.32.0' ],
4823 silly audit   'lightningcss-linux-arm-gnueabihf': [ '1.32.0' ],
4823 silly audit   'lightningcss-linux-arm64-gnu': [ '1.32.0' ],
4823 silly audit   'lightningcss-linux-arm64-musl': [ '1.32.0' ],
4823 silly audit   'lightningcss-linux-x64-gnu': [ '1.32.0' ],
4823 silly audit   'lightningcss-linux-x64-musl': [ '1.32.0' ],
4823 silly audit   'lightningcss-win32-arm64-msvc': [ '1.32.0' ],
4823 silly audit   'lightningcss-win32-x64-msvc': [ '1.32.0' ],
4823 silly audit   'p-locate': [ '5.0.0', '4.1.0' ],
4823 silly audit   yallist: [ '3.1.1', '5.0.0' ],
4823 silly audit   accepts: [ '1.3.8' ],
4823 silly audit   'ci-info': [ '2.0.0', '3.9.0' ],
4823 silly audit   connect: [ '3.7.0' ],
4823 silly audit   'error-stack-parser': [ '2.1.4' ],
4823 silly audit   'flow-enums-runtime': [ '0.0.6' ],
4823 silly audit   'graceful-fs': [ '4.2.11' ],
4823 silly audit   'image-size': [ '1.2.1' ],
4823 silly audit   'jest-worker': [ '29.7.0' ],
4823 silly audit   'lodash.throttle': [ '4.1.1' ],
4823 silly audit   'serialize-error': [ '2.1.0' ],
4823 silly audit   'source-map': [ '0.5.7', '0.6.1' ],
4823 silly audit   throat: [ '5.0.0' ],
4823 silly audit   ws: [ '7.5.10', '6.2.3', '8.20.0' ],
4823 silly audit   negotiator: [ '0.6.3', '0.6.4' ],
4823 silly audit   finalhandler: [ '1.1.2' ],
4823 silly audit   parseurl: [ '1.3.3' ],
4823 silly audit   'utils-merge': [ '1.0.1' ],
4823 silly audit   stackframe: [ '1.3.4' ],
4823 silly audit   encodeurl: [ '1.0.2', '2.0.0' ],
4823 silly audit   'escape-html': [ '1.0.3' ],
4823 silly audit   'on-finished': [ '2.3.0', '2.4.1' ],
4823 silly audit   statuses: [ '1.5.0', '2.0.2' ],
4823 silly audit   unpipe: [ '1.0.0' ],
4823 silly audit   queue: [ '6.0.2' ],
4823 silly audit   '@types/node': [ '25.6.0' ],
4823 silly audit   'jest-util': [ '29.7.0' ],
4823 silly audit   'merge-stream': [ '2.0.0' ],
4823 silly audit   'undici-types': [ '7.19.2' ],
4823 silly audit   '@jest/types': [ '29.6.3' ],
4823 silly audit   picomatch: [ '2.3.2', '4.0.4', '3.0.2' ],
4823 silly audit   '@jest/schemas': [ '29.6.3' ],
4823 silly audit   '@types/istanbul-lib-coverage': [ '2.0.6' ],
4823 silly audit   '@types/istanbul-reports': [ '3.0.4' ],
4823 silly audit   '@types/yargs': [ '17.0.35' ],
4823 silly audit   '@sinclair/typebox': [ '0.27.10' ],
4823 silly audit   '@types/istanbul-lib-report': [ '3.0.3' ],
4823 silly audit   '@types/yargs-parser': [ '21.0.3' ],
4823 silly audit   'exponential-backoff': [ '3.1.3' ],
4823 silly audit   'https-proxy-agent': [ '7.0.6' ],
4823 silly audit   'agent-base': [ '7.1.4' ],
4823 silly audit   'jest-validate': [ '29.7.0' ],
4823 silly audit   yaml: [ '2.8.3' ],
4823 silly audit   camelcase: [ '6.3.0', '5.3.1' ],
4823 silly audit   'jest-get-type': [ '29.6.3' ],
4823 silly audit   leven: [ '3.1.0' ],
4823 silly audit   'fb-watchman': [ '2.0.2' ],
4823 silly audit   micromatch: [ '4.0.8' ],
4823 silly audit   walker: [ '1.0.8' ],
4823 silly audit   bser: [ '2.1.1' ],
4823 silly audit   'node-int64': [ '0.4.0' ],
4823 silly audit   terser: [ '5.46.2' ],
4823 silly audit   ob1: [ '0.83.3' ],
4823 silly audit   vlq: [ '1.0.1' ],
4823 silly audit   braces: [ '3.0.3' ],
4823 silly audit   'fill-range': [ '7.1.1' ],
4823 silly audit   'to-regex-range': [ '5.0.1' ],
4823 silly audit   'mime-db': [ '1.52.0' ],
4823 silly audit   'brace-expansion': [ '1.1.14', '2.1.0', '5.0.5' ],
4823 silly audit   'balanced-match': [ '1.0.2', '4.0.4' ],
4823 silly audit   'concat-map': [ '0.0.1' ],
4823 silly audit   'ee-first': [ '1.1.1' ],
4823 silly audit   'deep-is': [ '0.1.4' ],
4823 silly audit   'fast-levenshtein': [ '2.0.6' ],
4823 silly audit   'word-wrap': [ '1.2.5' ],
4823 silly audit   'yocto-queue': [ '0.1.0' ],
4823 silly audit   callsites: [ '3.1.0' ],
4823 silly audit   pngjs: [ '3.4.0' ],
4823 silly audit   'source-map-js': [ '1.2.1' ],
4823 silly audit   'object-assign': [ '4.1.1' ],
4823 silly audit   'decode-uri-component': [ '0.2.2' ],
4823 silly audit   'filter-obj': [ '1.1.0' ],
4823 silly audit   'split-on-first': [ '1.1.0' ],
4823 silly audit   'strict-uri-encode': [ '2.0.0' ],
4823 silly audit   inherits: [ '2.0.4' ],
4823 silly audit   scheduler: [ '0.26.0' ],
4823 silly audit   '@jest/create-cache-key-function': [ '29.7.0' ],
4823 silly audit   '@react-native/assets-registry': [ '0.81.5' ],
4823 silly audit   '@react-native/community-cli-plugin': [ '0.81.5' ],
4823 silly audit   '@react-native/gradle-plugin': [ '0.81.5' ],
4823 silly audit   '@react-native/js-polyfills': [ '0.81.5' ],
4823 silly audit   '@react-native/virtualized-lists': [ '0.81.5' ],
4823 silly audit   'abort-controller': [ '3.0.0' ],
4823 silly audit   anser: [ '1.4.10' ],
4823 silly audit   'ansi-regex': [ '5.0.1', '4.1.1' ],
4823 silly audit   'babel-jest': [ '29.7.0' ],
4823 silly audit   'jest-environment-node': [ '29.7.0' ],
4823 silly audit   'memoize-one': [ '5.2.1', '6.0.0' ],
4823 silly audit   promise: [ '8.3.0', '7.3.1' ],
4823 silly audit   'react-devtools-core': [ '6.1.5' ],
4823 silly audit   'regenerator-runtime': [ '0.13.11' ],
4823 silly audit   'stacktrace-parser': [ '0.1.11' ],
4823 silly audit   'whatwg-fetch': [ '3.6.20' ],
4823 silly audit   '@react-native/dev-middleware': [ '0.81.5' ],
4823 silly audit   '@isaacs/ttlcache': [ '1.4.1' ],
4823 silly audit   '@react-native/debugger-frontend': [ '0.81.5' ],
4823 silly audit   'chrome-launcher': [ '0.15.2' ],
4823 silly audit   'chromium-edge-launcher': [ '0.2.0' ],
4823 silly audit   open: [ '7.4.2', '8.4.2' ],
4823 silly audit   'serve-static': [ '1.16.3' ],
4823 silly audit   'event-target-shim': [ '5.0.1' ],
4823 silly audit   '@jest/transform': [ '29.7.0' ],
4823 silly audit   '@types/babel__core': [ '7.20.5' ],
4823 silly audit   'babel-plugin-istanbul': [ '6.1.1' ],
4823 silly audit   'babel-preset-jest': [ '29.6.3' ],
4823 silly audit   'jest-haste-map': [ '29.7.0' ],
4823 silly audit   'jest-regex-util': [ '29.6.3' ],
4823 silly audit   pirates: [ '4.0.7' ],
4823 silly audit   'write-file-atomic': [ '4.0.2' ],
4823 silly audit   '@types/babel__generator': [ '7.27.0' ],
4823 silly audit   '@types/babel__template': [ '7.4.4' ],
4823 silly audit   '@types/babel__traverse': [ '7.28.0' ],
4823 silly audit   '@istanbuljs/load-nyc-config': [ '1.1.0' ],
4823 silly audit   '@istanbuljs/schema': [ '0.1.6' ],
4823 silly audit   'istanbul-lib-instrument': [ '5.2.1' ],
4823 silly audit   'test-exclude': [ '6.0.0' ],
4823 silly audit   'get-package-type': [ '0.1.0' ],
4823 silly audit   'babel-plugin-jest-hoist': [ '29.6.3' ],
4823 silly audit   'babel-preset-current-node-syntax': [ '1.2.0' ],
4823 silly audit   '@babel/plugin-syntax-async-generators': [ '7.8.4' ],
4823 silly audit   '@babel/plugin-syntax-bigint': [ '7.8.3' ],
4823 silly audit   '@babel/plugin-syntax-class-properties': [ '7.12.13' ],
4823 silly audit   '@babel/plugin-syntax-class-static-block': [ '7.14.5' ],
4823 silly audit   '@babel/plugin-syntax-import-attributes': [ '7.28.6' ],
4823 silly audit   '@babel/plugin-syntax-import-meta': [ '7.10.4' ],
4823 silly audit   '@babel/plugin-syntax-json-strings': [ '7.8.3' ],
4823 silly audit   '@babel/plugin-syntax-logical-assignment-operators': [ '7.10.4' ],
4823 silly audit   '@babel/plugin-syntax-numeric-separator': [ '7.10.4' ],
4823 silly audit   '@babel/plugin-syntax-object-rest-spread': [ '7.8.3' ],
4823 silly audit   '@babel/plugin-syntax-optional-catch-binding': [ '7.8.3' ],
4823 silly audit   '@babel/plugin-syntax-private-property-in-object': [ '7.14.5' ],
4823 silly audit   '@babel/plugin-syntax-top-level-await': [ '7.14.5' ],
4823 silly audit   'is-wsl': [ '2.2.0' ],
4823 silly audit   'lighthouse-logger': [ '1.4.2' ],
4823 silly audit   mkdirp: [ '1.0.4' ],
4823 silly audit   rimraf: [ '3.0.2' ],
4823 silly audit   'is-docker': [ '2.2.1' ],
4823 silly audit   'istanbul-lib-coverage': [ '3.2.2' ],
4823 silly audit   '@jest/environment': [ '29.7.0' ],
4823 silly audit   '@jest/fake-timers': [ '29.7.0' ],
4823 silly audit   'jest-mock': [ '29.7.0' ],
4823 silly audit   '@sinonjs/fake-timers': [ '10.3.0' ],
4823 silly audit   'jest-message-util': [ '29.7.0' ],
4823 silly audit   '@sinonjs/commons': [ '3.0.1' ],
4823 silly audit   'type-detect': [ '4.0.8' ],
4823 silly audit   '@types/graceful-fs': [ '4.1.9' ],
4823 silly audit   anymatch: [ '3.1.3' ],
4823 silly audit   fsevents: [ '2.3.3' ],
4823 silly audit   'normalize-path': [ '3.0.0' ],
4823 silly audit   '@types/stack-utils': [ '2.0.3' ],
4823 silly audit   'stack-utils': [ '2.0.6' ],
4823 silly audit   marky: [ '1.3.0' ],
4823 silly audit   asap: [ '2.0.6' ],
4823 silly audit   'shell-quote': [ '1.8.3' ],
4823 silly audit   '@egjs/hammerjs': [ '2.0.17' ],
4823 silly audit   'hoist-non-react-statics': [ '3.3.2' ],
4823 silly audit   '@types/hammerjs': [ '2.0.46' ],
4823 silly audit   '@callstack/react-theme-provider': [ '3.0.9' ],
4823 silly audit   'react-freeze': [ '1.0.4' ],
4823 silly audit   fbjs: [ '3.0.5' ],
4823 silly audit   'inline-style-prefixer': [ '7.0.1' ],
4823 silly audit   'postcss-value-parser': [ '4.2.0' ],
4823 silly audit   styleq: [ '0.1.3' ],
4823 silly audit   'cross-fetch': [ '3.2.0' ],
4823 silly audit   'fbjs-css-vars': [ '1.0.2' ],
4823 silly audit   setimmediate: [ '1.0.5' ],
4823 silly audit   'ua-parser-js': [ '1.0.41' ],
4823 silly audit   'node-fetch': [ '2.7.0' ],
4823 silly audit   'css-in-js-utils': [ '3.1.0' ],
4823 silly audit   'hyphenate-style-name': [ '1.1.0' ],
4823 silly audit   'whatwg-url': [ '5.0.0' ],
4823 silly audit   '@babel/plugin-transform-template-literals': [ '7.27.1' ],
4823 silly audit   regenerate: [ '1.4.2' ],
4823 silly audit   'regenerate-unicode-properties': [ '10.2.2' ],
4823 silly audit   regjsgen: [ '0.8.0' ],
4823 silly audit   regjsparser: [ '0.13.1' ],
4823 silly audit   'unicode-match-property-ecmascript': [ '2.0.0' ],
4823 silly audit   'unicode-match-property-value-ecmascript': [ '2.2.1' ],
4823 silly audit   'node-exports-info': [ '1.6.0' ],
4823 silly audit   'path-parse': [ '1.0.7' ],
4823 silly audit   'supports-preserve-symlinks-flag': [ '1.0.0' ],
4823 silly audit   isarray: [ '2.0.5' ],
4823 silly audit   send: [ '0.19.2' ],
4823 silly audit   depd: [ '2.0.0' ],
4823 silly audit   destroy: [ '1.2.0' ],
4823 silly audit   etag: [ '1.8.1' ],
4823 silly audit   fresh: [ '0.5.2' ],
4823 silly audit   'http-errors': [ '2.0.1' ],
4823 silly audit   mime: [ '1.6.0' ],
4823 silly audit   'range-parser': [ '1.2.1' ],
4823 silly audit   setprototypeof: [ '1.2.0' ],
4823 silly audit   toidentifier: [ '1.0.1' ],
4823 silly audit   'shebang-regex': [ '3.0.0' ],
4823 silly audit   'side-channel-list': [ '1.0.1' ],
4823 silly audit   'side-channel-map': [ '1.0.1' ],
4823 silly audit   'side-channel-weakmap': [ '1.0.2' ],
4823 silly audit   'is-arrayish': [ '0.3.4' ],
4823 silly audit   'type-fest': [ '0.7.1', '0.21.3' ],
4823 silly audit   'lines-and-columns': [ '1.2.4' ],
4823 silly audit   mz: [ '2.7.0' ],
4823 silly audit   'ts-interface-checker': [ '0.1.13' ],
4823 silly audit   'any-promise': [ '1.3.0' ],
4823 silly audit   'thenify-all': [ '1.6.0' ],
4823 silly audit   'has-flag': [ '4.0.0', '3.0.0' ],
4823 silly audit   '@jridgewell/source-map': [ '0.3.11' ],
4823 silly audit   'source-map-support': [ '0.5.21' ],
4823 silly audit   'buffer-from': [ '1.1.2' ],
4823 silly audit   thenify: [ '3.3.1' ],
4823 silly audit   fdir: [ '6.5.0' ],
4823 silly audit   'is-number': [ '7.0.0' ],
4823 silly audit   '@types/json5': [ '0.0.29' ],
4823 silly audit   minimist: [ '1.2.8' ],
4823 silly audit   'strip-bom': [ '3.0.0' ],
4823 silly audit   'for-each': [ '0.3.5' ],
4823 silly audit   'reflect.getprototypeof': [ '1.0.10' ],
4823 silly audit   'which-builtin-type': [ '1.2.1' ],
4823 silly audit   'has-bigints': [ '1.1.0' ],
4823 silly audit   'which-boxed-primitive': [ '1.1.1' ],
4823 silly audit   'unicode-canonical-property-names-ecmascript': [ '2.0.1' ],
4823 silly audit   'unicode-property-aliases-ecmascript': [ '2.2.0' ],
4823 silly audit   '@unrs/resolver-binding-android-arm-eabi': [ '1.11.1' ],
4823 silly audit   '@unrs/resolver-binding-android-arm64': [ '1.11.1' ],
4823 silly audit   '@unrs/resolver-binding-darwin-arm64': [ '1.11.1' ],
4823 silly audit   '@unrs/resolver-binding-darwin-x64': [ '1.11.1' ],
4823 silly audit   '@unrs/resolver-binding-freebsd-x64': [ '1.11.1' ],
4823 silly audit   '@unrs/resolver-binding-linux-arm-gnueabihf': [ '1.11.1' ],
4823 silly audit   '@unrs/resolver-binding-linux-arm-musleabihf': [ '1.11.1' ],
4823 silly audit   '@unrs/resolver-binding-linux-arm64-gnu': [ '1.11.1' ],
4823 silly audit   '@unrs/resolver-binding-linux-arm64-musl': [ '1.11.1' ],
4823 silly audit   '@unrs/resolver-binding-linux-ppc64-gnu': [ '1.11.1' ],
4823 silly audit   '@unrs/resolver-binding-linux-riscv64-gnu': [ '1.11.1' ],
4823 silly audit   '@unrs/resolver-binding-linux-riscv64-musl': [ '1.11.1' ],
4823 silly audit   '@unrs/resolver-binding-linux-s390x-gnu': [ '1.11.1' ],
4823 silly audit   '@unrs/resolver-binding-linux-x64-gnu': [ '1.11.1' ],
4823 silly audit   '@unrs/resolver-binding-linux-x64-musl': [ '1.11.1' ],
4823 silly audit   '@unrs/resolver-binding-wasm32-wasi': [ '1.11.1' ],
4823 silly audit   '@unrs/resolver-binding-win32-arm64-msvc': [ '1.11.1' ],
4823 silly audit   '@unrs/resolver-binding-win32-ia32-msvc': [ '1.11.1' ],
4823 silly audit   '@unrs/resolver-binding-win32-x64-msvc': [ '1.11.1' ],
4823 silly audit   'napi-postinstall': [ '0.3.4' ],
4823 silly audit   '@napi-rs/wasm-runtime': [ '0.2.12' ],
4823 silly audit   '@emnapi/core': [ '1.10.0' ],
4823 silly audit   '@emnapi/runtime': [ '1.10.0' ],
4823 silly audit   '@tybys/wasm-util': [ '0.10.1' ],
4823 silly audit   '@emnapi/wasi-threads': [ '1.2.1' ],
4823 silly audit   tslib: [ '2.8.1' ],
4823 silly audit   escalade: [ '3.2.0' ],
4823 silly audit   punycode: [ '2.3.1' ],
4823 silly audit   makeerror: [ '1.0.12' ],
4823 silly audit   tmpl: [ '1.0.5' ],
4823 silly audit   tr46: [ '0.0.3' ],
4823 silly audit   'webidl-conversions': [ '3.0.1', '5.0.0' ],
4823 silly audit   buffer: [ '5.7.1' ],
4823 silly audit   ieee754: [ '1.2.1' ],
4823 silly audit   isexe: [ '2.0.0' ],
4823 silly audit   'is-bigint': [ '1.1.0' ],
4823 silly audit   'is-boolean-object': [ '1.2.2' ],
4823 silly audit   'is-number-object': [ '1.1.1' ],
4823 silly audit   'is-async-function': [ '2.1.1' ],
4823 silly audit   'is-finalizationregistry': [ '1.1.1' ],
4823 silly audit   'is-generator-function': [ '1.1.2' ],
4823 silly audit   'which-collection': [ '1.0.2' ],
4823 silly audit   'async-function': [ '1.0.0' ],
4823 silly audit   'generator-function': [ '2.0.1' ],
4823 silly audit   'is-map': [ '2.0.3' ],
4823 silly audit   'is-weakmap': [ '2.0.2' ],
4823 silly audit   'is-weakset': [ '2.0.4' ],
4823 silly audit   'signal-exit': [ '3.0.7' ],
4823 silly audit   'simple-plist': [ '1.3.1' ],
4823 silly audit   uuid: [ '7.0.3' ],
4823 silly audit   'bplist-creator': [ '0.1.0' ],
4823 silly audit   'bplist-parser': [ '0.3.1' ],
4823 silly audit   plist: [ '3.1.1' ],
4823 silly audit   'stream-buffers': [ '2.2.0' ],
4823 silly audit   'big-integer': [ '1.6.52' ],
4823 silly audit   sax: [ '1.6.0' ],
4823 silly audit   cliui: [ '8.0.1' ],
4823 silly audit   'get-caller-file': [ '2.0.5' ],
4823 silly audit   'require-directory': [ '2.1.1' ],
4823 silly audit   'string-width': [ '4.2.3' ],
4823 silly audit   y18n: [ '5.0.8' ],
4823 silly audit   'yargs-parser': [ '21.1.1' ],
4823 silly audit   'strip-ansi': [ '6.0.1', '5.2.0' ],
4823 silly audit   'wrap-ansi': [ '7.0.0' ],
4823 silly audit   'emoji-regex': [ '8.0.0' ],
4823 silly audit   'is-fullwidth-code-point': [ '3.0.0' ],
4823 silly audit   '@babel/highlight': [ '7.25.9' ],
4823 silly audit   esprima: [ '4.0.1' ],
4823 silly audit   'sprintf-js': [ '1.0.3' ],
4823 silly audit   'p-try': [ '2.2.0' ],
4823 silly audit   'fs.realpath': [ '1.0.0' ],
4823 silly audit   inflight: [ '1.0.6' ],
4823 silly audit   once: [ '1.4.0' ],
4823 silly audit   'path-is-absolute': [ '1.0.1' ],
4823 silly audit   wrappy: [ '1.0.2' ],
4823 silly audit   'async-limiter': [ '1.0.1' ],
4823 silly audit   '@0no-co/graphql.web': [ '1.2.0' ],
4823 silly audit   '@expo/code-signing-certificates': [ '0.0.6' ],
4823 silly audit   '@expo/devcert': [ '1.2.1' ],
4823 silly audit   '@expo/osascript': [ '2.4.2' ],
4823 silly audit   '@expo/package-manager': [ '1.10.4' ],
4823 silly audit   '@expo/schema-utils': [ '0.1.8' ],
4823 silly audit   '@expo/ws-tunnel': [ '1.0.6' ],
4823 silly audit   '@expo/xcpretty': [ '4.4.3' ],
4823 silly audit   '@urql/core': [ '5.2.0' ],
4823 silly audit   '@urql/exchange-retry': [ '1.3.2' ],
4823 silly audit   'better-opn': [ '3.0.2' ],
4823 silly audit   compression: [ '1.8.1' ],
4823 silly audit   'env-editor': [ '0.4.2' ],
4823 silly audit   'expo-server': [ '1.0.5' ],
4823 silly audit   'freeport-async': [ '2.0.0' ],
4823 silly audit   'lan-network': [ '0.1.7' ],
4823 silly audit   'node-forge': [ '1.4.0' ],
4823 silly audit   'npm-package-arg': [ '11.0.3' ],
4823 silly audit   ora: [ '3.4.0' ],
4823 silly audit   'pretty-bytes': [ '5.6.0' ],
4823 silly audit   progress: [ '2.0.3' ],
4823 silly audit   prompts: [ '2.4.2' ],
4823 silly audit   'qrcode-terminal': [ '0.11.0' ],
4823 silly audit   requireg: [ '0.2.2' ],
4823 silly audit   'resolve.exports': [ '2.0.3' ],
4823 silly audit   'structured-headers': [ '0.4.1' ],
4823 silly audit   tar: [ '7.5.13' ],
4823 silly audit   'terminal-link': [ '2.1.1' ],
4823 silly audit   undici: [ '6.25.0' ],
4823 silly audit   '@expo/sudo-prompt': [ '9.3.2' ],
4823 silly audit   wonka: [ '6.3.6' ],
4823 silly audit   bytes: [ '3.1.2' ],
4823 silly audit   compressible: [ '2.0.18' ],
4823 silly audit   'on-headers': [ '1.1.0' ],
4823 silly audit   'safe-buffer': [ '5.2.1' ],
4823 silly audit   vary: [ '1.1.2' ],
4823 silly audit   'hosted-git-info': [ '7.0.2' ],
4823 silly audit   'proc-log': [ '4.2.0' ],
4823 silly audit   'validate-npm-package-name': [ '5.0.1' ],
4823 silly audit   'cli-cursor': [ '2.1.0' ],
4823 silly audit   'cli-spinners': [ '2.9.2' ],
4823 silly audit   'log-symbols': [ '2.2.0' ],
4823 silly audit   wcwidth: [ '1.0.1' ],
4823 silly audit   'restore-cursor': [ '2.0.0' ],
4823 silly audit   kleur: [ '3.0.3' ],
4823 silly audit   sisteransi: [ '1.0.5' ],
4823 silly audit   'nested-error-stacks': [ '2.0.1' ],
4823 silly audit   rc: [ '1.2.8' ],
4823 silly audit   'deep-extend': [ '0.6.0' ],
4823 silly audit   ini: [ '1.3.8' ],
4823 silly audit   onetime: [ '2.0.1' ],
4823 silly audit   'mimic-fn': [ '1.2.0' ],
4823 silly audit   '@isaacs/fs-minipass': [ '4.0.1' ],
4823 silly audit   chownr: [ '3.0.0' ],
4823 silly audit   minizlib: [ '3.1.0' ],
4823 silly audit   'ansi-escapes': [ '4.3.2' ],
4823 silly audit   'supports-hyperlinks': [ '2.3.0' ],
4823 silly audit   defaults: [ '1.0.4' ],
4823 silly audit   clone: [ '1.0.4' ],
4823 silly audit   'define-lazy-prop': [ '2.0.0' ]
4823 silly audit }
4824 verbose reify failed optional dependency C:\Users\nyath\Desktop\2.2\ZimCrafts Hub fullstack\zimcrafts-mobile\node_modules\@unrs\resolver-binding-win32-ia32-msvc
4825 silly reify mark deleted [
4825 silly reify   'C:\\Users\\nyath\\Desktop\\2.2\\ZimCrafts Hub fullstack\\zimcrafts-mobile\\node_modules\\@unrs\\resolver-binding-win32-ia32-msvc'
4825 silly reify ]
4826 verbose reify failed optional dependency C:\Users\nyath\Desktop\2.2\ZimCrafts Hub fullstack\zimcrafts-mobile\node_modules\@unrs\resolver-binding-win32-arm64-msvc
4827 silly reify mark deleted [
4827 silly reify   'C:\\Users\\nyath\\Desktop\\2.2\\ZimCrafts Hub fullstack\\zimcrafts-mobile\\node_modules\\@unrs\\resolver-binding-win32-arm64-msvc'
4827 silly reify ]
4828 verbose reify failed optional dependency C:\Users\nyath\Desktop\2.2\ZimCrafts Hub fullstack\zimcrafts-mobile\node_modules\@unrs\resolver-binding-wasm32-wasi
4829 silly reify mark deleted [
4829 silly reify   'C:\\Users\\nyath\\Desktop\\2.2\\ZimCrafts Hub fullstack\\zimcrafts-mobile\\node_modules\\@unrs\\resolver-binding-wasm32-wasi'
4829 silly reify ]
4830 verbose reify failed optional dependency C:\Users\nyath\Desktop\2.2\ZimCrafts Hub fullstack\zimcrafts-mobile\node_modules\@napi-rs\wasm-runtime
4831 silly reify mark deleted [
4831 silly reify   'C:\\Users\\nyath\\Desktop\\2.2\\ZimCrafts Hub fullstack\\zimcrafts-mobile\\node_modules\\@napi-rs\\wasm-runtime'
4831 silly reify ]
4832 verbose reify failed optional dependency C:\Users\nyath\Desktop\2.2\ZimCrafts Hub fullstack\zimcrafts-mobile\node_modules\@emnapi\core
4833 silly reify mark deleted [
4833 silly reify   'C:\\Users\\nyath\\Desktop\\2.2\\ZimCrafts Hub fullstack\\zimcrafts-mobile\\node_modules\\@emnapi\\core'
4833 silly reify ]
4834 verbose reify failed optional dependency C:\Users\nyath\Desktop\2.2\ZimCrafts Hub fullstack\zimcrafts-mobile\node_modules\@emnapi\runtime
4835 silly reify mark deleted [
4835 silly reify   'C:\\Users\\nyath\\Desktop\\2.2\\ZimCrafts Hub fullstack\\zimcrafts-mobile\\node_modules\\@emnapi\\runtime'
4835 silly reify ]
4836 verbose reify failed optional dependency C:\Users\nyath\Desktop\2.2\ZimCrafts Hub fullstack\zimcrafts-mobile\node_modules\@tybys\wasm-util
4837 silly reify mark deleted [
4837 silly reify   'C:\\Users\\nyath\\Desktop\\2.2\\ZimCrafts Hub fullstack\\zimcrafts-mobile\\node_modules\\@tybys\\wasm-util'
4837 silly reify ]
4838 verbose reify failed optional dependency C:\Users\nyath\Desktop\2.2\ZimCrafts Hub fullstack\zimcrafts-mobile\node_modules\@emnapi\wasi-threads
4839 silly reify mark deleted [
4839 silly reify   'C:\\Users\\nyath\\Desktop\\2.2\\ZimCrafts Hub fullstack\\zimcrafts-mobile\\node_modules\\@emnapi\\wasi-threads'
4839 silly reify ]
4840 verbose reify failed optional dependency C:\Users\nyath\Desktop\2.2\ZimCrafts Hub fullstack\zimcrafts-mobile\node_modules\tslib
4841 silly reify mark deleted [
4841 silly reify   'C:\\Users\\nyath\\Desktop\\2.2\\ZimCrafts Hub fullstack\\zimcrafts-mobile\\node_modules\\tslib'
4841 silly reify ]
4842 verbose reify failed optional dependency C:\Users\nyath\Desktop\2.2\ZimCrafts Hub fullstack\zimcrafts-mobile\node_modules\@unrs\resolver-binding-linux-x64-musl
4843 silly reify mark deleted [
4843 silly reify   'C:\\Users\\nyath\\Desktop\\2.2\\ZimCrafts Hub fullstack\\zimcrafts-mobile\\node_modules\\@unrs\\resolver-binding-linux-x64-musl'
4843 silly reify ]
4844 verbose reify failed optional dependency C:\Users\nyath\Desktop\2.2\ZimCrafts Hub fullstack\zimcrafts-mobile\node_modules\@unrs\resolver-binding-linux-x64-gnu
4845 silly reify mark deleted [
4845 silly reify   'C:\\Users\\nyath\\Desktop\\2.2\\ZimCrafts Hub fullstack\\zimcrafts-mobile\\node_modules\\@unrs\\resolver-binding-linux-x64-gnu'
4845 silly reify ]
4846 verbose reify failed optional dependency C:\Users\nyath\Desktop\2.2\ZimCrafts Hub fullstack\zimcrafts-mobile\node_modules\@unrs\resolver-binding-linux-s390x-gnu
4847 silly reify mark deleted [
4847 silly reify   'C:\\Users\\nyath\\Desktop\\2.2\\ZimCrafts Hub fullstack\\zimcrafts-mobile\\node_modules\\@unrs\\resolver-binding-linux-s390x-gnu'
4847 silly reify ]
4848 verbose reify failed optional dependency C:\Users\nyath\Desktop\2.2\ZimCrafts Hub fullstack\zimcrafts-mobile\node_modules\@unrs\resolver-binding-linux-riscv64-musl
4849 silly reify mark deleted [
4849 silly reify   'C:\\Users\\nyath\\Desktop\\2.2\\ZimCrafts Hub fullstack\\zimcrafts-mobile\\node_modules\\@unrs\\resolver-binding-linux-riscv64-musl'
4849 silly reify ]
4850 verbose reify failed optional dependency C:\Users\nyath\Desktop\2.2\ZimCrafts Hub fullstack\zimcrafts-mobile\node_modules\@unrs\resolver-binding-linux-riscv64-gnu
4851 silly reify mark deleted [
4851 silly reify   'C:\\Users\\nyath\\Desktop\\2.2\\ZimCrafts Hub fullstack\\zimcrafts-mobile\\node_modules\\@unrs\\resolver-binding-linux-riscv64-gnu'
4851 silly reify ]
4852 verbose reify failed optional dependency C:\Users\nyath\Desktop\2.2\ZimCrafts Hub fullstack\zimcrafts-mobile\node_modules\@unrs\resolver-binding-linux-ppc64-gnu
4853 silly reify mark deleted [
4853 silly reify   'C:\\Users\\nyath\\Desktop\\2.2\\ZimCrafts Hub fullstack\\zimcrafts-mobile\\node_modules\\@unrs\\resolver-binding-linux-ppc64-gnu'
4853 silly reify ]
4854 verbose reify failed optional dependency C:\Users\nyath\Desktop\2.2\ZimCrafts Hub fullstack\zimcrafts-mobile\node_modules\@unrs\resolver-binding-linux-arm64-musl
4855 silly reify mark deleted [
4855 silly reify   'C:\\Users\\nyath\\Desktop\\2.2\\ZimCrafts Hub fullstack\\zimcrafts-mobile\\node_modules\\@unrs\\resolver-binding-linux-arm64-musl'
4855 silly reify ]
4856 verbose reify failed optional dependency C:\Users\nyath\Desktop\2.2\ZimCrafts Hub fullstack\zimcrafts-mobile\node_modules\@unrs\resolver-binding-linux-arm64-gnu
4857 silly reify mark deleted [
4857 silly reify   'C:\\Users\\nyath\\Desktop\\2.2\\ZimCrafts Hub fullstack\\zimcrafts-mobile\\node_modules\\@unrs\\resolver-binding-linux-arm64-gnu'
4857 silly reify ]
4858 verbose reify failed optional dependency C:\Users\nyath\Desktop\2.2\ZimCrafts Hub fullstack\zimcrafts-mobile\node_modules\@unrs\resolver-binding-linux-arm-musleabihf
4859 silly reify mark deleted [
4859 silly reify   'C:\\Users\\nyath\\Desktop\\2.2\\ZimCrafts Hub fullstack\\zimcrafts-mobile\\node_modules\\@unrs\\resolver-binding-linux-arm-musleabihf'
4859 silly reify ]
4860 verbose reify failed optional dependency C:\Users\nyath\Desktop\2.2\ZimCrafts Hub fullstack\zimcrafts-mobile\node_modules\@unrs\resolver-binding-linux-arm-gnueabihf
4861 silly reify mark deleted [
4861 silly reify   'C:\\Users\\nyath\\Desktop\\2.2\\ZimCrafts Hub fullstack\\zimcrafts-mobile\\node_modules\\@unrs\\resolver-binding-linux-arm-gnueabihf'
4861 silly reify ]
4862 verbose reify failed optional dependency C:\Users\nyath\Desktop\2.2\ZimCrafts Hub fullstack\zimcrafts-mobile\node_modules\@unrs\resolver-binding-freebsd-x64
4863 silly reify mark deleted [
4863 silly reify   'C:\\Users\\nyath\\Desktop\\2.2\\ZimCrafts Hub fullstack\\zimcrafts-mobile\\node_modules\\@unrs\\resolver-binding-freebsd-x64'
4863 silly reify ]
4864 verbose reify failed optional dependency C:\Users\nyath\Desktop\2.2\ZimCrafts Hub fullstack\zimcrafts-mobile\node_modules\@unrs\resolver-binding-darwin-x64
4865 silly reify mark deleted [
4865 silly reify   'C:\\Users\\nyath\\Desktop\\2.2\\ZimCrafts Hub fullstack\\zimcrafts-mobile\\node_modules\\@unrs\\resolver-binding-darwin-x64'
4865 silly reify ]
4866 verbose reify failed optional dependency C:\Users\nyath\Desktop\2.2\ZimCrafts Hub fullstack\zimcrafts-mobile\node_modules\@unrs\resolver-binding-darwin-arm64
4867 silly reify mark deleted [
4867 silly reify   'C:\\Users\\nyath\\Desktop\\2.2\\ZimCrafts Hub fullstack\\zimcrafts-mobile\\node_modules\\@unrs\\resolver-binding-darwin-arm64'
4867 silly reify ]
4868 verbose reify failed optional dependency C:\Users\nyath\Desktop\2.2\ZimCrafts Hub fullstack\zimcrafts-mobile\node_modules\@unrs\resolver-binding-android-arm64
4869 silly reify mark deleted [
4869 silly reify   'C:\\Users\\nyath\\Desktop\\2.2\\ZimCrafts Hub fullstack\\zimcrafts-mobile\\node_modules\\@unrs\\resolver-binding-android-arm64'
4869 silly reify ]
4870 verbose reify failed optional dependency C:\Users\nyath\Desktop\2.2\ZimCrafts Hub fullstack\zimcrafts-mobile\node_modules\@unrs\resolver-binding-android-arm-eabi
4871 silly reify mark deleted [
4871 silly reify   'C:\\Users\\nyath\\Desktop\\2.2\\ZimCrafts Hub fullstack\\zimcrafts-mobile\\node_modules\\@unrs\\resolver-binding-android-arm-eabi'
4871 silly reify ]
4872 verbose reify failed optional dependency C:\Users\nyath\Desktop\2.2\ZimCrafts Hub fullstack\zimcrafts-mobile\node_modules\fsevents
4873 silly reify mark deleted [
4873 silly reify   'C:\\Users\\nyath\\Desktop\\2.2\\ZimCrafts Hub fullstack\\zimcrafts-mobile\\node_modules\\fsevents'
4873 silly reify ]
4874 verbose reify failed optional dependency C:\Users\nyath\Desktop\2.2\ZimCrafts Hub fullstack\zimcrafts-mobile\node_modules\lightningcss-win32-arm64-msvc
4875 silly reify mark deleted [
4875 silly reify   'C:\\Users\\nyath\\Desktop\\2.2\\ZimCrafts Hub fullstack\\zimcrafts-mobile\\node_modules\\lightningcss-win32-arm64-msvc'
4875 silly reify ]
4876 verbose reify failed optional dependency C:\Users\nyath\Desktop\2.2\ZimCrafts Hub fullstack\zimcrafts-mobile\node_modules\lightningcss-linux-x64-musl
4877 silly reify mark deleted [
4877 silly reify   'C:\\Users\\nyath\\Desktop\\2.2\\ZimCrafts Hub fullstack\\zimcrafts-mobile\\node_modules\\lightningcss-linux-x64-musl'
4877 silly reify ]
4878 verbose reify failed optional dependency C:\Users\nyath\Desktop\2.2\ZimCrafts Hub fullstack\zimcrafts-mobile\node_modules\lightningcss-linux-x64-gnu
4879 silly reify mark deleted [
4879 silly reify   'C:\\Users\\nyath\\Desktop\\2.2\\ZimCrafts Hub fullstack\\zimcrafts-mobile\\node_modules\\lightningcss-linux-x64-gnu'
4879 silly reify ]
4880 verbose reify failed optional dependency C:\Users\nyath\Desktop\2.2\ZimCrafts Hub fullstack\zimcrafts-mobile\node_modules\lightningcss-linux-arm64-musl
4881 silly reify mark deleted [
4881 silly reify   'C:\\Users\\nyath\\Desktop\\2.2\\ZimCrafts Hub fullstack\\zimcrafts-mobile\\node_modules\\lightningcss-linux-arm64-musl'
4881 silly reify ]
4882 verbose reify failed optional dependency C:\Users\nyath\Desktop\2.2\ZimCrafts Hub fullstack\zimcrafts-mobile\node_modules\lightningcss-linux-arm64-gnu
4883 silly reify mark deleted [
4883 silly reify   'C:\\Users\\nyath\\Desktop\\2.2\\ZimCrafts Hub fullstack\\zimcrafts-mobile\\node_modules\\lightningcss-linux-arm64-gnu'
4883 silly reify ]
4884 verbose reify failed optional dependency C:\Users\nyath\Desktop\2.2\ZimCrafts Hub fullstack\zimcrafts-mobile\node_modules\lightningcss-linux-arm-gnueabihf
4885 silly reify mark deleted [
4885 silly reify   'C:\\Users\\nyath\\Desktop\\2.2\\ZimCrafts Hub fullstack\\zimcrafts-mobile\\node_modules\\lightningcss-linux-arm-gnueabihf'
4885 silly reify ]
4886 verbose reify failed optional dependency C:\Users\nyath\Desktop\2.2\ZimCrafts Hub fullstack\zimcrafts-mobile\node_modules\lightningcss-freebsd-x64
4887 silly reify mark deleted [
4887 silly reify   'C:\\Users\\nyath\\Desktop\\2.2\\ZimCrafts Hub fullstack\\zimcrafts-mobile\\node_modules\\lightningcss-freebsd-x64'
4887 silly reify ]
4888 verbose reify failed optional dependency C:\Users\nyath\Desktop\2.2\ZimCrafts Hub fullstack\zimcrafts-mobile\node_modules\lightningcss-darwin-x64
4889 silly reify mark deleted [
4889 silly reify   'C:\\Users\\nyath\\Desktop\\2.2\\ZimCrafts Hub fullstack\\zimcrafts-mobile\\node_modules\\lightningcss-darwin-x64'
4889 silly reify ]
4890 verbose reify failed optional dependency C:\Users\nyath\Desktop\2.2\ZimCrafts Hub fullstack\zimcrafts-mobile\node_modules\lightningcss-darwin-arm64
4891 silly reify mark deleted [
4891 silly reify   'C:\\Users\\nyath\\Desktop\\2.2\\ZimCrafts Hub fullstack\\zimcrafts-mobile\\node_modules\\lightningcss-darwin-arm64'
4891 silly reify ]
4892 verbose reify failed optional dependency C:\Users\nyath\Desktop\2.2\ZimCrafts Hub fullstack\zimcrafts-mobile\node_modules\lightningcss-android-arm64
4893 silly reify mark deleted [
4893 silly reify   'C:\\Users\\nyath\\Desktop\\2.2\\ZimCrafts Hub fullstack\\zimcrafts-mobile\\node_modules\\lightningcss-android-arm64'
4893 silly reify ]
4894 http cache clone@https://registry.npmjs.org/clone/-/clone-1.0.4.tgz 0ms (cache hit)
4895 http cache defaults@https://registry.npmjs.org/defaults/-/defaults-1.0.4.tgz 0ms (cache hit)
4896 http cache define-lazy-prop@https://registry.npmjs.org/define-lazy-prop/-/define-lazy-prop-2.0.0.tgz 0ms (cache hit)
4897 http cache supports-hyperlinks@https://registry.npmjs.org/supports-hyperlinks/-/supports-hyperlinks-2.3.0.tgz 0ms (cache hit)
4898 http cache chownr@https://registry.npmjs.org/chownr/-/chownr-3.0.0.tgz 0ms (cache hit)
4899 http cache @isaacs/fs-minipass@https://registry.npmjs.org/@isaacs/fs-minipass/-/fs-minipass-4.0.1.tgz 0ms (cache hit)
4900 http cache ansi-escapes@https://registry.npmjs.org/ansi-escapes/-/ansi-escapes-4.3.2.tgz 0ms (cache hit)
4901 http cache minizlib@https://registry.npmjs.org/minizlib/-/minizlib-3.1.0.tgz 0ms (cache hit)
4902 http cache onetime@https://registry.npmjs.org/onetime/-/onetime-2.0.1.tgz 0ms (cache hit)
4903 http cache ini@https://registry.npmjs.org/ini/-/ini-1.3.8.tgz 0ms (cache hit)
4904 http cache mimic-fn@https://registry.npmjs.org/mimic-fn/-/mimic-fn-1.2.0.tgz 0ms (cache hit)
4905 http cache deep-extend@https://registry.npmjs.org/deep-extend/-/deep-extend-0.6.0.tgz 0ms (cache hit)
4906 http cache rc@https://registry.npmjs.org/rc/-/rc-1.2.8.tgz 0ms (cache hit)
4907 http cache kleur@https://registry.npmjs.org/kleur/-/kleur-3.0.3.tgz 0ms (cache hit)
4908 http cache nested-error-stacks@https://registry.npmjs.org/nested-error-stacks/-/nested-error-stacks-2.0.1.tgz 0ms (cache hit)
4909 http cache restore-cursor@https://registry.npmjs.org/restore-cursor/-/restore-cursor-2.0.0.tgz 1ms (cache hit)
4910 http cache sisteransi@https://registry.npmjs.org/sisteransi/-/sisteransi-1.0.5.tgz 0ms (cache hit)
4911 http cache cli-cursor@https://registry.npmjs.org/cli-cursor/-/cli-cursor-2.1.0.tgz 0ms (cache hit)
4912 http cache cli-spinners@https://registry.npmjs.org/cli-spinners/-/cli-spinners-2.9.2.tgz 0ms (cache hit)
4913 http cache wcwidth@https://registry.npmjs.org/wcwidth/-/wcwidth-1.0.1.tgz 0ms (cache hit)
4914 http cache validate-npm-package-name@https://registry.npmjs.org/validate-npm-package-name/-/validate-npm-package-name-5.0.1.tgz 0ms (cache hit)
4915 http cache proc-log@https://registry.npmjs.org/proc-log/-/proc-log-4.2.0.tgz 0ms (cache hit)
4916 http cache vary@https://registry.npmjs.org/vary/-/vary-1.1.2.tgz 0ms (cache hit)
4917 http cache hosted-git-info@https://registry.npmjs.org/hosted-git-info/-/hosted-git-info-7.0.2.tgz 0ms (cache hit)
4918 http cache safe-buffer@https://registry.npmjs.org/safe-buffer/-/safe-buffer-5.2.1.tgz 0ms (cache hit)
4919 http cache on-headers@https://registry.npmjs.org/on-headers/-/on-headers-1.1.0.tgz 0ms (cache hit)
4920 http cache compressible@https://registry.npmjs.org/compressible/-/compressible-2.0.18.tgz 1ms (cache hit)
4921 http cache bytes@https://registry.npmjs.org/bytes/-/bytes-3.1.2.tgz 0ms (cache hit)
4922 http cache undici@https://registry.npmjs.org/undici/-/undici-6.25.0.tgz 0ms (cache hit)
4923 http cache wonka@https://registry.npmjs.org/wonka/-/wonka-6.3.6.tgz 0ms (cache hit)
4924 http cache terminal-link@https://registry.npmjs.org/terminal-link/-/terminal-link-2.1.1.tgz 0ms (cache hit)
4925 http cache @expo/sudo-prompt@https://registry.npmjs.org/@expo/sudo-prompt/-/sudo-prompt-9.3.2.tgz 0ms (cache hit)
4926 http cache tar@https://registry.npmjs.org/tar/-/tar-7.5.13.tgz 0ms (cache hit)
4927 http cache resolve.exports@https://registry.npmjs.org/resolve.exports/-/resolve.exports-2.0.3.tgz 0ms (cache hit)
4928 http cache structured-headers@https://registry.npmjs.org/structured-headers/-/structured-headers-0.4.1.tgz 0ms (cache hit)
4929 http cache requireg@https://registry.npmjs.org/requireg/-/requireg-0.2.2.tgz 0ms (cache hit)
4930 http cache qrcode-terminal@https://registry.npmjs.org/qrcode-terminal/-/qrcode-terminal-0.11.0.tgz 0ms (cache hit)
4931 http cache prompts@https://registry.npmjs.org/prompts/-/prompts-2.4.2.tgz 0ms (cache hit)
4932 http cache pretty-bytes@https://registry.npmjs.org/pretty-bytes/-/pretty-bytes-5.6.0.tgz 0ms (cache hit)
4933 http cache ora@https://registry.npmjs.org/ora/-/ora-3.4.0.tgz 0ms (cache hit)
4934 http cache npm-package-arg@https://registry.npmjs.org/npm-package-arg/-/npm-package-arg-11.0.3.tgz 0ms (cache hit)
4935 http cache node-forge@https://registry.npmjs.org/node-forge/-/node-forge-1.4.0.tgz 0ms (cache hit)
4936 http cache lan-network@https://registry.npmjs.org/lan-network/-/lan-network-0.1.7.tgz 0ms (cache hit)
4937 http cache freeport-async@https://registry.npmjs.org/freeport-async/-/freeport-async-2.0.0.tgz 0ms (cache hit)
4938 http cache env-editor@https://registry.npmjs.org/env-editor/-/env-editor-0.4.2.tgz 0ms (cache hit)
4939 http cache better-opn@https://registry.npmjs.org/better-opn/-/better-opn-3.0.2.tgz 0ms (cache hit)
4940 http cache expo-server@https://registry.npmjs.org/expo-server/-/expo-server-1.0.5.tgz 0ms (cache hit)
4941 http cache compression@https://registry.npmjs.org/compression/-/compression-1.8.1.tgz 0ms (cache hit)
4942 http cache @urql/exchange-retry@https://registry.npmjs.org/@urql/exchange-retry/-/exchange-retry-1.3.2.tgz 0ms (cache hit)
4943 http cache @expo/xcpretty@https://registry.npmjs.org/@expo/xcpretty/-/xcpretty-4.4.3.tgz 0ms (cache hit)
4944 http cache @urql/core@https://registry.npmjs.org/@urql/core/-/core-5.2.0.tgz 0ms (cache hit)
4945 http cache @expo/ws-tunnel@https://registry.npmjs.org/@expo/ws-tunnel/-/ws-tunnel-1.0.6.tgz 0ms (cache hit)
4946 http cache @expo/package-manager@https://registry.npmjs.org/@expo/package-manager/-/package-manager-1.10.4.tgz 0ms (cache hit)
4947 http cache @expo/code-signing-certificates@https://registry.npmjs.org/@expo/code-signing-certificates/-/code-signing-certificates-0.0.6.tgz 0ms (cache hit)
4948 http cache log-symbols@https://registry.npmjs.org/log-symbols/-/log-symbols-2.2.0.tgz 0ms (cache hit)
4949 http cache @expo/schema-utils@https://registry.npmjs.org/@expo/schema-utils/-/schema-utils-0.1.8.tgz 0ms (cache hit)
4950 http cache async-limiter@https://registry.npmjs.org/async-limiter/-/async-limiter-1.0.1.tgz 0ms (cache hit)
4951 http cache @expo/devcert@https://registry.npmjs.org/@expo/devcert/-/devcert-1.2.1.tgz 0ms (cache hit)
4952 http cache @0no-co/graphql.web@https://registry.npmjs.org/@0no-co/graphql.web/-/graphql.web-1.2.0.tgz 0ms (cache hit)
4953 http cache path-is-absolute@https://registry.npmjs.org/path-is-absolute/-/path-is-absolute-1.0.1.tgz 0ms (cache hit)
4954 http cache wrappy@https://registry.npmjs.org/wrappy/-/wrappy-1.0.2.tgz 0ms (cache hit)
4955 http cache @expo/osascript@https://registry.npmjs.org/@expo/osascript/-/osascript-2.4.2.tgz 0ms (cache hit)
4956 http cache once@https://registry.npmjs.org/once/-/once-1.4.0.tgz 0ms (cache hit)
4957 http cache inflight@https://registry.npmjs.org/inflight/-/inflight-1.0.6.tgz 0ms (cache hit)
4958 http cache fs.realpath@https://registry.npmjs.org/fs.realpath/-/fs.realpath-1.0.0.tgz 0ms (cache hit)
4959 http cache p-try@https://registry.npmjs.org/p-try/-/p-try-2.2.0.tgz 0ms (cache hit)
4960 http cache sprintf-js@https://registry.npmjs.org/sprintf-js/-/sprintf-js-1.0.3.tgz 0ms (cache hit)
4961 http cache esprima@https://registry.npmjs.org/esprima/-/esprima-4.0.1.tgz 0ms (cache hit)
4962 http cache is-fullwidth-code-point@https://registry.npmjs.org/is-fullwidth-code-point/-/is-fullwidth-code-point-3.0.0.tgz 0ms (cache hit)
4963 http cache @babel/highlight@https://registry.npmjs.org/@babel/highlight/-/highlight-7.25.9.tgz 0ms (cache hit)
4964 http cache emoji-regex@https://registry.npmjs.org/emoji-regex/-/emoji-regex-8.0.0.tgz 0ms (cache hit)
4965 http cache wrap-ansi@https://registry.npmjs.org/wrap-ansi/-/wrap-ansi-7.0.0.tgz 0ms (cache hit)
4966 http cache strip-ansi@https://registry.npmjs.org/strip-ansi/-/strip-ansi-6.0.1.tgz 0ms (cache hit)
4967 http cache y18n@https://registry.npmjs.org/y18n/-/y18n-5.0.8.tgz 0ms (cache hit)
4968 http cache yargs-parser@https://registry.npmjs.org/yargs-parser/-/yargs-parser-21.1.1.tgz 0ms (cache hit)
4969 http cache string-width@https://registry.npmjs.org/string-width/-/string-width-4.2.3.tgz 0ms (cache hit)
4970 http cache progress@https://registry.npmjs.org/progress/-/progress-2.0.3.tgz 0ms (cache hit)
4971 http cache require-directory@https://registry.npmjs.org/require-directory/-/require-directory-2.1.1.tgz 0ms (cache hit)
4972 http cache cliui@https://registry.npmjs.org/cliui/-/cliui-8.0.1.tgz 0ms (cache hit)
4973 http cache sax@https://registry.npmjs.org/sax/-/sax-1.6.0.tgz 0ms (cache hit)
4974 http cache big-integer@https://registry.npmjs.org/big-integer/-/big-integer-1.6.52.tgz 0ms (cache hit)
4975 http cache stream-buffers@https://registry.npmjs.org/stream-buffers/-/stream-buffers-2.2.0.tgz 1ms (cache hit)
4976 http cache bplist-creator@https://registry.npmjs.org/bplist-creator/-/bplist-creator-0.1.0.tgz 0ms (cache hit)
4977 http cache bplist-parser@https://registry.npmjs.org/bplist-parser/-/bplist-parser-0.3.1.tgz 0ms (cache hit)
4978 http cache plist@https://registry.npmjs.org/plist/-/plist-3.1.1.tgz 0ms (cache hit)
4979 http cache simple-plist@https://registry.npmjs.org/simple-plist/-/simple-plist-1.3.1.tgz 0ms (cache hit)
4980 http cache get-caller-file@https://registry.npmjs.org/get-caller-file/-/get-caller-file-2.0.5.tgz 0ms (cache hit)
4981 http cache signal-exit@https://registry.npmjs.org/signal-exit/-/signal-exit-3.0.7.tgz 0ms (cache hit)
4982 http cache is-map@https://registry.npmjs.org/is-map/-/is-map-2.0.3.tgz 0ms (cache hit)
4983 http cache is-weakset@https://registry.npmjs.org/is-weakset/-/is-weakset-2.0.4.tgz 0ms (cache hit)
4984 http cache generator-function@https://registry.npmjs.org/generator-function/-/generator-function-2.0.1.tgz 1ms (cache hit)
4985 http cache async-function@https://registry.npmjs.org/async-function/-/async-function-1.0.0.tgz 0ms (cache hit)
4986 http cache which-collection@https://registry.npmjs.org/which-collection/-/which-collection-1.0.2.tgz 0ms (cache hit)
4987 http cache is-weakmap@https://registry.npmjs.org/is-weakmap/-/is-weakmap-2.0.2.tgz 0ms (cache hit)
4988 http cache is-generator-function@https://registry.npmjs.org/is-generator-function/-/is-generator-function-1.1.2.tgz 0ms (cache hit)
4989 http cache is-finalizationregistry@https://registry.npmjs.org/is-finalizationregistry/-/is-finalizationregistry-1.1.1.tgz 0ms (cache hit)
4990 http cache is-number-object@https://registry.npmjs.org/is-number-object/-/is-number-object-1.1.1.tgz 0ms (cache hit)
4991 http cache is-async-function@https://registry.npmjs.org/is-async-function/-/is-async-function-2.1.1.tgz 0ms (cache hit)
4992 http cache isexe@https://registry.npmjs.org/isexe/-/isexe-2.0.0.tgz 0ms (cache hit)
4993 http cache is-bigint@https://registry.npmjs.org/is-bigint/-/is-bigint-1.1.0.tgz 0ms (cache hit)
4994 http cache buffer@https://registry.npmjs.org/buffer/-/buffer-5.7.1.tgz 0ms (cache hit)
4995 http cache is-boolean-object@https://registry.npmjs.org/is-boolean-object/-/is-boolean-object-1.2.2.tgz 0ms (cache hit)
4996 http cache webidl-conversions@https://registry.npmjs.org/webidl-conversions/-/webidl-conversions-3.0.1.tgz 0ms (cache hit)
4997 http cache tr46@https://registry.npmjs.org/tr46/-/tr46-0.0.3.tgz 0ms (cache hit)
4998 http cache ieee754@https://registry.npmjs.org/ieee754/-/ieee754-1.2.1.tgz 0ms (cache hit)
4999 http cache makeerror@https://registry.npmjs.org/makeerror/-/makeerror-1.0.12.tgz 0ms (cache hit)
5000 http cache punycode@https://registry.npmjs.org/punycode/-/punycode-2.3.1.tgz 0ms (cache hit)
5001 http cache tmpl@https://registry.npmjs.org/tmpl/-/tmpl-1.0.5.tgz 0ms (cache hit)
5002 http cache escalade@https://registry.npmjs.org/escalade/-/escalade-3.2.0.tgz 0ms (cache hit)
5003 http cache @tybys/wasm-util@https://registry.npmjs.org/@tybys/wasm-util/-/wasm-util-0.10.1.tgz 0ms (cache hit)
5004 http cache @napi-rs/wasm-runtime@https://registry.npmjs.org/@napi-rs/wasm-runtime/-/wasm-runtime-0.2.12.tgz 0ms (cache hit)
5005 http cache @emnapi/wasi-threads@https://registry.npmjs.org/@emnapi/wasi-threads/-/wasi-threads-1.2.1.tgz 0ms (cache hit)
5006 http cache @emnapi/core@https://registry.npmjs.org/@emnapi/core/-/core-1.10.0.tgz 0ms (cache hit)
5007 http cache @emnapi/runtime@https://registry.npmjs.org/@emnapi/runtime/-/runtime-1.10.0.tgz 0ms (cache hit)
5008 http cache @unrs/resolver-binding-win32-x64-msvc@https://registry.npmjs.org/@unrs/resolver-binding-win32-x64-msvc/-/resolver-binding-win32-x64-msvc-1.11.1.tgz 0ms (cache hit)
5009 http cache tslib@https://registry.npmjs.org/tslib/-/tslib-2.8.1.tgz 0ms (cache hit)
5010 http cache napi-postinstall@https://registry.npmjs.org/napi-postinstall/-/napi-postinstall-0.3.4.tgz 0ms (cache hit)
5011 http cache unicode-property-aliases-ecmascript@https://registry.npmjs.org/unicode-property-aliases-ecmascript/-/unicode-property-aliases-ecmascript-2.2.0.tgz 0ms (cache hit)
5012 http cache which-boxed-primitive@https://registry.npmjs.org/which-boxed-primitive/-/which-boxed-primitive-1.1.1.tgz 0ms (cache hit)
5013 http cache has-bigints@https://registry.npmjs.org/has-bigints/-/has-bigints-1.1.0.tgz 0ms (cache hit)
5014 http cache which-builtin-type@https://registry.npmjs.org/which-builtin-type/-/which-builtin-type-1.2.1.tgz 0ms (cache hit)
5015 http cache unicode-canonical-property-names-ecmascript@https://registry.npmjs.org/unicode-canonical-property-names-ecmascript/-/unicode-canonical-property-names-ecmascript-2.0.1.tgz 0ms (cache hit)
5016 http cache for-each@https://registry.npmjs.org/for-each/-/for-each-0.3.5.tgz 0ms (cache hit)
5017 http cache reflect.getprototypeof@https://registry.npmjs.org/reflect.getprototypeof/-/reflect.getprototypeof-1.0.10.tgz 1ms (cache hit)
5018 http cache minimist@https://registry.npmjs.org/minimist/-/minimist-1.2.8.tgz 0ms (cache hit)
5019 http cache @types/json5@https://registry.npmjs.org/@types/json5/-/json5-0.0.29.tgz 0ms (cache hit)
5020 http cache is-number@https://registry.npmjs.org/is-number/-/is-number-7.0.0.tgz 0ms (cache hit)
5021 http cache buffer-from@https://registry.npmjs.org/buffer-from/-/buffer-from-1.1.2.tgz 0ms (cache hit)
5022 http cache @jridgewell/source-map@https://registry.npmjs.org/@jridgewell/source-map/-/source-map-0.3.11.tgz 0ms (cache hit)
5023 http cache source-map-support@https://registry.npmjs.org/source-map-support/-/source-map-support-0.5.21.tgz 0ms (cache hit)
5024 http cache strip-bom@https://registry.npmjs.org/strip-bom/-/strip-bom-3.0.0.tgz 0ms (cache hit)
5025 http cache has-flag@https://registry.npmjs.org/has-flag/-/has-flag-4.0.0.tgz 1ms (cache hit)
5026 http cache thenify@https://registry.npmjs.org/thenify/-/thenify-3.3.1.tgz 0ms (cache hit)
5027 http cache any-promise@https://registry.npmjs.org/any-promise/-/any-promise-1.3.0.tgz 0ms (cache hit)
5028 http cache thenify-all@https://registry.npmjs.org/thenify-all/-/thenify-all-1.6.0.tgz 0ms (cache hit)
5029 http cache mz@https://registry.npmjs.org/mz/-/mz-2.7.0.tgz 0ms (cache hit)
5030 http cache lines-and-columns@https://registry.npmjs.org/lines-and-columns/-/lines-and-columns-1.2.4.tgz 0ms (cache hit)
5031 http cache ts-interface-checker@https://registry.npmjs.org/ts-interface-checker/-/ts-interface-checker-0.1.13.tgz 0ms (cache hit)
5032 http cache type-fest@https://registry.npmjs.org/type-fest/-/type-fest-0.7.1.tgz 0ms (cache hit)
5033 http cache side-channel-weakmap@https://registry.npmjs.org/side-channel-weakmap/-/side-channel-weakmap-1.0.2.tgz 0ms (cache hit)
5034 http cache is-arrayish@https://registry.npmjs.org/is-arrayish/-/is-arrayish-0.3.4.tgz 0ms (cache hit)
5035 http cache side-channel-map@https://registry.npmjs.org/side-channel-map/-/side-channel-map-1.0.1.tgz 0ms (cache hit)
5036 http cache toidentifier@https://registry.npmjs.org/toidentifier/-/toidentifier-1.0.1.tgz 0ms (cache hit)
5037 http cache setprototypeof@https://registry.npmjs.org/setprototypeof/-/setprototypeof-1.2.0.tgz 0ms (cache hit)
5038 http cache side-channel-list@https://registry.npmjs.org/side-channel-list/-/side-channel-list-1.0.1.tgz 0ms (cache hit)
5039 http cache shebang-regex@https://registry.npmjs.org/shebang-regex/-/shebang-regex-3.0.0.tgz 0ms (cache hit)
5040 http cache http-errors@https://registry.npmjs.org/http-errors/-/http-errors-2.0.1.tgz 0ms (cache hit)
5041 http cache mime@https://registry.npmjs.org/mime/-/mime-1.6.0.tgz 0ms (cache hit)
5042 http cache range-parser@https://registry.npmjs.org/range-parser/-/range-parser-1.2.1.tgz 0ms (cache hit)
5043 http cache fresh@https://registry.npmjs.org/fresh/-/fresh-0.5.2.tgz 0ms (cache hit)
5044 http cache destroy@https://registry.npmjs.org/destroy/-/destroy-1.2.0.tgz 0ms (cache hit)
5045 http cache depd@https://registry.npmjs.org/depd/-/depd-2.0.0.tgz 0ms (cache hit)
5046 http cache send@https://registry.npmjs.org/send/-/send-0.19.2.tgz 0ms (cache hit)
5047 http cache etag@https://registry.npmjs.org/etag/-/etag-1.8.1.tgz 0ms (cache hit)
5048 http cache node-exports-info@https://registry.npmjs.org/node-exports-info/-/node-exports-info-1.6.0.tgz 0ms (cache hit)
5049 http cache supports-preserve-symlinks-flag@https://registry.npmjs.org/supports-preserve-symlinks-flag/-/supports-preserve-symlinks-flag-1.0.0.tgz 0ms (cache hit)
5050 http cache isarray@https://registry.npmjs.org/isarray/-/isarray-2.0.5.tgz 0ms (cache hit)
5051 http cache path-parse@https://registry.npmjs.org/path-parse/-/path-parse-1.0.7.tgz 0ms (cache hit)
5052 http cache regjsparser@https://registry.npmjs.org/regjsparser/-/regjsparser-0.13.1.tgz 1ms (cache hit)
5053 http cache unicode-match-property-value-ecmascript@https://registry.npmjs.org/unicode-match-property-value-ecmascript/-/unicode-match-property-value-ecmascript-2.2.1.tgz 0ms (cache hit)
5054 http cache regjsgen@https://registry.npmjs.org/regjsgen/-/regjsgen-0.8.0.tgz 0ms (cache hit)
5055 http cache unicode-match-property-ecmascript@https://registry.npmjs.org/unicode-match-property-ecmascript/-/unicode-match-property-ecmascript-2.0.0.tgz 0ms (cache hit)
5056 http cache regenerate@https://registry.npmjs.org/regenerate/-/regenerate-1.4.2.tgz 0ms (cache hit)
5057 http cache regenerate-unicode-properties@https://registry.npmjs.org/regenerate-unicode-properties/-/regenerate-unicode-properties-10.2.2.tgz 0ms (cache hit)
5058 http cache whatwg-url@https://registry.npmjs.org/whatwg-url/-/whatwg-url-5.0.0.tgz 0ms (cache hit)
5059 http cache @babel/plugin-transform-template-literals@https://registry.npmjs.org/@babel/plugin-transform-template-literals/-/plugin-transform-template-literals-7.27.1.tgz 0ms (cache hit)
5060 http cache css-in-js-utils@https://registry.npmjs.org/css-in-js-utils/-/css-in-js-utils-3.1.0.tgz 0ms (cache hit)
5061 http cache hyphenate-style-name@https://registry.npmjs.org/hyphenate-style-name/-/hyphenate-style-name-1.1.0.tgz 0ms (cache hit)
5062 http cache node-fetch@https://registry.npmjs.org/node-fetch/-/node-fetch-2.7.0.tgz 0ms (cache hit)
5063 http cache fbjs-css-vars@https://registry.npmjs.org/fbjs-css-vars/-/fbjs-css-vars-1.0.2.tgz 0ms (cache hit)
5064 http cache ua-parser-js@https://registry.npmjs.org/ua-parser-js/-/ua-parser-js-1.0.41.tgz 0ms (cache hit)
5065 http cache styleq@https://registry.npmjs.org/styleq/-/styleq-0.1.3.tgz 0ms (cache hit)
5066 http cache postcss-value-parser@https://registry.npmjs.org/postcss-value-parser/-/postcss-value-parser-4.2.0.tgz 0ms (cache hit)
5067 http cache setimmediate@https://registry.npmjs.org/setimmediate/-/setimmediate-1.0.5.tgz 0ms (cache hit)
5068 http cache cross-fetch@https://registry.npmjs.org/cross-fetch/-/cross-fetch-3.2.0.tgz 0ms (cache hit)
5069 http cache @callstack/react-theme-provider@https://registry.npmjs.org/@callstack/react-theme-provider/-/react-theme-provider-3.0.9.tgz 0ms (cache hit)
5070 http cache @types/hammerjs@https://registry.npmjs.org/@types/hammerjs/-/hammerjs-2.0.46.tgz 0ms (cache hit)
5071 http cache inline-style-prefixer@https://registry.npmjs.org/inline-style-prefixer/-/inline-style-prefixer-7.0.1.tgz 0ms (cache hit)
5072 http cache fbjs@https://registry.npmjs.org/fbjs/-/fbjs-3.0.5.tgz 0ms (cache hit)
5073 http cache @egjs/hammerjs@https://registry.npmjs.org/@egjs/hammerjs/-/hammerjs-2.0.17.tgz 0ms (cache hit)
5074 http cache react-freeze@https://registry.npmjs.org/react-freeze/-/react-freeze-1.0.4.tgz 0ms (cache hit)
5075 http cache hoist-non-react-statics@https://registry.npmjs.org/hoist-non-react-statics/-/hoist-non-react-statics-3.3.2.tgz 0ms (cache hit)
5076 http cache shell-quote@https://registry.npmjs.org/shell-quote/-/shell-quote-1.8.3.tgz 0ms (cache hit)
5077 http cache asap@https://registry.npmjs.org/asap/-/asap-2.0.6.tgz 0ms (cache hit)
5078 http cache @types/stack-utils@https://registry.npmjs.org/@types/stack-utils/-/stack-utils-2.0.3.tgz 0ms (cache hit)
5079 http cache marky@https://registry.npmjs.org/marky/-/marky-1.3.0.tgz 0ms (cache hit)
5080 http cache @types/graceful-fs@https://registry.npmjs.org/@types/graceful-fs/-/graceful-fs-4.1.9.tgz 0ms (cache hit)
5081 http cache stack-utils@https://registry.npmjs.org/stack-utils/-/stack-utils-2.0.6.tgz 0ms (cache hit)
5082 http cache normalize-path@https://registry.npmjs.org/normalize-path/-/normalize-path-3.0.0.tgz 0ms (cache hit)
5083 http cache @sinonjs/commons@https://registry.npmjs.org/@sinonjs/commons/-/commons-3.0.1.tgz 0ms (cache hit)
5084 http cache anymatch@https://registry.npmjs.org/anymatch/-/anymatch-3.1.3.tgz 0ms (cache hit)
5085 http cache type-detect@https://registry.npmjs.org/type-detect/-/type-detect-4.0.8.tgz 0ms (cache hit)
5086 http cache @sinonjs/fake-timers@https://registry.npmjs.org/@sinonjs/fake-timers/-/fake-timers-10.3.0.tgz 0ms (cache hit)
5087 http cache jest-message-util@https://registry.npmjs.org/jest-message-util/-/jest-message-util-29.7.0.tgz 0ms (cache hit)
5088 http cache jest-mock@https://registry.npmjs.org/jest-mock/-/jest-mock-29.7.0.tgz 0ms (cache hit)
5089 http cache @jest/fake-timers@https://registry.npmjs.org/@jest/fake-timers/-/fake-timers-29.7.0.tgz 0ms (cache hit)
5090 http cache @jest/environment@https://registry.npmjs.org/@jest/environment/-/environment-29.7.0.tgz 0ms (cache hit)
5091 http cache istanbul-lib-coverage@https://registry.npmjs.org/istanbul-lib-coverage/-/istanbul-lib-coverage-3.2.2.tgz 0ms (cache hit)
5092 http cache rimraf@https://registry.npmjs.org/rimraf/-/rimraf-3.0.2.tgz 0ms (cache hit)
5093 http cache is-docker@https://registry.npmjs.org/is-docker/-/is-docker-2.2.1.tgz 0ms (cache hit)
5094 http cache mkdirp@https://registry.npmjs.org/mkdirp/-/mkdirp-1.0.4.tgz 0ms (cache hit)
5095 http cache lighthouse-logger@https://registry.npmjs.org/lighthouse-logger/-/lighthouse-logger-1.4.2.tgz 0ms (cache hit)
5096 http cache @babel/plugin-syntax-top-level-await@https://registry.npmjs.org/@babel/plugin-syntax-top-level-await/-/plugin-syntax-top-level-await-7.14.5.tgz 0ms (cache hit)
5097 http cache is-wsl@https://registry.npmjs.org/is-wsl/-/is-wsl-2.2.0.tgz 0ms (cache hit)
5098 http cache @babel/plugin-syntax-private-property-in-object@https://registry.npmjs.org/@babel/plugin-syntax-private-property-in-object/-/plugin-syntax-private-property-in-object-7.14.5.tgz 0ms (cache hit)
5099 http cache @babel/plugin-syntax-optional-catch-binding@https://registry.npmjs.org/@babel/plugin-syntax-optional-catch-binding/-/plugin-syntax-optional-catch-binding-7.8.3.tgz 0ms (cache hit)
5100 http cache @babel/plugin-syntax-object-rest-spread@https://registry.npmjs.org/@babel/plugin-syntax-object-rest-spread/-/plugin-syntax-object-rest-spread-7.8.3.tgz 0ms (cache hit)
5101 http cache @babel/plugin-syntax-logical-assignment-operators@https://registry.npmjs.org/@babel/plugin-syntax-logical-assignment-operators/-/plugin-syntax-logical-assignment-operators-7.10.4.tgz 0ms (cache hit)
5102 http cache @babel/plugin-syntax-numeric-separator@https://registry.npmjs.org/@babel/plugin-syntax-numeric-separator/-/plugin-syntax-numeric-separator-7.10.4.tgz 0ms (cache hit)
5103 http cache @babel/plugin-syntax-import-meta@https://registry.npmjs.org/@babel/plugin-syntax-import-meta/-/plugin-syntax-import-meta-7.10.4.tgz 0ms (cache hit)
5104 http cache @babel/plugin-syntax-json-strings@https://registry.npmjs.org/@babel/plugin-syntax-json-strings/-/plugin-syntax-json-strings-7.8.3.tgz 0ms (cache hit)
5105 http cache @babel/plugin-syntax-import-attributes@https://registry.npmjs.org/@babel/plugin-syntax-import-attributes/-/plugin-syntax-import-attributes-7.28.6.tgz 0ms (cache hit)
5106 http cache @babel/plugin-syntax-class-static-block@https://registry.npmjs.org/@babel/plugin-syntax-class-static-block/-/plugin-syntax-class-static-block-7.14.5.tgz 0ms (cache hit)
5107 http cache @babel/plugin-syntax-class-properties@https://registry.npmjs.org/@babel/plugin-syntax-class-properties/-/plugin-syntax-class-properties-7.12.13.tgz 0ms (cache hit)
5108 http cache @babel/plugin-syntax-async-generators@https://registry.npmjs.org/@babel/plugin-syntax-async-generators/-/plugin-syntax-async-generators-7.8.4.tgz 0ms (cache hit)
5109 http cache @babel/plugin-syntax-bigint@https://registry.npmjs.org/@babel/plugin-syntax-bigint/-/plugin-syntax-bigint-7.8.3.tgz 0ms (cache hit)
5110 http cache babel-preset-current-node-syntax@https://registry.npmjs.org/babel-preset-current-node-syntax/-/babel-preset-current-node-syntax-1.2.0.tgz 0ms (cache hit)
5111 http cache get-package-type@https://registry.npmjs.org/get-package-type/-/get-package-type-0.1.0.tgz 0ms (cache hit)
5112 http cache test-exclude@https://registry.npmjs.org/test-exclude/-/test-exclude-6.0.0.tgz 0ms (cache hit)
5113 http cache babel-plugin-jest-hoist@https://registry.npmjs.org/babel-plugin-jest-hoist/-/babel-plugin-jest-hoist-29.6.3.tgz 0ms (cache hit)
5114 http cache istanbul-lib-instrument@https://registry.npmjs.org/istanbul-lib-instrument/-/istanbul-lib-instrument-5.2.1.tgz 0ms (cache hit)
5115 http cache @istanbuljs/schema@https://registry.npmjs.org/@istanbuljs/schema/-/schema-0.1.6.tgz 0ms (cache hit)
5116 http cache @istanbuljs/load-nyc-config@https://registry.npmjs.org/@istanbuljs/load-nyc-config/-/load-nyc-config-1.1.0.tgz 1ms (cache hit)
5117 http cache write-file-atomic@https://registry.npmjs.org/write-file-atomic/-/write-file-atomic-4.0.2.tgz 0ms (cache hit)
5118 http cache pirates@https://registry.npmjs.org/pirates/-/pirates-4.0.7.tgz 0ms (cache hit)
5119 http cache @types/babel__template@https://registry.npmjs.org/@types/babel__template/-/babel__template-7.4.4.tgz 0ms (cache hit)
5120 http cache @types/babel__traverse@https://registry.npmjs.org/@types/babel__traverse/-/babel__traverse-7.28.0.tgz 0ms (cache hit)
5121 http cache @types/babel__generator@https://registry.npmjs.org/@types/babel__generator/-/babel__generator-7.27.0.tgz 0ms (cache hit)
5122 http cache jest-regex-util@https://registry.npmjs.org/jest-regex-util/-/jest-regex-util-29.6.3.tgz 0ms (cache hit)
5123 http cache jest-haste-map@https://registry.npmjs.org/jest-haste-map/-/jest-haste-map-29.7.0.tgz 0ms (cache hit)
5124 http cache babel-preset-jest@https://registry.npmjs.org/babel-preset-jest/-/babel-preset-jest-29.6.3.tgz 0ms (cache hit)
5125 http cache babel-plugin-istanbul@https://registry.npmjs.org/babel-plugin-istanbul/-/babel-plugin-istanbul-6.1.1.tgz 1ms (cache hit)
5126 http cache @jest/transform@https://registry.npmjs.org/@jest/transform/-/transform-29.7.0.tgz 0ms (cache hit)
5127 http cache serve-static@https://registry.npmjs.org/serve-static/-/serve-static-1.16.3.tgz 0ms (cache hit)
5128 http cache event-target-shim@https://registry.npmjs.org/event-target-shim/-/event-target-shim-5.0.1.tgz 0ms (cache hit)
5129 http cache open@https://registry.npmjs.org/open/-/open-7.4.2.tgz 0ms (cache hit)
5130 http cache @types/babel__core@https://registry.npmjs.org/@types/babel__core/-/babel__core-7.20.5.tgz 0ms (cache hit)
5131 http cache chromium-edge-launcher@https://registry.npmjs.org/chromium-edge-launcher/-/chromium-edge-launcher-0.2.0.tgz 0ms (cache hit)
5132 http cache @react-native/debugger-frontend@https://registry.npmjs.org/@react-native/debugger-frontend/-/debugger-frontend-0.81.5.tgz 0ms (cache hit)
5133 http cache chrome-launcher@https://registry.npmjs.org/chrome-launcher/-/chrome-launcher-0.15.2.tgz 0ms (cache hit)
5134 http cache @isaacs/ttlcache@https://registry.npmjs.org/@isaacs/ttlcache/-/ttlcache-1.4.1.tgz 0ms (cache hit)
5135 http cache @react-native/dev-middleware@https://registry.npmjs.org/@react-native/dev-middleware/-/dev-middleware-0.81.5.tgz 0ms (cache hit)
5136 http cache whatwg-fetch@https://registry.npmjs.org/whatwg-fetch/-/whatwg-fetch-3.6.20.tgz 0ms (cache hit)
5137 http cache stacktrace-parser@https://registry.npmjs.org/stacktrace-parser/-/stacktrace-parser-0.1.11.tgz 0ms (cache hit)
5138 http cache regenerator-runtime@https://registry.npmjs.org/regenerator-runtime/-/regenerator-runtime-0.13.11.tgz 0ms (cache hit)
5139 http cache react-devtools-core@https://registry.npmjs.org/react-devtools-core/-/react-devtools-core-6.1.5.tgz 0ms (cache hit)
5140 http cache promise@https://registry.npmjs.org/promise/-/promise-8.3.0.tgz 0ms (cache hit)
5141 http cache memoize-one@https://registry.npmjs.org/memoize-one/-/memoize-one-5.2.1.tgz 0ms (cache hit)
5142 http cache jest-environment-node@https://registry.npmjs.org/jest-environment-node/-/jest-environment-node-29.7.0.tgz 0ms (cache hit)
5143 http cache ansi-regex@https://registry.npmjs.org/ansi-regex/-/ansi-regex-5.0.1.tgz 0ms (cache hit)
5144 http cache babel-jest@https://registry.npmjs.org/babel-jest/-/babel-jest-29.7.0.tgz 0ms (cache hit)
5145 http cache anser@https://registry.npmjs.org/anser/-/anser-1.4.10.tgz 0ms (cache hit)
5146 http cache abort-controller@https://registry.npmjs.org/abort-controller/-/abort-controller-3.0.0.tgz 0ms (cache hit)
5147 http cache @react-native/gradle-plugin@https://registry.npmjs.org/@react-native/gradle-plugin/-/gradle-plugin-0.81.5.tgz 0ms (cache hit)
5148 http cache @react-native/js-polyfills@https://registry.npmjs.org/@react-native/js-polyfills/-/js-polyfills-0.81.5.tgz 0ms (cache hit)
5149 http cache @jest/create-cache-key-function@https://registry.npmjs.org/@jest/create-cache-key-function/-/create-cache-key-function-29.7.0.tgz 0ms (cache hit)
5150 http cache scheduler@https://registry.npmjs.org/scheduler/-/scheduler-0.26.0.tgz 1ms (cache hit)
5151 http cache @react-native/assets-registry@https://registry.npmjs.org/@react-native/assets-registry/-/assets-registry-0.81.5.tgz 0ms (cache hit)
5152 http cache @react-native/community-cli-plugin@https://registry.npmjs.org/@react-native/community-cli-plugin/-/community-cli-plugin-0.81.5.tgz 0ms (cache hit)
5153 http cache inherits@https://registry.npmjs.org/inherits/-/inherits-2.0.4.tgz 0ms (cache hit)
5154 http cache strict-uri-encode@https://registry.npmjs.org/strict-uri-encode/-/strict-uri-encode-2.0.0.tgz 0ms (cache hit)
5155 http cache split-on-first@https://registry.npmjs.org/split-on-first/-/split-on-first-1.1.0.tgz 0ms (cache hit)
5156 http cache object-assign@https://registry.npmjs.org/object-assign/-/object-assign-4.1.1.tgz 0ms (cache hit)
5157 http cache filter-obj@https://registry.npmjs.org/filter-obj/-/filter-obj-1.1.0.tgz 0ms (cache hit)
5158 http cache source-map-js@https://registry.npmjs.org/source-map-js/-/source-map-js-1.2.1.tgz 0ms (cache hit)
5159 http cache decode-uri-component@https://registry.npmjs.org/decode-uri-component/-/decode-uri-component-0.2.2.tgz 0ms (cache hit)
5160 http cache pngjs@https://registry.npmjs.org/pngjs/-/pngjs-3.4.0.tgz 0ms (cache hit)
5161 http cache yocto-queue@https://registry.npmjs.org/yocto-queue/-/yocto-queue-0.1.0.tgz 0ms (cache hit)
5162 http cache callsites@https://registry.npmjs.org/callsites/-/callsites-3.1.0.tgz 0ms (cache hit)
5163 http cache word-wrap@https://registry.npmjs.org/word-wrap/-/word-wrap-1.2.5.tgz 0ms (cache hit)
5164 http cache fast-levenshtein@https://registry.npmjs.org/fast-levenshtein/-/fast-levenshtein-2.0.6.tgz 0ms (cache hit)
5165 http cache ee-first@https://registry.npmjs.org/ee-first/-/ee-first-1.1.1.tgz 0ms (cache hit)
5166 http cache deep-is@https://registry.npmjs.org/deep-is/-/deep-is-0.1.4.tgz 0ms (cache hit)
5167 http cache concat-map@https://registry.npmjs.org/concat-map/-/concat-map-0.0.1.tgz 0ms (cache hit)
5168 http cache brace-expansion@https://registry.npmjs.org/brace-expansion/-/brace-expansion-1.1.14.tgz 0ms (cache hit)
5169 http cache mime-db@https://registry.npmjs.org/mime-db/-/mime-db-1.52.0.tgz 0ms (cache hit)
5170 http cache fill-range@https://registry.npmjs.org/fill-range/-/fill-range-7.1.1.tgz 0ms (cache hit)
5171 http cache to-regex-range@https://registry.npmjs.org/to-regex-range/-/to-regex-range-5.0.1.tgz 0ms (cache hit)
5172 http cache braces@https://registry.npmjs.org/braces/-/braces-3.0.3.tgz 0ms (cache hit)
5173 http cache vlq@https://registry.npmjs.org/vlq/-/vlq-1.0.1.tgz 0ms (cache hit)
5174 http cache @babel/traverse--for-generate-function-map@https://registry.npmjs.org/@babel/traverse/-/traverse-7.29.0.tgz 0ms (cache hit)
5175 http cache ob1@https://registry.npmjs.org/ob1/-/ob1-0.83.3.tgz 0ms (cache hit)
5176 http cache terser@https://registry.npmjs.org/terser/-/terser-5.46.2.tgz 0ms (cache hit)
5177 http cache node-int64@https://registry.npmjs.org/node-int64/-/node-int64-0.4.0.tgz 0ms (cache hit)
5178 http cache walker@https://registry.npmjs.org/walker/-/walker-1.0.8.tgz 0ms (cache hit)
5179 http cache bser@https://registry.npmjs.org/bser/-/bser-2.1.1.tgz 1ms (cache hit)
5180 http cache micromatch@https://registry.npmjs.org/micromatch/-/micromatch-4.0.8.tgz 0ms (cache hit)
5181 http cache fb-watchman@https://registry.npmjs.org/fb-watchman/-/fb-watchman-2.0.2.tgz 0ms (cache hit)
5182 http cache leven@https://registry.npmjs.org/leven/-/leven-3.1.0.tgz 0ms (cache hit)
5183 http cache camelcase@https://registry.npmjs.org/camelcase/-/camelcase-6.3.0.tgz 0ms (cache hit)
5184 http cache jest-get-type@https://registry.npmjs.org/jest-get-type/-/jest-get-type-29.6.3.tgz 0ms (cache hit)
5185 http cache yaml@https://registry.npmjs.org/yaml/-/yaml-2.8.3.tgz 0ms (cache hit)
5186 http cache jest-validate@https://registry.npmjs.org/jest-validate/-/jest-validate-29.7.0.tgz 1ms (cache hit)
5187 http cache agent-base@https://registry.npmjs.org/agent-base/-/agent-base-7.1.4.tgz 0ms (cache hit)
5188 http cache @types/yargs-parser@https://registry.npmjs.org/@types/yargs-parser/-/yargs-parser-21.0.3.tgz 0ms (cache hit)
5189 http cache https-proxy-agent@https://registry.npmjs.org/https-proxy-agent/-/https-proxy-agent-7.0.6.tgz 0ms (cache hit)
5190 http cache exponential-backoff@https://registry.npmjs.org/exponential-backoff/-/exponential-backoff-3.1.3.tgz 0ms (cache hit)
5191 http cache @sinclair/typebox@https://registry.npmjs.org/@sinclair/typebox/-/typebox-0.27.10.tgz 0ms (cache hit)
5192 http cache @types/istanbul-lib-report@https://registry.npmjs.org/@types/istanbul-lib-report/-/istanbul-lib-report-3.0.3.tgz 0ms (cache hit)
5193 http cache @types/yargs@https://registry.npmjs.org/@types/yargs/-/yargs-17.0.35.tgz 1ms (cache hit)
5194 http cache @jest/schemas@https://registry.npmjs.org/@jest/schemas/-/schemas-29.6.3.tgz 0ms (cache hit)
5195 http cache @types/istanbul-reports@https://registry.npmjs.org/@types/istanbul-reports/-/istanbul-reports-3.0.4.tgz 0ms (cache hit)
5196 http cache @types/istanbul-lib-coverage@https://registry.npmjs.org/@types/istanbul-lib-coverage/-/istanbul-lib-coverage-2.0.6.tgz 0ms (cache hit)
5197 http cache @jest/types@https://registry.npmjs.org/@jest/types/-/types-29.6.3.tgz 0ms (cache hit)
5198 http cache picomatch@https://registry.npmjs.org/picomatch/-/picomatch-2.3.2.tgz 0ms (cache hit)
5199 http cache @types/node@https://registry.npmjs.org/@types/node/-/node-25.6.0.tgz 0ms (cache hit)
5200 http cache undici-types@https://registry.npmjs.org/undici-types/-/undici-types-7.19.2.tgz 0ms (cache hit)
5201 http cache merge-stream@https://registry.npmjs.org/merge-stream/-/merge-stream-2.0.0.tgz 0ms (cache hit)
5202 http cache jest-util@https://registry.npmjs.org/jest-util/-/jest-util-29.7.0.tgz 0ms (cache hit)
5203 http cache queue@https://registry.npmjs.org/queue/-/queue-6.0.2.tgz 0ms (cache hit)
5204 http cache unpipe@https://registry.npmjs.org/unpipe/-/unpipe-1.0.0.tgz 0ms (cache hit)
5205 http cache statuses@https://registry.npmjs.org/statuses/-/statuses-1.5.0.tgz 0ms (cache hit)
5206 http cache on-finished@https://registry.npmjs.org/on-finished/-/on-finished-2.3.0.tgz 0ms (cache hit)
5207 http cache encodeurl@https://registry.npmjs.org/encodeurl/-/encodeurl-1.0.2.tgz 0ms (cache hit)
5208 http cache escape-html@https://registry.npmjs.org/escape-html/-/escape-html-1.0.3.tgz 0ms (cache hit)
5209 http cache stackframe@https://registry.npmjs.org/stackframe/-/stackframe-1.3.4.tgz 1ms (cache hit)
5210 http cache parseurl@https://registry.npmjs.org/parseurl/-/parseurl-1.3.3.tgz 0ms (cache hit)
5211 http cache utils-merge@https://registry.npmjs.org/utils-merge/-/utils-merge-1.0.1.tgz 0ms (cache hit)
5212 http cache ws@https://registry.npmjs.org/ws/-/ws-7.5.10.tgz 0ms (cache hit)
5213 http cache negotiator@https://registry.npmjs.org/negotiator/-/negotiator-0.6.3.tgz 0ms (cache hit)
5214 http cache finalhandler@https://registry.npmjs.org/finalhandler/-/finalhandler-1.1.2.tgz 0ms (cache hit)
5215 http cache throat@https://registry.npmjs.org/throat/-/throat-5.0.0.tgz 0ms (cache hit)
5216 http cache image-size@https://registry.npmjs.org/image-size/-/image-size-1.2.1.tgz 0ms (cache hit)
5217 http cache serialize-error@https://registry.npmjs.org/serialize-error/-/serialize-error-2.1.0.tgz 0ms (cache hit)
5218 http cache jest-worker@https://registry.npmjs.org/jest-worker/-/jest-worker-29.7.0.tgz 0ms (cache hit)
5219 http cache source-map@https://registry.npmjs.org/source-map/-/source-map-0.5.7.tgz 0ms (cache hit)
5220 http cache lodash.throttle@https://registry.npmjs.org/lodash.throttle/-/lodash.throttle-4.1.1.tgz 0ms (cache hit)
5221 http cache graceful-fs@https://registry.npmjs.org/graceful-fs/-/graceful-fs-4.2.11.tgz 0ms (cache hit)
5222 http cache error-stack-parser@https://registry.npmjs.org/error-stack-parser/-/error-stack-parser-2.1.4.tgz 0ms (cache hit)
5223 http cache flow-enums-runtime@https://registry.npmjs.org/flow-enums-runtime/-/flow-enums-runtime-0.0.6.tgz 0ms (cache hit)
5224 http cache ci-info@https://registry.npmjs.org/ci-info/-/ci-info-2.0.0.tgz 0ms (cache hit)
5225 http cache accepts@https://registry.npmjs.org/accepts/-/accepts-1.3.8.tgz 1ms (cache hit)
5226 http cache yallist@https://registry.npmjs.org/yallist/-/yallist-3.1.1.tgz 0ms (cache hit)
5227 http cache p-locate@https://registry.npmjs.org/p-locate/-/p-locate-5.0.0.tgz 0ms (cache hit)
5228 http cache detect-libc@https://registry.npmjs.org/detect-libc/-/detect-libc-2.1.2.tgz 0ms (cache hit)
5229 http cache lightningcss-win32-x64-msvc@https://registry.npmjs.org/lightningcss-win32-x64-msvc/-/lightningcss-win32-x64-msvc-1.32.0.tgz 0ms (cache hit)
5230 http cache prelude-ls@https://registry.npmjs.org/prelude-ls/-/prelude-ls-1.2.1.tgz 0ms (cache hit)
5231 http cache connect@https://registry.npmjs.org/connect/-/connect-3.7.0.tgz 0ms (cache hit)
5232 http cache is-extglob@https://registry.npmjs.org/is-extglob/-/is-extglob-2.1.1.tgz 0ms (cache hit)
5233 http cache type-check@https://registry.npmjs.org/type-check/-/type-check-0.4.0.tgz 0ms (cache hit)
5234 http cache json-buffer@https://registry.npmjs.org/json-buffer/-/json-buffer-3.0.1.tgz 0ms (cache hit)
5235 http cache argparse@https://registry.npmjs.org/argparse/-/argparse-2.0.1.tgz 0ms (cache hit)
5236 http cache side-channel@https://registry.npmjs.org/side-channel/-/side-channel-1.1.0.tgz 1ms (cache hit)
5237 http cache loose-envify@https://registry.npmjs.org/loose-envify/-/loose-envify-1.4.0.tgz 0ms (cache hit)
5238 http cache parent-module@https://registry.npmjs.org/parent-module/-/parent-module-1.0.1.tgz 0ms (cache hit)
5239 http cache hermes-estree@https://registry.npmjs.org/hermes-estree/-/hermes-estree-0.29.1.tgz 0ms (cache hit)
5240 http cache minipass@https://registry.npmjs.org/minipass/-/minipass-7.1.3.tgz 1ms (cache hit)
5241 http cache path-scurry@https://registry.npmjs.org/path-scurry/-/path-scurry-2.0.2.tgz 0ms (cache hit)
5242 http cache dunder-proto@https://registry.npmjs.org/dunder-proto/-/dunder-proto-1.0.1.tgz 0ms (cache hit)
5243 http cache mime-types@https://registry.npmjs.org/mime-types/-/mime-types-2.1.35.tgz 0ms (cache hit)
5244 http cache functions-have-names@https://registry.npmjs.org/functions-have-names/-/functions-have-names-1.2.3.tgz 0ms (cache hit)
5245 http cache resolve-pkg-maps@https://registry.npmjs.org/resolve-pkg-maps/-/resolve-pkg-maps-1.0.0.tgz 0ms (cache hit)
5246 http cache delayed-stream@https://registry.npmjs.org/delayed-stream/-/delayed-stream-1.0.0.tgz 0ms (cache hit)
5247 http cache keyv@https://registry.npmjs.org/keyv/-/keyv-4.5.4.tgz 0ms (cache hit)
5248 http cache asynckit@https://registry.npmjs.org/asynckit/-/asynckit-0.4.0.tgz 0ms (cache hit)
5249 http cache set-function-name@https://registry.npmjs.org/set-function-name/-/set-function-name-2.0.2.tgz 0ms (cache hit)
5250 http cache combined-stream@https://registry.npmjs.org/combined-stream/-/combined-stream-1.0.8.tgz 2ms (cache hit)
5251 http cache flatted@https://registry.npmjs.org/flatted/-/flatted-3.4.2.tgz 0ms (cache hit)
5252 http cache uuid@https://registry.npmjs.org/uuid/-/uuid-7.0.3.tgz 0ms (cache hit)
5253 http cache flat-cache@https://registry.npmjs.org/flat-cache/-/flat-cache-4.0.1.tgz 0ms (cache hit)
5254 http cache balanced-match@https://registry.npmjs.org/balanced-match/-/balanced-match-1.0.2.tgz 0ms (cache hit)
5255 http cache locate-path@https://registry.npmjs.org/locate-path/-/locate-path-6.0.0.tgz 0ms (cache hit)
5256 http cache react-native-is-edge-to-edge@https://registry.npmjs.org/react-native-is-edge-to-edge/-/react-native-is-edge-to-edge-1.3.1.tgz 0ms (cache hit)
5257 http cache path-exists@https://registry.npmjs.org/path-exists/-/path-exists-4.0.0.tgz 0ms (cache hit)
5258 http cache fontfaceobserver@https://registry.npmjs.org/fontfaceobserver/-/fontfaceobserver-2.3.0.tgz 0ms (cache hit)
5259 http cache @react-native/normalize-colors@https://registry.npmjs.org/@react-native/normalize-colors/-/normalize-colors-0.81.5.tgz 0ms (cache hit)
5260 http cache commander@https://registry.npmjs.org/commander/-/commander-7.2.0.tgz 0ms (cache hit)
5261 http cache @expo/prebuild-config@https://registry.npmjs.org/@expo/prebuild-config/-/prebuild-config-54.0.8.tgz 0ms (cache hit)
5262 http cache @expo/require-utils@https://registry.npmjs.org/@expo/require-utils/-/require-utils-55.0.4.tgz 0ms (cache hit)
5263 http cache @expo/image-utils@https://registry.npmjs.org/@expo/image-utils/-/image-utils-0.8.13.tgz 0ms (cache hit)
5264 http cache typescript@https://registry.npmjs.org/typescript/-/typescript-5.9.3.tgz 0ms (cache hit)
5265 http cache parse-png@https://registry.npmjs.org/parse-png/-/parse-png-2.1.0.tgz 0ms (cache hit)
5266 http cache jimp-compact@https://registry.npmjs.org/jimp-compact/-/jimp-compact-0.16.1.tgz 0ms (cache hit)
5267 http cache @babel/helper-define-polyfill-provider@https://registry.npmjs.org/@babel/helper-define-polyfill-provider/-/helper-define-polyfill-provider-0.6.8.tgz 0ms (cache hit)
5268 http cache core-js-compat@https://registry.npmjs.org/core-js-compat/-/core-js-compat-3.49.0.tgz 0ms (cache hit)
5269 http cache lodash.debounce@https://registry.npmjs.org/lodash.debounce/-/lodash.debounce-4.0.8.tgz 0ms (cache hit)
5270 http cache yargs@https://registry.npmjs.org/yargs/-/yargs-17.7.2.tgz 0ms (cache hit)
5271 http cache @react-native/codegen@https://registry.npmjs.org/@react-native/codegen/-/codegen-0.81.5.tgz 0ms (cache hit)
5272 http cache invariant@https://registry.npmjs.org/invariant/-/invariant-2.2.4.tgz 0ms (cache hit)
5273 http cache nullthrows@https://registry.npmjs.org/nullthrows/-/nullthrows-1.1.1.tgz 0ms (cache hit)
5274 http cache @babel/helper-create-regexp-features-plugin@https://registry.npmjs.org/@babel/helper-create-regexp-features-plugin/-/helper-create-regexp-features-plugin-7.28.5.tgz 0ms (cache hit)
5275 http cache regexpu-core@https://registry.npmjs.org/regexpu-core/-/regexpu-core-6.4.0.tgz 0ms (cache hit)
5276 http cache @react-native/babel-plugin-codegen@https://registry.npmjs.org/@react-native/babel-plugin-codegen/-/babel-plugin-codegen-0.81.5.tgz 0ms (cache hit)
5277 http cache @babel/helper-wrap-function@https://registry.npmjs.org/@babel/helper-wrap-function/-/helper-wrap-function-7.28.6.tgz 0ms (cache hit)
5278 http cache @babel/plugin-transform-unicode-regex@https://registry.npmjs.org/@babel/plugin-transform-unicode-regex/-/plugin-transform-unicode-regex-7.27.1.tgz 0ms (cache hit)
5279 http cache @babel/plugin-transform-sticky-regex@https://registry.npmjs.org/@babel/plugin-transform-sticky-regex/-/plugin-transform-sticky-regex-7.27.1.tgz 0ms (cache hit)
5280 http cache @babel/helper-remap-async-to-generator@https://registry.npmjs.org/@babel/helper-remap-async-to-generator/-/helper-remap-async-to-generator-7.27.1.tgz 0ms (cache hit)
5281 http cache @babel/plugin-transform-spread@https://registry.npmjs.org/@babel/plugin-transform-spread/-/plugin-transform-spread-7.28.6.tgz 0ms (cache hit)
5282 http cache @babel/plugin-transform-regenerator@https://registry.npmjs.org/@babel/plugin-transform-regenerator/-/plugin-transform-regenerator-7.29.0.tgz 0ms (cache hit)
5283 http cache @babel/plugin-transform-shorthand-properties@https://registry.npmjs.org/@babel/plugin-transform-shorthand-properties/-/plugin-transform-shorthand-properties-7.27.1.tgz 0ms (cache hit)
5284 http cache @babel/plugin-transform-react-jsx-source@https://registry.npmjs.org/@babel/plugin-transform-react-jsx-source/-/plugin-transform-react-jsx-source-7.27.1.tgz 0ms (cache hit)
5285 http cache @babel/plugin-transform-react-jsx-self@https://registry.npmjs.org/@babel/plugin-transform-react-jsx-self/-/plugin-transform-react-jsx-self-7.27.1.tgz 0ms (cache hit)
5286 http cache @babel/plugin-transform-numeric-separator@https://registry.npmjs.org/@babel/plugin-transform-numeric-separator/-/plugin-transform-numeric-separator-7.28.6.tgz 0ms (cache hit)
5287 http cache @babel/plugin-transform-named-capturing-groups-regex@https://registry.npmjs.org/@babel/plugin-transform-named-capturing-groups-regex/-/plugin-transform-named-capturing-groups-regex-7.29.0.tgz 0ms (cache hit)
5288 http cache @babel/plugin-transform-optional-catch-binding@https://registry.npmjs.org/@babel/plugin-transform-optional-catch-binding/-/plugin-transform-optional-catch-binding-7.28.6.tgz 0ms (cache hit)
5289 http cache @babel/plugin-transform-literals@https://registry.npmjs.org/@babel/plugin-transform-literals/-/plugin-transform-literals-7.27.1.tgz 0ms (cache hit)
5290 http cache @babel/plugin-transform-nullish-coalescing-operator@https://registry.npmjs.org/@babel/plugin-transform-nullish-coalescing-operator/-/plugin-transform-nullish-coalescing-operator-7.28.6.tgz 0ms (cache hit)
5291 http cache @babel/plugin-transform-function-name@https://registry.npmjs.org/@babel/plugin-transform-function-name/-/plugin-transform-function-name-7.27.1.tgz 0ms (cache hit)
5292 http cache @babel/plugin-transform-logical-assignment-operators@https://registry.npmjs.org/@babel/plugin-transform-logical-assignment-operators/-/plugin-transform-logical-assignment-operators-7.28.6.tgz 0ms (cache hit)
5293 http cache @babel/plugin-transform-classes@https://registry.npmjs.org/@babel/plugin-transform-classes/-/plugin-transform-classes-7.28.6.tgz 0ms (cache hit)
5294 http cache @babel/plugin-transform-computed-properties@https://registry.npmjs.org/@babel/plugin-transform-computed-properties/-/plugin-transform-computed-properties-7.28.6.tgz 0ms (cache hit)
5295 http cache @babel/plugin-transform-class-properties@https://registry.npmjs.org/@babel/plugin-transform-class-properties/-/plugin-transform-class-properties-7.28.6.tgz 0ms (cache hit)
5296 http cache @babel/plugin-transform-block-scoping@https://registry.npmjs.org/@babel/plugin-transform-block-scoping/-/plugin-transform-block-scoping-7.28.6.tgz 0ms (cache hit)
5297 http cache @babel/plugin-transform-for-of@https://registry.npmjs.org/@babel/plugin-transform-for-of/-/plugin-transform-for-of-7.27.1.tgz 0ms (cache hit)
5298 http cache @babel/plugin-transform-arrow-functions@https://registry.npmjs.org/@babel/plugin-transform-arrow-functions/-/plugin-transform-arrow-functions-7.27.1.tgz 0ms (cache hit)
5299 http cache @babel/plugin-transform-async-generator-functions@https://registry.npmjs.org/@babel/plugin-transform-async-generator-functions/-/plugin-transform-async-generator-functions-7.29.0.tgz 0ms (cache hit)
5300 http cache @babel/plugin-syntax-nullish-coalescing-operator@https://registry.npmjs.org/@babel/plugin-syntax-nullish-coalescing-operator/-/plugin-syntax-nullish-coalescing-operator-7.8.3.tgz 0ms (cache hit)
5301 http cache @babel/plugin-syntax-dynamic-import@https://registry.npmjs.org/@babel/plugin-syntax-dynamic-import/-/plugin-syntax-dynamic-import-7.8.3.tgz 0ms (cache hit)
5302 http cache @babel/plugin-syntax-optional-chaining@https://registry.npmjs.org/@babel/plugin-syntax-optional-chaining/-/plugin-syntax-optional-chaining-7.8.3.tgz 0ms (cache hit)
5303 http cache @babel/plugin-transform-react-pure-annotations@https://registry.npmjs.org/@babel/plugin-transform-react-pure-annotations/-/plugin-transform-react-pure-annotations-7.27.1.tgz 0ms (cache hit)
5304 http cache @babel/plugin-transform-react-jsx-development@https://registry.npmjs.org/@babel/plugin-transform-react-jsx-development/-/plugin-transform-react-jsx-development-7.27.1.tgz 0ms (cache hit)
5305 http cache @babel/plugin-syntax-jsx@https://registry.npmjs.org/@babel/plugin-syntax-jsx/-/plugin-syntax-jsx-7.28.6.tgz 0ms (cache hit)
5306 http cache @babel/plugin-transform-typescript@https://registry.npmjs.org/@babel/plugin-transform-typescript/-/plugin-transform-typescript-7.28.6.tgz 0ms (cache hit)
5307 http cache babel-plugin-polyfill-regenerator@https://registry.npmjs.org/babel-plugin-polyfill-regenerator/-/babel-plugin-polyfill-regenerator-0.6.8.tgz 0ms (cache hit)
5308 http cache @babel/plugin-transform-react-display-name@https://registry.npmjs.org/@babel/plugin-transform-react-display-name/-/plugin-transform-react-display-name-7.28.0.tgz 0ms (cache hit)
5309 http cache @babel/helper-replace-supers@https://registry.npmjs.org/@babel/helper-replace-supers/-/helper-replace-supers-7.28.6.tgz 0ms (cache hit)
5310 http cache @babel/plugin-transform-destructuring@https://registry.npmjs.org/@babel/plugin-transform-destructuring/-/plugin-transform-destructuring-7.28.5.tgz 0ms (cache hit)
5311 http cache @babel/helper-skip-transparent-expression-wrappers@https://registry.npmjs.org/@babel/helper-skip-transparent-expression-wrappers/-/helper-skip-transparent-expression-wrappers-7.27.1.tgz 0ms (cache hit)
5312 http cache @babel/plugin-syntax-flow@https://registry.npmjs.org/@babel/plugin-syntax-flow/-/plugin-syntax-flow-7.28.6.tgz 0ms (cache hit)
5313 http cache babel-plugin-polyfill-corejs3@https://registry.npmjs.org/babel-plugin-polyfill-corejs3/-/babel-plugin-polyfill-corejs3-0.13.0.tgz 0ms (cache hit)
5314 http cache babel-plugin-polyfill-corejs2@https://registry.npmjs.org/babel-plugin-polyfill-corejs2/-/babel-plugin-polyfill-corejs2-0.4.17.tgz 0ms (cache hit)
5315 http cache @babel/plugin-syntax-typescript@https://registry.npmjs.org/@babel/plugin-syntax-typescript/-/plugin-syntax-typescript-7.28.6.tgz 0ms (cache hit)
5316 http cache @babel/helper-member-expression-to-functions@https://registry.npmjs.org/@babel/helper-member-expression-to-functions/-/helper-member-expression-to-functions-7.28.5.tgz 0ms (cache hit)
5317 http cache @babel/helper-annotate-as-pure@https://registry.npmjs.org/@babel/helper-annotate-as-pure/-/helper-annotate-as-pure-7.27.3.tgz 0ms (cache hit)
5318 http cache @babel/plugin-syntax-decorators@https://registry.npmjs.org/@babel/plugin-syntax-decorators/-/plugin-syntax-decorators-7.28.6.tgz 0ms (cache hit)
5319 http cache @babel/helper-optimise-call-expression@https://registry.npmjs.org/@babel/helper-optimise-call-expression/-/helper-optimise-call-expression-7.27.1.tgz 0ms (cache hit)
5320 http cache babel-plugin-transform-flow-enums@https://registry.npmjs.org/babel-plugin-transform-flow-enums/-/babel-plugin-transform-flow-enums-0.0.2.tgz 0ms (cache hit)
5321 http cache @babel/helper-plugin-utils@https://registry.npmjs.org/@babel/helper-plugin-utils/-/helper-plugin-utils-7.28.6.tgz 0ms (cache hit)
5322 http cache @babel/helper-create-class-features-plugin@https://registry.npmjs.org/@babel/helper-create-class-features-plugin/-/helper-create-class-features-plugin-7.28.6.tgz 0ms (cache hit)
5323 http cache babel-plugin-syntax-hermes-parser@https://registry.npmjs.org/babel-plugin-syntax-hermes-parser/-/babel-plugin-syntax-hermes-parser-0.29.1.tgz 0ms (cache hit)
5324 http cache @babel/plugin-transform-optional-chaining@https://registry.npmjs.org/@babel/plugin-transform-optional-chaining/-/plugin-transform-optional-chaining-7.28.6.tgz 0ms (cache hit)
5325 http cache @react-native/babel-preset@https://registry.npmjs.org/@react-native/babel-preset/-/babel-preset-0.81.5.tgz 0ms (cache hit)
5326 http cache @babel/preset-typescript@https://registry.npmjs.org/@babel/preset-typescript/-/preset-typescript-7.28.5.tgz 0ms (cache hit)
5327 http cache babel-plugin-react-compiler@https://registry.npmjs.org/babel-plugin-react-compiler/-/babel-plugin-react-compiler-1.0.0.tgz 0ms (cache hit)
5328 http cache babel-plugin-react-native-web@https://registry.npmjs.org/babel-plugin-react-native-web/-/babel-plugin-react-native-web-0.21.2.tgz 0ms (cache hit)
5329 http cache @babel/preset-react@https://registry.npmjs.org/@babel/preset-react/-/preset-react-7.28.5.tgz 0ms (cache hit)
5330 http cache @babel/plugin-transform-runtime@https://registry.npmjs.org/@babel/plugin-transform-runtime/-/plugin-transform-runtime-7.29.0.tgz 0ms (cache hit)
5331 http cache @babel/plugin-transform-private-methods@https://registry.npmjs.org/@babel/plugin-transform-private-methods/-/plugin-transform-private-methods-7.28.6.tgz 0ms (cache hit)
5332 http cache @babel/plugin-transform-private-property-in-object@https://registry.npmjs.org/@babel/plugin-transform-private-property-in-object/-/plugin-transform-private-property-in-object-7.28.6.tgz 0ms (cache hit)
5333 http cache @babel/plugin-transform-parameters@https://registry.npmjs.org/@babel/plugin-transform-parameters/-/plugin-transform-parameters-7.27.7.tgz 0ms (cache hit)
5334 http cache @babel/plugin-transform-object-rest-spread@https://registry.npmjs.org/@babel/plugin-transform-object-rest-spread/-/plugin-transform-object-rest-spread-7.28.6.tgz 0ms (cache hit)
5335 http cache @babel/plugin-transform-modules-commonjs@https://registry.npmjs.org/@babel/plugin-transform-modules-commonjs/-/plugin-transform-modules-commonjs-7.28.6.tgz 0ms (cache hit)
5336 http cache @babel/plugin-transform-export-namespace-from@https://registry.npmjs.org/@babel/plugin-transform-export-namespace-from/-/plugin-transform-export-namespace-from-7.27.1.tgz 0ms (cache hit)
5337 http cache @babel/plugin-transform-flow-strip-types@https://registry.npmjs.org/@babel/plugin-transform-flow-strip-types/-/plugin-transform-flow-strip-types-7.27.1.tgz 0ms (cache hit)
5338 http cache @babel/plugin-proposal-export-default-from@https://registry.npmjs.org/@babel/plugin-proposal-export-default-from/-/plugin-proposal-export-default-from-7.27.1.tgz 0ms (cache hit)
5339 http cache @babel/plugin-syntax-export-default-from@https://registry.npmjs.org/@babel/plugin-syntax-export-default-from/-/plugin-syntax-export-default-from-7.28.6.tgz 0ms (cache hit)
5340 http cache @babel/plugin-proposal-decorators@https://registry.npmjs.org/@babel/plugin-proposal-decorators/-/plugin-proposal-decorators-7.29.0.tgz 0ms (cache hit)
5341 http cache @babel/plugin-transform-class-static-block@https://registry.npmjs.org/@babel/plugin-transform-class-static-block/-/plugin-transform-class-static-block-7.28.6.tgz 0ms (cache hit)
5342 http cache @xmldom/xmldom@https://registry.npmjs.org/@xmldom/xmldom/-/xmldom-0.8.13.tgz 0ms (cache hit)
5343 http cache base64-js@https://registry.npmjs.org/base64-js/-/base64-js-1.5.1.tgz 0ms (cache hit)
5344 http cache xmlbuilder@https://registry.npmjs.org/xmlbuilder/-/xmlbuilder-15.1.1.tgz 1ms (cache hit)
5345 http cache lightningcss@https://registry.npmjs.org/lightningcss/-/lightningcss-1.32.0.tgz 0ms (cache hit)
5346 http cache postcss@https://registry.npmjs.org/postcss/-/postcss-8.4.49.tgz 0ms (cache hit)
5347 http cache hermes-parser@https://registry.npmjs.org/hermes-parser/-/hermes-parser-0.29.1.tgz 0ms (cache hit)
5348 http cache jsc-safe-url@https://registry.npmjs.org/jsc-safe-url/-/jsc-safe-url-0.2.4.tgz 0ms (cache hit)
5349 http cache @expo/env@https://registry.npmjs.org/@expo/env/-/env-2.0.11.tgz 0ms (cache hit)
5350 http cache dotenv@https://registry.npmjs.org/dotenv/-/dotenv-16.4.7.tgz 0ms (cache hit)
5351 http cache dotenv-expand@https://registry.npmjs.org/dotenv-expand/-/dotenv-expand-11.0.7.tgz 0ms (cache hit)
5352 http cache metro-source-map@https://registry.npmjs.org/metro-source-map/-/metro-source-map-0.83.3.tgz 0ms (cache hit)
5353 http cache metro-transform-worker@https://registry.npmjs.org/metro-transform-worker/-/metro-transform-worker-0.83.3.tgz 0ms (cache hit)
5354 http cache metro-transform-plugins@https://registry.npmjs.org/metro-transform-plugins/-/metro-transform-plugins-0.83.3.tgz 0ms (cache hit)
5355 http cache metro-symbolicate@https://registry.npmjs.org/metro-symbolicate/-/metro-symbolicate-0.83.3.tgz 0ms (cache hit)
5356 http cache metro-runtime@https://registry.npmjs.org/metro-runtime/-/metro-runtime-0.83.3.tgz 1ms (cache hit)
5357 http cache metro-resolver@https://registry.npmjs.org/metro-resolver/-/metro-resolver-0.83.3.tgz 0ms (cache hit)
5358 http cache metro-file-map@https://registry.npmjs.org/metro-file-map/-/metro-file-map-0.83.3.tgz 0ms (cache hit)
5359 http cache metro-minify-terser@https://registry.npmjs.org/metro-minify-terser/-/metro-minify-terser-0.83.3.tgz 0ms (cache hit)
5360 http cache metro-cache-key@https://registry.npmjs.org/metro-cache-key/-/metro-cache-key-0.83.3.tgz 0ms (cache hit)
5361 http cache metro-config@https://registry.npmjs.org/metro-config/-/metro-config-0.83.3.tgz 0ms (cache hit)
5362 http cache metro-core@https://registry.npmjs.org/metro-core/-/metro-core-0.83.3.tgz 0ms (cache hit)
5363 http cache @babel/plugin-transform-async-to-generator@https://registry.npmjs.org/@babel/plugin-transform-async-to-generator/-/plugin-transform-async-to-generator-7.28.6.tgz 0ms (cache hit)
5364 http cache metro-babel-transformer@https://registry.npmjs.org/metro-babel-transformer/-/metro-babel-transformer-0.83.3.tgz 0ms (cache hit)
5365 http cache @babel/plugin-transform-react-jsx@https://registry.npmjs.org/@babel/plugin-transform-react-jsx/-/plugin-transform-react-jsx-7.28.6.tgz 0ms (cache hit)
5366 http cache metro-cache@https://registry.npmjs.org/metro-cache/-/metro-cache-0.83.3.tgz 0ms (cache hit)
5367 http cache p-limit@https://registry.npmjs.org/p-limit/-/p-limit-3.1.0.tgz 0ms (cache hit)
5368 http cache xml2js@https://registry.npmjs.org/xml2js/-/xml2js-0.6.0.tgz 0ms (cache hit)
5369 http cache arg@https://registry.npmjs.org/arg/-/arg-5.0.2.tgz 0ms (cache hit)
5370 http cache @expo/spawn-async@https://registry.npmjs.org/@expo/spawn-async/-/spawn-async-1.7.2.tgz 0ms (cache hit)
5371 http cache xcode@https://registry.npmjs.org/xcode/-/xcode-3.0.1.tgz 0ms (cache hit)
5372 http cache @expo/sdk-runtime-versions@https://registry.npmjs.org/@expo/sdk-runtime-versions/-/sdk-runtime-versions-1.0.0.tgz 1ms (cache hit)
5373 http cache slash@https://registry.npmjs.org/slash/-/slash-3.0.0.tgz 0ms (cache hit)
5374 http cache @expo/plist@https://registry.npmjs.org/@expo/plist/-/plist-0.4.8.tgz 0ms (cache hit)
5375 http cache sucrase@https://registry.npmjs.org/sucrase/-/sucrase-3.35.1.tgz 0ms (cache hit)
5376 http cache slugify@https://registry.npmjs.org/slugify/-/slugify-1.6.9.tgz 0ms (cache hit)
5377 http cache resolve-workspace-root@https://registry.npmjs.org/resolve-workspace-root/-/resolve-workspace-root-2.0.1.tgz 0ms (cache hit)
5378 http cache glob@https://registry.npmjs.org/glob/-/glob-13.0.6.tgz 0ms (cache hit)
5379 http cache resolve-from@https://registry.npmjs.org/resolve-from/-/resolve-from-5.0.0.tgz 0ms (cache hit)
5380 http cache getenv@https://registry.npmjs.org/getenv/-/getenv-2.0.0.tgz 0ms (cache hit)
5381 http cache deepmerge@https://registry.npmjs.org/deepmerge/-/deepmerge-4.3.1.tgz 0ms (cache hit)
5382 http cache pretty-format@https://registry.npmjs.org/pretty-format/-/pretty-format-29.7.0.tgz 0ms (cache hit)
5383 http cache whatwg-url-without-unicode@https://registry.npmjs.org/whatwg-url-without-unicode/-/whatwg-url-without-unicode-8.0.0-3.tgz 0ms (cache hit)
5384 http cache @expo/json-file@https://registry.npmjs.org/@expo/json-file/-/json-file-10.0.13.tgz 0ms (cache hit)
5385 http cache @expo/config-types@https://registry.npmjs.org/@expo/config-types/-/config-types-54.0.10.tgz 0ms (cache hit)
5386 http cache expo-modules-core@https://registry.npmjs.org/expo-modules-core/-/expo-modules-core-3.0.29.tgz 0ms (cache hit)
5387 http cache expo-keep-awake@https://registry.npmjs.org/expo-keep-awake/-/expo-keep-awake-15.0.8.tgz 0ms (cache hit)
5388 http cache expo-file-system@https://registry.npmjs.org/expo-file-system/-/expo-file-system-19.0.21.tgz 0ms (cache hit)
5389 http cache expo-modules-autolinking@https://registry.npmjs.org/expo-modules-autolinking/-/expo-modules-autolinking-3.0.24.tgz 1ms (cache hit)
5390 http cache @ungap/structured-clone@https://registry.npmjs.org/@ungap/structured-clone/-/structured-clone-1.3.0.tgz 0ms (cache hit)
5391 http cache expo-asset@https://registry.npmjs.org/expo-asset/-/expo-asset-12.0.12.tgz 0ms (cache hit)
5392 http cache react-refresh@https://registry.npmjs.org/react-refresh/-/react-refresh-0.14.2.tgz 0ms (cache hit)
5393 http cache @expo/metro-config@https://registry.npmjs.org/@expo/metro-config/-/metro-config-54.0.14.tgz 0ms (cache hit)
5394 http cache babel-preset-expo@https://registry.npmjs.org/babel-preset-expo/-/babel-preset-expo-54.0.10.tgz 0ms (cache hit)
5395 http cache @expo/metro@https://registry.npmjs.org/@expo/metro/-/metro-54.2.0.tgz 0ms (cache hit)
5396 http cache @expo/fingerprint@https://registry.npmjs.org/@expo/fingerprint/-/fingerprint-0.15.4.tgz 0ms (cache hit)
5397 http cache @expo/devtools@https://registry.npmjs.org/@expo/devtools/-/devtools-0.1.8.tgz 0ms (cache hit)
5398 http cache acorn-jsx@https://registry.npmjs.org/acorn-jsx/-/acorn-jsx-5.3.2.tgz 0ms (cache hit)
5399 http cache @babel/runtime@https://registry.npmjs.org/@babel/runtime/-/runtime-7.29.2.tgz 0ms (cache hit)
5400 http cache @expo/config@https://registry.npmjs.org/@expo/config/-/config-12.0.13.tgz 0ms (cache hit)
5401 http cache @expo/config-plugins@https://registry.npmjs.org/@expo/config-plugins/-/config-plugins-54.0.4.tgz 0ms (cache hit)
5402 http cache acorn@https://registry.npmjs.org/acorn/-/acorn-8.16.0.tgz 0ms (cache hit)
5403 http cache esrecurse@https://registry.npmjs.org/esrecurse/-/esrecurse-4.3.0.tgz 0ms (cache hit)
5404 http cache string.prototype.repeat@https://registry.npmjs.org/string.prototype.repeat/-/string.prototype.repeat-1.0.0.tgz 0ms (cache hit)
5405 http cache prop-types@https://registry.npmjs.org/prop-types/-/prop-types-15.8.1.tgz 0ms (cache hit)
5406 http cache iterator.prototype@https://registry.npmjs.org/iterator.prototype/-/iterator.prototype-1.1.5.tgz 0ms (cache hit)
5407 http cache string.prototype.matchall@https://registry.npmjs.org/string.prototype.matchall/-/string.prototype.matchall-4.0.12.tgz 0ms (cache hit)
5408 http cache object.entries@https://registry.npmjs.org/object.entries/-/object.entries-1.1.9.tgz 1ms (cache hit)
5409 http cache jsx-ast-utils@https://registry.npmjs.org/jsx-ast-utils/-/jsx-ast-utils-3.3.5.tgz 0ms (cache hit)
5410 http cache estraverse@https://registry.npmjs.org/estraverse/-/estraverse-5.3.0.tgz 1ms (cache hit)
5411 http cache array.prototype.tosorted@https://registry.npmjs.org/array.prototype.tosorted/-/array.prototype.tosorted-1.1.4.tgz 0ms (cache hit)
5412 http cache es-iterator-helpers@https://registry.npmjs.org/es-iterator-helpers/-/es-iterator-helpers-1.3.2.tgz 0ms (cache hit)
5413 http cache array.prototype.findlast@https://registry.npmjs.org/array.prototype.findlast/-/array.prototype.findlast-1.2.5.tgz 0ms (cache hit)
5414 http cache is-symbol@https://registry.npmjs.org/is-symbol/-/is-symbol-1.1.1.tgz 0ms (cache hit)
5415 http cache has-tostringtag@https://registry.npmjs.org/has-tostringtag/-/has-tostringtag-1.0.2.tgz 0ms (cache hit)
5416 http cache which-typed-array@https://registry.npmjs.org/which-typed-array/-/which-typed-array-1.1.20.tgz 0ms (cache hit)
5417 http cache require-from-string@https://registry.npmjs.org/require-from-string/-/require-from-string-2.0.2.tgz 0ms (cache hit)
5418 http cache resolve@https://registry.npmjs.org/resolve/-/resolve-2.0.0-next.6.tgz 0ms (cache hit)
5419 http cache possible-typed-array-names@https://registry.npmjs.org/possible-typed-array-names/-/possible-typed-array-names-1.1.0.tgz 0ms (cache hit)
5420 http cache typed-array-length@https://registry.npmjs.org/typed-array-length/-/typed-array-length-1.0.7.tgz 0ms (cache hit)
5421 http cache unbox-primitive@https://registry.npmjs.org/unbox-primitive/-/unbox-primitive-1.1.0.tgz 0ms (cache hit)
5422 http cache is-date-object@https://registry.npmjs.org/is-date-object/-/is-date-object-1.1.0.tgz 0ms (cache hit)
5423 http cache typed-array-byte-offset@https://registry.npmjs.org/typed-array-byte-offset/-/typed-array-byte-offset-1.0.4.tgz 0ms (cache hit)
5424 http cache typed-array-buffer@https://registry.npmjs.org/typed-array-buffer/-/typed-array-buffer-1.0.3.tgz 0ms (cache hit)
5425 http cache typed-array-byte-length@https://registry.npmjs.org/typed-array-byte-length/-/typed-array-byte-length-1.0.3.tgz 0ms (cache hit)
5426 http cache string.prototype.trimstart@https://registry.npmjs.org/string.prototype.trimstart/-/string.prototype.trimstart-1.0.8.tgz 0ms (cache hit)
5427 http cache string.prototype.trim@https://registry.npmjs.org/string.prototype.trim/-/string.prototype.trim-1.2.10.tgz 0ms (cache hit)
5428 http cache set-proto@https://registry.npmjs.org/set-proto/-/set-proto-1.0.0.tgz 0ms (cache hit)
5429 http cache safe-push-apply@https://registry.npmjs.org/safe-push-apply/-/safe-push-apply-1.0.0.tgz 0ms (cache hit)
5430 http cache safe-regex-test@https://registry.npmjs.org/safe-regex-test/-/safe-regex-test-1.1.0.tgz 0ms (cache hit)
5431 http cache stop-iteration-iterator@https://registry.npmjs.org/stop-iteration-iterator/-/stop-iteration-iterator-1.1.0.tgz 0ms (cache hit)
5432 http cache safe-array-concat@https://registry.npmjs.org/safe-array-concat/-/safe-array-concat-1.1.4.tgz 0ms (cache hit)
5433 http cache regexp.prototype.flags@https://registry.npmjs.org/regexp.prototype.flags/-/regexp.prototype.flags-1.5.4.tgz 0ms (cache hit)
5434 http cache own-keys@https://registry.npmjs.org/own-keys/-/own-keys-1.0.1.tgz 0ms (cache hit)
5435 http cache is-weakref@https://registry.npmjs.org/is-weakref/-/is-weakref-1.1.1.tgz 0ms (cache hit)
5436 http cache object-inspect@https://registry.npmjs.org/object-inspect/-/object-inspect-1.13.4.tgz 0ms (cache hit)
5437 http cache is-shared-array-buffer@https://registry.npmjs.org/is-shared-array-buffer/-/is-shared-array-buffer-1.0.4.tgz 0ms (cache hit)
5438 http cache object.assign@https://registry.npmjs.org/object.assign/-/object.assign-4.1.7.tgz 0ms (cache hit)
5439 http cache is-typed-array@https://registry.npmjs.org/is-typed-array/-/is-typed-array-1.1.15.tgz 0ms (cache hit)
5440 http cache is-set@https://registry.npmjs.org/is-set/-/is-set-2.0.3.tgz 0ms (cache hit)
5441 http cache is-negative-zero@https://registry.npmjs.org/is-negative-zero/-/is-negative-zero-2.0.3.tgz 0ms (cache hit)
5442 http cache is-regex@https://registry.npmjs.org/is-regex/-/is-regex-1.2.1.tgz 0ms (cache hit)
5443 http cache is-array-buffer@https://registry.npmjs.org/is-array-buffer/-/is-array-buffer-3.0.5.tgz 0ms (cache hit)
5444 http cache internal-slot@https://registry.npmjs.org/internal-slot/-/internal-slot-1.1.0.tgz 0ms (cache hit)
5445 http cache is-callable@https://registry.npmjs.org/is-callable/-/is-callable-1.2.7.tgz 0ms (cache hit)
5446 http cache has-symbols@https://registry.npmjs.org/has-symbols/-/has-symbols-1.1.0.tgz 0ms (cache hit)
5447 http cache has-proto@https://registry.npmjs.org/has-proto/-/has-proto-1.2.0.tgz 0ms (cache hit)
5448 http cache globalthis@https://registry.npmjs.org/globalthis/-/globalthis-1.0.4.tgz 0ms (cache hit)
5449 http cache get-proto@https://registry.npmjs.org/get-proto/-/get-proto-1.0.1.tgz 0ms (cache hit)
5450 http cache function.prototype.name@https://registry.npmjs.org/function.prototype.name/-/function.prototype.name-1.1.8.tgz 0ms (cache hit)
5451 http cache is-data-view@https://registry.npmjs.org/is-data-view/-/is-data-view-1.0.2.tgz 0ms (cache hit)
5452 http cache get-symbol-description@https://registry.npmjs.org/get-symbol-description/-/get-symbol-description-1.1.0.tgz 0ms (cache hit)
5453 http cache es-to-primitive@https://registry.npmjs.org/es-to-primitive/-/es-to-primitive-1.3.0.tgz 0ms (cache hit)
5454 http cache es-set-tostringtag@https://registry.npmjs.org/es-set-tostringtag/-/es-set-tostringtag-2.1.0.tgz 0ms (cache hit)
5455 http cache data-view-byte-offset@https://registry.npmjs.org/data-view-byte-offset/-/data-view-byte-offset-1.0.1.tgz 0ms (cache hit)
5456 http cache data-view-buffer@https://registry.npmjs.org/data-view-buffer/-/data-view-buffer-1.0.2.tgz 0ms (cache hit)
5457 http cache gopd@https://registry.npmjs.org/gopd/-/gopd-1.2.0.tgz 0ms (cache hit)
5458 http cache array-buffer-byte-length@https://registry.npmjs.org/array-buffer-byte-length/-/array-buffer-byte-length-1.0.2.tgz 0ms (cache hit)
5459 http cache available-typed-arrays@https://registry.npmjs.org/available-typed-arrays/-/available-typed-arrays-1.0.7.tgz 0ms (cache hit)
5460 http cache arraybuffer.prototype.slice@https://registry.npmjs.org/arraybuffer.prototype.slice/-/arraybuffer.prototype.slice-1.0.4.tgz 0ms (cache hit)
5461 http cache define-data-property@https://registry.npmjs.org/define-data-property/-/define-data-property-1.1.4.tgz 0ms (cache hit)
5462 http cache has-property-descriptors@https://registry.npmjs.org/has-property-descriptors/-/has-property-descriptors-1.0.2.tgz 0ms (cache hit)
5463 http cache function-bind@https://registry.npmjs.org/function-bind/-/function-bind-1.1.2.tgz 0ms (cache hit)
5464 http cache object-keys@https://registry.npmjs.org/object-keys/-/object-keys-1.1.1.tgz 0ms (cache hit)
5465 http cache set-function-length@https://registry.npmjs.org/set-function-length/-/set-function-length-1.2.2.tgz 0ms (cache hit)
5466 http cache es-define-property@https://registry.npmjs.org/es-define-property/-/es-define-property-1.0.1.tgz 0ms (cache hit)
5467 http cache call-bind-apply-helpers@https://registry.npmjs.org/call-bind-apply-helpers/-/call-bind-apply-helpers-1.0.2.tgz 0ms (cache hit)
5468 http cache es-shim-unscopables@https://registry.npmjs.org/es-shim-unscopables/-/es-shim-unscopables-1.1.0.tgz 0ms (cache hit)
5469 http cache math-intrinsics@https://registry.npmjs.org/math-intrinsics/-/math-intrinsics-1.1.0.tgz 0ms (cache hit)
5470 http cache es-errors@https://registry.npmjs.org/es-errors/-/es-errors-1.3.0.tgz 0ms (cache hit)
5471 http cache data-view-byte-length@https://registry.npmjs.org/data-view-byte-length/-/data-view-byte-length-1.0.2.tgz 0ms (cache hit)
5472 http cache get-intrinsic@https://registry.npmjs.org/get-intrinsic/-/get-intrinsic-1.3.0.tgz 0ms (cache hit)
5473 http cache is-string@https://registry.npmjs.org/is-string/-/is-string-1.1.1.tgz 0ms (cache hit)
5474 http cache es-abstract@https://registry.npmjs.org/es-abstract/-/es-abstract-1.24.2.tgz 0ms (cache hit)
5475 http cache define-properties@https://registry.npmjs.org/define-properties/-/define-properties-1.2.1.tgz 0ms (cache hit)
5476 http cache es-object-atoms@https://registry.npmjs.org/es-object-atoms/-/es-object-atoms-1.1.1.tgz 0ms (cache hit)
5477 http cache call-bound@https://registry.npmjs.org/call-bound/-/call-bound-1.0.4.tgz 0ms (cache hit)
5478 http cache call-bind@https://registry.npmjs.org/call-bind/-/call-bind-1.0.9.tgz 0ms (cache hit)
5479 http cache tsconfig-paths@https://registry.npmjs.org/tsconfig-paths/-/tsconfig-paths-3.15.0.tgz 0ms (cache hit)
5480 http cache string.prototype.trimend@https://registry.npmjs.org/string.prototype.trimend/-/string.prototype.trimend-1.0.9.tgz 0ms (cache hit)
5481 http cache object.values@https://registry.npmjs.org/object.values/-/object.values-1.2.1.tgz 0ms (cache hit)
5482 http cache object.fromentries@https://registry.npmjs.org/object.fromentries/-/object.fromentries-2.0.8.tgz 0ms (cache hit)
5483 http cache object.groupby@https://registry.npmjs.org/object.groupby/-/object.groupby-1.0.3.tgz 0ms (cache hit)
5484 http cache is-core-module@https://registry.npmjs.org/is-core-module/-/is-core-module-2.16.1.tgz 0ms (cache hit)
5485 http cache hasown@https://registry.npmjs.org/hasown/-/hasown-2.0.3.tgz 0ms (cache hit)
5486 http cache eslint-module-utils@https://registry.npmjs.org/eslint-module-utils/-/eslint-module-utils-2.12.1.tgz 0ms (cache hit)
5487 http cache eslint-import-resolver-node@https://registry.npmjs.org/eslint-import-resolver-node/-/eslint-import-resolver-node-0.3.10.tgz 0ms (cache hit)
5488 http cache doctrine@https://registry.npmjs.org/doctrine/-/doctrine-2.1.0.tgz 0ms (cache hit)
5489 http cache array.prototype.findlastindex@https://registry.npmjs.org/array.prototype.findlastindex/-/array.prototype.findlastindex-1.2.6.tgz 0ms (cache hit)
5490 http cache array.prototype.flat@https://registry.npmjs.org/array.prototype.flat/-/array.prototype.flat-1.3.3.tgz 0ms (cache hit)
5491 http cache array.prototype.flatmap@https://registry.npmjs.org/array.prototype.flatmap/-/array.prototype.flatmap-1.3.3.tgz 0ms (cache hit)
5492 http cache array-includes@https://registry.npmjs.org/array-includes/-/array-includes-3.1.9.tgz 0ms (cache hit)
5493 http cache @rtsao/scc@https://registry.npmjs.org/@rtsao/scc/-/scc-1.1.0.tgz 0ms (cache hit)
5494 http cache stable-hash@https://registry.npmjs.org/stable-hash/-/stable-hash-0.0.5.tgz 0ms (cache hit)
5495 http cache is-bun-module@https://registry.npmjs.org/is-bun-module/-/is-bun-module-2.0.0.tgz 0ms (cache hit)
5496 http cache @nolyfill/is-core-module@https://registry.npmjs.org/@nolyfill/is-core-module/-/is-core-module-1.0.39.tgz 0ms (cache hit)
5497 http cache @typescript-eslint/tsconfig-utils@https://registry.npmjs.org/@typescript-eslint/tsconfig-utils/-/tsconfig-utils-8.59.0.tgz 0ms (cache hit)
5498 http cache unrs-resolver@https://registry.npmjs.org/unrs-resolver/-/unrs-resolver-1.11.1.tgz 0ms (cache hit)
5499 http cache get-tsconfig@https://registry.npmjs.org/get-tsconfig/-/get-tsconfig-4.14.0.tgz 0ms (cache hit)
5500 http cache ts-api-utils@https://registry.npmjs.org/ts-api-utils/-/ts-api-utils-2.5.0.tgz 0ms (cache hit)
5501 http cache @typescript-eslint/project-service@https://registry.npmjs.org/@typescript-eslint/project-service/-/project-service-8.59.0.tgz 0ms (cache hit)
5502 http cache tinyglobby@https://registry.npmjs.org/tinyglobby/-/tinyglobby-0.2.16.tgz 0ms (cache hit)
5503 http cache @typescript-eslint/types@https://registry.npmjs.org/@typescript-eslint/types/-/types-8.59.0.tgz 0ms (cache hit)
5504 http cache @typescript-eslint/typescript-estree@https://registry.npmjs.org/@typescript-eslint/typescript-estree/-/typescript-estree-8.59.0.tgz 0ms (cache hit)
5505 http cache @typescript-eslint/visitor-keys@https://registry.npmjs.org/@typescript-eslint/visitor-keys/-/visitor-keys-8.59.0.tgz 0ms (cache hit)
5506 http cache @typescript-eslint/utils@https://registry.npmjs.org/@typescript-eslint/utils/-/utils-8.59.0.tgz 0ms (cache hit)
5507 http cache @typescript-eslint/type-utils@https://registry.npmjs.org/@typescript-eslint/type-utils/-/type-utils-8.59.0.tgz 0ms (cache hit)
5508 http cache @typescript-eslint/scope-manager@https://registry.npmjs.org/@typescript-eslint/scope-manager/-/scope-manager-8.59.0.tgz 0ms (cache hit)
5509 http cache eslint-plugin-react@https://registry.npmjs.org/eslint-plugin-react/-/eslint-plugin-react-7.37.5.tgz 0ms (cache hit)
5510 http cache @typescript-eslint/parser@https://registry.npmjs.org/@typescript-eslint/parser/-/parser-8.59.0.tgz 0ms (cache hit)
5511 http cache eslint-plugin-react-hooks@https://registry.npmjs.org/eslint-plugin-react-hooks/-/eslint-plugin-react-hooks-5.2.0.tgz 0ms (cache hit)
5512 http cache eslint-plugin-import@https://registry.npmjs.org/eslint-plugin-import/-/eslint-plugin-import-2.32.0.tgz 0ms (cache hit)
5513 http cache eslint-plugin-expo@https://registry.npmjs.org/eslint-plugin-expo/-/eslint-plugin-expo-1.0.0.tgz 0ms (cache hit)
5514 http cache eslint-import-resolver-typescript@https://registry.npmjs.org/eslint-import-resolver-typescript/-/eslint-import-resolver-typescript-3.10.1.tgz 0ms (cache hit)
5515 http cache @typescript-eslint/eslint-plugin@https://registry.npmjs.org/@typescript-eslint/eslint-plugin/-/eslint-plugin-8.59.0.tgz 0ms (cache hit)
5516 http cache which@https://registry.npmjs.org/which/-/which-2.0.2.tgz 0ms (cache hit)
5517 http cache shebang-command@https://registry.npmjs.org/shebang-command/-/shebang-command-2.0.0.tgz 0ms (cache hit)
5518 http cache path-key@https://registry.npmjs.org/path-key/-/path-key-3.1.1.tgz 0ms (cache hit)
5519 http cache supports-color@https://registry.npmjs.org/supports-color/-/supports-color-7.2.0.tgz 0ms (cache hit)
5520 http cache json-schema-traverse@https://registry.npmjs.org/json-schema-traverse/-/json-schema-traverse-0.4.1.tgz 0ms (cache hit)
5521 http cache ansi-styles@https://registry.npmjs.org/ansi-styles/-/ansi-styles-4.3.0.tgz 0ms (cache hit)
5522 http cache uri-js@https://registry.npmjs.org/uri-js/-/uri-js-4.4.1.tgz 0ms (cache hit)
5523 http cache fast-json-stable-stringify@https://registry.npmjs.org/fast-json-stable-stringify/-/fast-json-stable-stringify-2.1.0.tgz 0ms (cache hit)
5524 http cache strip-json-comments@https://registry.npmjs.org/strip-json-comments/-/strip-json-comments-3.1.1.tgz 0ms (cache hit)
5525 http cache levn@https://registry.npmjs.org/levn/-/levn-0.4.1.tgz 0ms (cache hit)
5526 http cache @humanfs/types@https://registry.npmjs.org/@humanfs/types/-/types-0.15.0.tgz 0ms (cache hit)
5527 http cache @humanfs/core@https://registry.npmjs.org/@humanfs/core/-/core-0.19.2.tgz 0ms (cache hit)
5528 http cache @types/json-schema@https://registry.npmjs.org/@types/json-schema/-/json-schema-7.0.15.tgz 0ms (cache hit)
5529 http cache @eslint/object-schema@https://registry.npmjs.org/@eslint/object-schema/-/object-schema-2.1.7.tgz 0ms (cache hit)
5530 http cache globals@https://registry.npmjs.org/globals/-/globals-14.0.0.tgz 0ms (cache hit)
5531 http cache import-fresh@https://registry.npmjs.org/import-fresh/-/import-fresh-3.3.1.tgz 0ms (cache hit)
5532 http cache js-yaml@https://registry.npmjs.org/js-yaml/-/js-yaml-4.1.1.tgz 0ms (cache hit)
5533 http cache minimatch@https://registry.npmjs.org/minimatch/-/minimatch-3.1.5.tgz 0ms (cache hit)
5534 http cache natural-compare@https://registry.npmjs.org/natural-compare/-/natural-compare-1.4.0.tgz 0ms (cache hit)
5535 http cache optionator@https://registry.npmjs.org/optionator/-/optionator-0.9.4.tgz 0ms (cache hit)
5536 http cache json-stable-stringify-without-jsonify@https://registry.npmjs.org/json-stable-stringify-without-jsonify/-/json-stable-stringify-without-jsonify-1.0.1.tgz 0ms (cache hit)
5537 http cache lodash.merge@https://registry.npmjs.org/lodash.merge/-/lodash.merge-4.6.2.tgz 0ms (cache hit)
5538 http cache is-glob@https://registry.npmjs.org/is-glob/-/is-glob-4.0.3.tgz 0ms (cache hit)
5539 http cache ignore@https://registry.npmjs.org/ignore/-/ignore-5.3.2.tgz 0ms (cache hit)
5540 http cache imurmurhash@https://registry.npmjs.org/imurmurhash/-/imurmurhash-0.1.4.tgz 0ms (cache hit)
5541 http cache find-up@https://registry.npmjs.org/find-up/-/find-up-5.0.0.tgz 0ms (cache hit)
5542 http cache file-entry-cache@https://registry.npmjs.org/file-entry-cache/-/file-entry-cache-8.0.0.tgz 0ms (cache hit)
5543 http cache glob-parent@https://registry.npmjs.org/glob-parent/-/glob-parent-6.0.2.tgz 0ms (cache hit)
5544 http cache esutils@https://registry.npmjs.org/esutils/-/esutils-2.0.3.tgz 0ms (cache hit)
5545 http cache espree@https://registry.npmjs.org/espree/-/espree-10.4.0.tgz 0ms (cache hit)
5546 http cache esquery@https://registry.npmjs.org/esquery/-/esquery-1.7.0.tgz 0ms (cache hit)
5547 http cache eslint-visitor-keys@https://registry.npmjs.org/eslint-visitor-keys/-/eslint-visitor-keys-4.2.1.tgz 0ms (cache hit)
5548 http cache @types/estree@https://registry.npmjs.org/@types/estree/-/estree-1.0.8.tgz 0ms (cache hit)
5549 http cache @humanwhocodes/retry@https://registry.npmjs.org/@humanwhocodes/retry/-/retry-0.4.3.tgz 0ms (cache hit)
5550 http cache @humanwhocodes/module-importer@https://registry.npmjs.org/@humanwhocodes/module-importer/-/module-importer-1.0.1.tgz 0ms (cache hit)
5551 http cache @humanfs/node@https://registry.npmjs.org/@humanfs/node/-/node-0.16.8.tgz 1ms (cache hit)
5552 http cache chalk@https://registry.npmjs.org/chalk/-/chalk-4.1.2.tgz 0ms (cache hit)
5553 http cache eslint-scope@https://registry.npmjs.org/eslint-scope/-/eslint-scope-8.4.0.tgz 0ms (cache hit)
5554 http cache cross-spawn@https://registry.npmjs.org/cross-spawn/-/cross-spawn-7.0.6.tgz 0ms (cache hit)
5555 http cache ajv@https://registry.npmjs.org/ajv/-/ajv-6.15.0.tgz 0ms (cache hit)
5556 http cache @eslint/core@https://registry.npmjs.org/@eslint/core/-/core-0.17.0.tgz 0ms (cache hit)
5557 http cache @eslint/plugin-kit@https://registry.npmjs.org/@eslint/plugin-kit/-/plugin-kit-0.4.1.tgz 0ms (cache hit)
5558 http cache @eslint/eslintrc@https://registry.npmjs.org/@eslint/eslintrc/-/eslintrc-3.3.5.tgz 0ms (cache hit)
5559 http cache @eslint/js@https://registry.npmjs.org/@eslint/js/-/js-9.39.4.tgz 0ms (cache hit)
5560 http cache @eslint/config-array@https://registry.npmjs.org/@eslint/config-array/-/config-array-0.21.2.tgz 0ms (cache hit)
5561 http cache @eslint-community/regexpp@https://registry.npmjs.org/@eslint-community/regexpp/-/regexpp-4.12.2.tgz 0ms (cache hit)
5562 http cache @eslint-community/eslint-utils@https://registry.npmjs.org/@eslint-community/eslint-utils/-/eslint-utils-4.9.1.tgz 0ms (cache hit)
5563 http cache @eslint/config-helpers@https://registry.npmjs.org/@eslint/config-helpers/-/config-helpers-0.4.2.tgz 0ms (cache hit)
5564 http cache ms@https://registry.npmjs.org/ms/-/ms-2.1.3.tgz 0ms (cache hit)
5565 http cache simple-swizzle@https://registry.npmjs.org/simple-swizzle/-/simple-swizzle-0.2.4.tgz 0ms (cache hit)
5566 http cache color-name@https://registry.npmjs.org/color-name/-/color-name-1.1.4.tgz 0ms (cache hit)
5567 http cache color-convert@https://registry.npmjs.org/color-convert/-/color-convert-2.0.1.tgz 0ms (cache hit)
5568 http cache color-string@https://registry.npmjs.org/color-string/-/color-string-1.9.1.tgz 0ms (cache hit)
5569 http cache update-browserslist-db@https://registry.npmjs.org/update-browserslist-db/-/update-browserslist-db-1.2.3.tgz 0ms (cache hit)
5570 http cache electron-to-chromium@https://registry.npmjs.org/electron-to-chromium/-/electron-to-chromium-1.5.344.tgz 0ms (cache hit)
5571 http cache caniuse-lite@https://registry.npmjs.org/caniuse-lite/-/caniuse-lite-1.0.30001791.tgz 0ms (cache hit)
5572 http cache node-releases@https://registry.npmjs.org/node-releases/-/node-releases-2.0.38.tgz 0ms (cache hit)
5573 http cache form-data@https://registry.npmjs.org/form-data/-/form-data-4.0.5.tgz 0ms (cache hit)
5574 http cache proxy-from-env@https://registry.npmjs.org/proxy-from-env/-/proxy-from-env-2.1.0.tgz 0ms (cache hit)
5575 http cache baseline-browser-mapping@https://registry.npmjs.org/baseline-browser-mapping/-/baseline-browser-mapping-2.10.23.tgz 0ms (cache hit)
5576 http cache follow-redirects@https://registry.npmjs.org/follow-redirects/-/follow-redirects-1.16.0.tgz 0ms (cache hit)
5577 http cache csstype@https://registry.npmjs.org/csstype/-/csstype-3.2.3.tgz 0ms (cache hit)
5578 http cache react-is@https://registry.npmjs.org/react-is/-/react-is-19.2.5.tgz 0ms (cache hit)
5579 http cache @react-navigation/routers@https://registry.npmjs.org/@react-navigation/routers/-/routers-7.5.3.tgz 0ms (cache hit)
5580 http cache warn-once@https://registry.npmjs.org/warn-once/-/warn-once-0.1.1.tgz 0ms (cache hit)
5581 http cache nanoid@https://registry.npmjs.org/nanoid/-/nanoid-3.3.11.tgz 0ms (cache hit)
5582 http cache @react-navigation/core@https://registry.npmjs.org/@react-navigation/core/-/core-7.17.2.tgz 0ms (cache hit)
5583 http cache fast-deep-equal@https://registry.npmjs.org/fast-deep-equal/-/fast-deep-equal-3.1.3.tgz 0ms (cache hit)
5584 http cache query-string@https://registry.npmjs.org/query-string/-/query-string-7.1.3.tgz 0ms (cache hit)
5585 http cache use-sync-external-store@https://registry.npmjs.org/use-sync-external-store/-/use-sync-external-store-1.6.0.tgz 0ms (cache hit)
5586 http cache escape-string-regexp@https://registry.npmjs.org/escape-string-regexp/-/escape-string-regexp-4.0.0.tgz 0ms (cache hit)
5587 http cache sf-symbols-typescript@https://registry.npmjs.org/sf-symbols-typescript/-/sf-symbols-typescript-2.2.0.tgz 0ms (cache hit)
5588 http cache color@https://registry.npmjs.org/color/-/color-4.2.3.tgz 0ms (cache hit)
5589 http cache use-latest-callback@https://registry.npmjs.org/use-latest-callback/-/use-latest-callback-0.2.6.tgz 0ms (cache hit)
5590 http cache @jridgewell/resolve-uri@https://registry.npmjs.org/@jridgewell/resolve-uri/-/resolve-uri-3.1.2.tgz 0ms (cache hit)
5591 http cache @jridgewell/sourcemap-codec@https://registry.npmjs.org/@jridgewell/sourcemap-codec/-/sourcemap-codec-1.5.5.tgz 0ms (cache hit)
5592 http cache @babel/helper-string-parser@https://registry.npmjs.org/@babel/helper-string-parser/-/helper-string-parser-7.27.1.tgz 0ms (cache hit)
5593 http cache browserslist@https://registry.npmjs.org/browserslist/-/browserslist-4.28.2.tgz 0ms (cache hit)
5594 http cache lru-cache@https://registry.npmjs.org/lru-cache/-/lru-cache-5.1.1.tgz 0ms (cache hit)
5595 http cache @babel/helper-module-imports@https://registry.npmjs.org/@babel/helper-module-imports/-/helper-module-imports-7.28.6.tgz 0ms (cache hit)
5596 http cache @babel/helper-globals@https://registry.npmjs.org/@babel/helper-globals/-/helper-globals-7.28.0.tgz 0ms (cache hit)
5597 http cache @babel/compat-data@https://registry.npmjs.org/@babel/compat-data/-/compat-data-7.29.0.tgz 0ms (cache hit)
5598 http cache @babel/helper-validator-option@https://registry.npmjs.org/@babel/helper-validator-option/-/helper-validator-option-7.27.1.tgz 0ms (cache hit)
5599 http cache jsesc@https://registry.npmjs.org/jsesc/-/jsesc-3.1.0.tgz 0ms (cache hit)
5600 http cache @jridgewell/trace-mapping@https://registry.npmjs.org/@jridgewell/trace-mapping/-/trace-mapping-0.3.31.tgz 0ms (cache hit)
5601 http cache @jridgewell/gen-mapping@https://registry.npmjs.org/@jridgewell/gen-mapping/-/gen-mapping-0.3.13.tgz 0ms (cache hit)
5602 http cache @babel/helper-validator-identifier@https://registry.npmjs.org/@babel/helper-validator-identifier/-/helper-validator-identifier-7.28.5.tgz 0ms (cache hit)
5603 http cache js-tokens@https://registry.npmjs.org/js-tokens/-/js-tokens-4.0.0.tgz 0ms (cache hit)
5604 http cache semver@https://registry.npmjs.org/semver/-/semver-6.3.1.tgz 0ms (cache hit)
5605 http cache picocolors@https://registry.npmjs.org/picocolors/-/picocolors-1.1.1.tgz 0ms (cache hit)
5606 http cache json5@https://registry.npmjs.org/json5/-/json5-2.2.3.tgz 0ms (cache hit)
5607 http cache gensync@https://registry.npmjs.org/gensync/-/gensync-1.0.0-beta.2.tgz 0ms (cache hit)
5608 http cache convert-source-map@https://registry.npmjs.org/convert-source-map/-/convert-source-map-2.0.0.tgz 0ms (cache hit)
5609 http cache metro@https://registry.npmjs.org/metro/-/metro-0.83.3.tgz 0ms (cache hit)
5610 http cache debug@https://registry.npmjs.org/debug/-/debug-4.4.3.tgz 0ms (cache hit)
5611 http cache @babel/types@https://registry.npmjs.org/@babel/types/-/types-7.29.0.tgz 0ms (cache hit)
5612 http cache @babel/traverse@https://registry.npmjs.org/@babel/traverse/-/traverse-7.29.0.tgz 0ms (cache hit)
5613 http cache @babel/template@https://registry.npmjs.org/@babel/template/-/template-7.28.6.tgz 0ms (cache hit)
5614 http cache @jridgewell/remapping@https://registry.npmjs.org/@jridgewell/remapping/-/remapping-2.3.5.tgz 0ms (cache hit)
5615 http cache @babel/parser@https://registry.npmjs.org/@babel/parser/-/parser-7.29.2.tgz 0ms (cache hit)
5616 http cache @babel/helper-module-transforms@https://registry.npmjs.org/@babel/helper-module-transforms/-/helper-module-transforms-7.28.6.tgz 0ms (cache hit)
5617 http cache @babel/helpers@https://registry.npmjs.org/@babel/helpers/-/helpers-7.29.2.tgz 0ms (cache hit)
5618 http cache @babel/core@https://registry.npmjs.org/@babel/core/-/core-7.29.0.tgz 0ms (cache hit)
5619 http cache @babel/code-frame@https://registry.npmjs.org/@babel/code-frame/-/code-frame-7.29.0.tgz 0ms (cache hit)
5620 http cache @babel/helper-compilation-targets@https://registry.npmjs.org/@babel/helper-compilation-targets/-/helper-compilation-targets-7.28.6.tgz 0ms (cache hit)
5621 http cache react-native-web@https://registry.npmjs.org/react-native-web/-/react-native-web-0.21.2.tgz 0ms (cache hit)
5622 http cache react-native-worklets@https://registry.npmjs.org/react-native-worklets/-/react-native-worklets-0.5.1.tgz 0ms (cache hit)
5623 http cache react-native-gesture-handler@https://registry.npmjs.org/react-native-gesture-handler/-/react-native-gesture-handler-2.28.0.tgz 0ms (cache hit)
5624 http cache react-native-paper@https://registry.npmjs.org/react-native-paper/-/react-native-paper-5.15.1.tgz 0ms (cache hit)
5625 http cache react-dom@https://registry.npmjs.org/react-dom/-/react-dom-19.1.0.tgz 0ms (cache hit)
5626 http cache expo-system-ui@https://registry.npmjs.org/expo-system-ui/-/expo-system-ui-6.0.9.tgz 0ms (cache hit)
5627 http cache expo-web-browser@https://registry.npmjs.org/expo-web-browser/-/expo-web-browser-15.0.10.tgz 0ms (cache hit)
5628 http cache expo-symbols@https://registry.npmjs.org/expo-symbols/-/expo-symbols-1.0.8.tgz 0ms (cache hit)
5629 http cache expo-status-bar@https://registry.npmjs.org/expo-status-bar/-/expo-status-bar-3.0.9.tgz 0ms (cache hit)
5630 http cache expo-splash-screen@https://registry.npmjs.org/expo-splash-screen/-/expo-splash-screen-31.0.13.tgz 0ms (cache hit)
5631 http cache expo-secure-store@https://registry.npmjs.org/expo-secure-store/-/expo-secure-store-15.0.8.tgz 0ms (cache hit)
5632 http cache expo-linking@https://registry.npmjs.org/expo-linking/-/expo-linking-8.0.11.tgz 1ms (cache hit)
5633 http cache expo-image@https://registry.npmjs.org/expo-image/-/expo-image-3.0.11.tgz 0ms (cache hit)
5634 http cache expo-haptics@https://registry.npmjs.org/expo-haptics/-/expo-haptics-15.0.8.tgz 0ms (cache hit)
5635 http cache expo-constants@https://registry.npmjs.org/expo-constants/-/expo-constants-18.0.13.tgz 0ms (cache hit)
5636 http cache @types/react@https://registry.npmjs.org/@types/react/-/react-19.1.17.tgz 0ms (cache hit)
5637 http cache eslint@https://registry.npmjs.org/eslint/-/eslint-9.39.4.tgz 0ms (cache hit)
5638 http cache react-native-reanimated@https://registry.npmjs.org/react-native-reanimated/-/react-native-reanimated-4.1.7.tgz 0ms (cache hit)
5639 http cache @react-navigation/native-stack@https://registry.npmjs.org/@react-navigation/native-stack/-/native-stack-7.14.12.tgz 0ms (cache hit)
5640 http cache @react-navigation/elements@https://registry.npmjs.org/@react-navigation/elements/-/elements-2.9.15.tgz 0ms (cache hit)
5641 http cache eslint-config-expo@https://registry.npmjs.org/eslint-config-expo/-/eslint-config-expo-10.0.0.tgz 0ms (cache hit)
5642 http cache axios@https://registry.npmjs.org/axios/-/axios-1.15.2.tgz 0ms (cache hit)
5643 http cache @react-navigation/native@https://registry.npmjs.org/@react-navigation/native/-/native-7.2.2.tgz 0ms (cache hit)
5644 http cache @react-navigation/bottom-tabs@https://registry.npmjs.org/@react-navigation/bottom-tabs/-/bottom-tabs-7.15.10.tgz 0ms (cache hit)
5645 http cache react-native-screens@https://registry.npmjs.org/react-native-screens/-/react-native-screens-4.16.0.tgz 0ms (cache hit)
5646 http cache expo@https://registry.npmjs.org/expo/-/expo-54.0.33.tgz 0ms (cache hit)
5647 http cache react-native-safe-area-context@https://registry.npmjs.org/react-native-safe-area-context/-/react-native-safe-area-context-5.6.2.tgz 0ms (cache hit)
5648 http cache expo-font@https://registry.npmjs.org/expo-font/-/expo-font-14.0.11.tgz 0ms (cache hit)
5649 http cache react@https://registry.npmjs.org/react/-/react-19.1.0.tgz 0ms (cache hit)
5650 http cache @expo/vector-icons@https://registry.npmjs.org/@expo/vector-icons/-/vector-icons-15.1.1.tgz 0ms (cache hit)
5651 http cache type-fest@https://registry.npmjs.org/type-fest/-/type-fest-0.21.3.tgz 0ms (cache hit)
5652 http cache react-native@https://registry.npmjs.org/react-native/-/react-native-0.81.5.tgz 0ms (cache hit)
5653 http cache has-flag@https://registry.npmjs.org/has-flag/-/has-flag-3.0.0.tgz 0ms (cache hit)
5654 http cache strip-json-comments@https://registry.npmjs.org/strip-json-comments/-/strip-json-comments-2.0.1.tgz 0ms (cache hit)
5655 http cache escape-string-regexp@https://registry.npmjs.org/escape-string-regexp/-/escape-string-regexp-1.0.5.tgz 0ms (cache hit)
5656 http cache color-name@https://registry.npmjs.org/color-name/-/color-name-1.1.3.tgz 0ms (cache hit)
5657 http cache lru-cache@https://registry.npmjs.org/lru-cache/-/lru-cache-10.4.3.tgz 0ms (cache hit)
5658 http cache color-convert@https://registry.npmjs.org/color-convert/-/color-convert-1.9.3.tgz 0ms (cache hit)
5659 http cache ansi-styles@https://registry.npmjs.org/ansi-styles/-/ansi-styles-3.2.1.tgz 0ms (cache hit)
5660 http cache supports-color@https://registry.npmjs.org/supports-color/-/supports-color-5.5.0.tgz 0ms (cache hit)
5661 http cache yallist@https://registry.npmjs.org/yallist/-/yallist-5.0.0.tgz 0ms (cache hit)
5662 http cache chalk@https://registry.npmjs.org/chalk/-/chalk-2.4.2.tgz 0ms (cache hit)
5663 http cache has-flag@https://registry.npmjs.org/has-flag/-/has-flag-3.0.0.tgz 0ms (cache hit)
5664 http cache color-name@https://registry.npmjs.org/color-name/-/color-name-1.1.3.tgz 0ms (cache hit)
5665 http cache resolve@https://registry.npmjs.org/resolve/-/resolve-1.7.1.tgz 0ms (cache hit)
5666 http cache ansi-regex@https://registry.npmjs.org/ansi-regex/-/ansi-regex-4.1.1.tgz 0ms (cache hit)
5667 http cache color-convert@https://registry.npmjs.org/color-convert/-/color-convert-1.9.3.tgz 0ms (cache hit)
5668 http cache supports-color@https://registry.npmjs.org/supports-color/-/supports-color-5.5.0.tgz 0ms (cache hit)
5669 http cache escape-string-regexp@https://registry.npmjs.org/escape-string-regexp/-/escape-string-regexp-1.0.5.tgz 0ms (cache hit)
5670 http cache ansi-styles@https://registry.npmjs.org/ansi-styles/-/ansi-styles-3.2.1.tgz 0ms (cache hit)
5671 http cache semver@https://registry.npmjs.org/semver/-/semver-7.7.4.tgz 0ms (cache hit)
5672 http cache chalk@https://registry.npmjs.org/chalk/-/chalk-2.4.2.tgz 0ms (cache hit)
5673 http cache strip-ansi@https://registry.npmjs.org/strip-ansi/-/strip-ansi-5.2.0.tgz 0ms (cache hit)
5674 http cache open@https://registry.npmjs.org/open/-/open-8.4.2.tgz 0ms (cache hit)
5675 http cache ms@https://registry.npmjs.org/ms/-/ms-2.0.0.tgz 0ms (cache hit)
5676 http cache negotiator@https://registry.npmjs.org/negotiator/-/negotiator-0.6.4.tgz 0ms (cache hit)
5677 http cache debug@https://registry.npmjs.org/debug/-/debug-3.2.7.tgz 0ms (cache hit)
5678 http cache has-flag@https://registry.npmjs.org/has-flag/-/has-flag-3.0.0.tgz 0ms (cache hit)
5679 http cache debug@https://registry.npmjs.org/debug/-/debug-2.6.9.tgz 0ms (cache hit)
5680 http cache color-name@https://registry.npmjs.org/color-name/-/color-name-1.1.3.tgz 0ms (cache hit)
5681 http cache color-convert@https://registry.npmjs.org/color-convert/-/color-convert-1.9.3.tgz 0ms (cache hit)
5682 http cache @xmldom/xmldom@https://registry.npmjs.org/@xmldom/xmldom/-/xmldom-0.9.10.tgz 0ms (cache hit)
5683 http cache escape-string-regexp@https://registry.npmjs.org/escape-string-regexp/-/escape-string-regexp-1.0.5.tgz 0ms (cache hit)
5684 http cache supports-color@https://registry.npmjs.org/supports-color/-/supports-color-5.5.0.tgz 0ms (cache hit)
5685 http cache source-map@https://registry.npmjs.org/source-map/-/source-map-0.6.1.tgz 0ms (cache hit)
5686 http cache chalk@https://registry.npmjs.org/chalk/-/chalk-2.4.2.tgz 0ms (cache hit)
5687 http cache statuses@https://registry.npmjs.org/statuses/-/statuses-2.0.2.tgz 0ms (cache hit)
5688 http cache ansi-styles@https://registry.npmjs.org/ansi-styles/-/ansi-styles-3.2.1.tgz 0ms (cache hit)
5689 http cache on-finished@https://registry.npmjs.org/on-finished/-/on-finished-2.4.1.tgz 0ms (cache hit)
5690 http cache @babel/generator@https://registry.npmjs.org/@babel/generator/-/generator-7.29.1.tgz 0ms (cache hit)
5691 http cache encodeurl@https://registry.npmjs.org/encodeurl/-/encodeurl-2.0.0.tgz 0ms (cache hit)
5692 http cache debug@https://registry.npmjs.org/debug/-/debug-2.6.9.tgz 0ms (cache hit)
5693 http cache deepmerge@https://registry.npmjs.org/deepmerge/-/deepmerge-3.3.0.tgz 0ms (cache hit)
5694 http cache react-is@https://registry.npmjs.org/react-is/-/react-is-16.13.1.tgz 0ms (cache hit)
5695 http cache promise@https://registry.npmjs.org/promise/-/promise-7.3.1.tgz 0ms (cache hit)
5696 http cache ms@https://registry.npmjs.org/ms/-/ms-2.0.0.tgz 0ms (cache hit)
5697 http cache glob@https://registry.npmjs.org/glob/-/glob-7.2.3.tgz 0ms (cache hit)
5698 http cache statuses@https://registry.npmjs.org/statuses/-/statuses-2.0.2.tgz 0ms (cache hit)
5699 http cache escape-string-regexp@https://registry.npmjs.org/escape-string-regexp/-/escape-string-regexp-2.0.0.tgz 1ms (cache hit)
5700 http cache glob@https://registry.npmjs.org/glob/-/glob-7.2.3.tgz 0ms (cache hit)
5701 http cache p-limit@https://registry.npmjs.org/p-limit/-/p-limit-2.3.0.tgz 0ms (cache hit)
5702 http cache p-locate@https://registry.npmjs.org/p-locate/-/p-locate-4.1.0.tgz 0ms (cache hit)
5703 http cache argparse@https://registry.npmjs.org/argparse/-/argparse-1.0.10.tgz 0ms (cache hit)
5704 http cache js-yaml@https://registry.npmjs.org/js-yaml/-/js-yaml-3.14.2.tgz 0ms (cache hit)
5705 http cache ms@https://registry.npmjs.org/ms/-/ms-2.0.0.tgz 0ms (cache hit)
5706 http cache find-up@https://registry.npmjs.org/find-up/-/find-up-4.1.0.tgz 0ms (cache hit)
5707 http cache debug@https://registry.npmjs.org/debug/-/debug-2.6.9.tgz 0ms (cache hit)
5708 http cache camelcase@https://registry.npmjs.org/camelcase/-/camelcase-5.3.1.tgz 0ms (cache hit)
5709 http cache encodeurl@https://registry.npmjs.org/encodeurl/-/encodeurl-2.0.0.tgz 0ms (cache hit)
5710 http cache ws@https://registry.npmjs.org/ws/-/ws-6.2.3.tgz 0ms (cache hit)
5711 http cache semver@https://registry.npmjs.org/semver/-/semver-7.7.4.tgz 0ms (cache hit)
5712 http cache commander@https://registry.npmjs.org/commander/-/commander-2.20.3.tgz 0ms (cache hit)
5713 http cache locate-path@https://registry.npmjs.org/locate-path/-/locate-path-5.0.0.tgz 0ms (cache hit)
5714 http cache debug@https://registry.npmjs.org/debug/-/debug-2.6.9.tgz 0ms (cache hit)
5715 http cache ms@https://registry.npmjs.org/ms/-/ms-2.0.0.tgz 0ms (cache hit)
5716 http cache supports-color@https://registry.npmjs.org/supports-color/-/supports-color-8.1.1.tgz 0ms (cache hit)
5717 http cache lru-cache@https://registry.npmjs.org/lru-cache/-/lru-cache-11.3.5.tgz 0ms (cache hit)
5718 http cache debug@https://registry.npmjs.org/debug/-/debug-2.6.9.tgz 0ms (cache hit)
5719 http cache semver@https://registry.npmjs.org/semver/-/semver-7.7.4.tgz 0ms (cache hit)
5720 http cache ci-info@https://registry.npmjs.org/ci-info/-/ci-info-3.9.0.tgz 0ms (cache hit)
5721 http cache semver@https://registry.npmjs.org/semver/-/semver-7.7.4.tgz 0ms (cache hit)
5722 http cache glob@https://registry.npmjs.org/glob/-/glob-7.2.3.tgz 0ms (cache hit)
5723 http cache hermes-estree@https://registry.npmjs.org/hermes-estree/-/hermes-estree-0.32.0.tgz 0ms (cache hit)
5724 http cache hermes-parser@https://registry.npmjs.org/hermes-parser/-/hermes-parser-0.32.0.tgz 0ms (cache hit)
5725 http cache resolve@https://registry.npmjs.org/resolve/-/resolve-1.22.12.tgz 0ms (cache hit)
5726 http cache commander@https://registry.npmjs.org/commander/-/commander-4.1.1.tgz 0ms (cache hit)
5727 http cache xmlbuilder@https://registry.npmjs.org/xmlbuilder/-/xmlbuilder-11.0.1.tgz 0ms (cache hit)
5728 http cache hermes-parser@https://registry.npmjs.org/hermes-parser/-/hermes-parser-0.32.0.tgz 0ms (cache hit)
5729 http cache hermes-estree@https://registry.npmjs.org/hermes-estree/-/hermes-estree-0.32.0.tgz 0ms (cache hit)
5730 http cache webidl-conversions@https://registry.npmjs.org/webidl-conversions/-/webidl-conversions-5.0.0.tgz 0ms (cache hit)
5731 http cache balanced-match@https://registry.npmjs.org/balanced-match/-/balanced-match-4.0.4.tgz 0ms (cache hit)
5732 http cache brace-expansion@https://registry.npmjs.org/brace-expansion/-/brace-expansion-5.0.5.tgz 0ms (cache hit)
5733 http cache minimatch@https://registry.npmjs.org/minimatch/-/minimatch-9.0.9.tgz 0ms (cache hit)
5734 http cache react-is@https://registry.npmjs.org/react-is/-/react-is-18.3.1.tgz 0ms (cache hit)
5735 http cache brace-expansion@https://registry.npmjs.org/brace-expansion/-/brace-expansion-2.1.0.tgz 0ms (cache hit)
5736 http cache ansi-styles@https://registry.npmjs.org/ansi-styles/-/ansi-styles-5.2.0.tgz 0ms (cache hit)
5737 http cache semver@https://registry.npmjs.org/semver/-/semver-7.7.4.tgz 0ms (cache hit)
5738 http cache semver@https://registry.npmjs.org/semver/-/semver-7.7.4.tgz 0ms (cache hit)
5739 http cache minimatch@https://registry.npmjs.org/minimatch/-/minimatch-10.2.5.tgz 0ms (cache hit)
5740 http cache brace-expansion@https://registry.npmjs.org/brace-expansion/-/brace-expansion-2.1.0.tgz 0ms (cache hit)
5741 http cache semver@https://registry.npmjs.org/semver/-/semver-7.7.4.tgz 0ms (cache hit)
5742 http cache minimatch@https://registry.npmjs.org/minimatch/-/minimatch-9.0.9.tgz 0ms (cache hit)
5743 http cache @babel/code-frame@https://registry.npmjs.org/@babel/code-frame/-/code-frame-7.10.4.tgz 0ms (cache hit)
5744 http cache json5@https://registry.npmjs.org/json5/-/json5-1.0.2.tgz 0ms (cache hit)
5745 http cache react-is@https://registry.npmjs.org/react-is/-/react-is-16.13.1.tgz 0ms (cache hit)
5746 http cache debug@https://registry.npmjs.org/debug/-/debug-3.2.7.tgz 0ms (cache hit)
5747 http cache debug@https://registry.npmjs.org/debug/-/debug-3.2.7.tgz 0ms (cache hit)
5748 http cache semver@https://registry.npmjs.org/semver/-/semver-7.7.4.tgz 0ms (cache hit)
5749 http cache balanced-match@https://registry.npmjs.org/balanced-match/-/balanced-match-4.0.4.tgz 0ms (cache hit)
5750 http cache fdir@https://registry.npmjs.org/fdir/-/fdir-6.5.0.tgz 0ms (cache hit)
5751 http cache picomatch@https://registry.npmjs.org/picomatch/-/picomatch-4.0.4.tgz 0ms (cache hit)
5752 http cache brace-expansion@https://registry.npmjs.org/brace-expansion/-/brace-expansion-5.0.5.tgz 0ms (cache hit)
5753 http cache debug@https://registry.npmjs.org/debug/-/debug-3.2.7.tgz 0ms (cache hit)
5754 http cache eslint-visitor-keys@https://registry.npmjs.org/eslint-visitor-keys/-/eslint-visitor-keys-5.0.1.tgz 0ms (cache hit)
5755 http cache semver@https://registry.npmjs.org/semver/-/semver-7.7.4.tgz 0ms (cache hit)
5756 http cache resolve-from@https://registry.npmjs.org/resolve-from/-/resolve-from-4.0.0.tgz 0ms (cache hit)
5757 http cache minimatch@https://registry.npmjs.org/minimatch/-/minimatch-10.2.5.tgz 0ms (cache hit)
5758 http cache eslint-visitor-keys@https://registry.npmjs.org/eslint-visitor-keys/-/eslint-visitor-keys-3.4.3.tgz 0ms (cache hit)
5759 http cache ignore@https://registry.npmjs.org/ignore/-/ignore-7.0.5.tgz 0ms (cache hit)
5760 http cache memoize-one@https://registry.npmjs.org/memoize-one/-/memoize-one-6.0.0.tgz 0ms (cache hit)
5761 http cache @react-native/normalize-colors@https://registry.npmjs.org/@react-native/normalize-colors/-/normalize-colors-0.74.89.tgz 0ms (cache hit)
5762 http cache semver@https://registry.npmjs.org/semver/-/semver-7.7.2.tgz 0ms (cache hit)
5763 http cache semver@https://registry.npmjs.org/semver/-/semver-7.7.4.tgz 0ms (cache hit)
5764 http cache color-name@https://registry.npmjs.org/color-name/-/color-name-1.1.3.tgz 0ms (cache hit)
5765 http cache color-convert@https://registry.npmjs.org/color-convert/-/color-convert-1.9.3.tgz 0ms (cache hit)
5766 http cache color@https://registry.npmjs.org/color/-/color-3.2.1.tgz 0ms (cache hit)
5767 http cache brace-expansion@https://registry.npmjs.org/brace-expansion/-/brace-expansion-2.1.0.tgz 0ms (cache hit)
5768 http cache ws@https://registry.npmjs.org/ws/-/ws-8.20.0.tgz 0ms (cache hit)
5769 http cache semver@https://registry.npmjs.org/semver/-/semver-7.7.4.tgz 0ms (cache hit)
5770 http cache resolve@https://registry.npmjs.org/resolve/-/resolve-1.22.12.tgz 0ms (cache hit)
5771 http cache picomatch@https://registry.npmjs.org/picomatch/-/picomatch-3.0.2.tgz 0ms (cache hit)
5772 http cache @expo/cli@https://registry.npmjs.org/@expo/cli/-/cli-54.0.23.tgz 0ms (cache hit)
5773 http cache ci-info@https://registry.npmjs.org/ci-info/-/ci-info-3.9.0.tgz 0ms (cache hit)
5774 http cache minimatch@https://registry.npmjs.org/minimatch/-/minimatch-9.0.9.tgz 0ms (cache hit)
5775 http cache semver@https://registry.npmjs.org/semver/-/semver-7.7.4.tgz 0ms (cache hit)
5776 http cache ws@https://registry.npmjs.org/ws/-/ws-6.2.3.tgz 0ms (cache hit)
5777 http cache globals@https://registry.npmjs.org/globals/-/globals-16.5.0.tgz 0ms (cache hit)
5778 http cache glob@https://registry.npmjs.org/glob/-/glob-7.2.3.tgz 0ms (cache hit)
5779 http cache ms@https://registry.npmjs.org/ms/-/ms-2.0.0.tgz 0ms (cache hit)
5780 http cache commander@https://registry.npmjs.org/commander/-/commander-12.1.0.tgz 0ms (cache hit)
5781 http cache @react-native/virtualized-lists@https://registry.npmjs.org/@react-native/virtualized-lists/-/virtualized-lists-0.81.5.tgz 0ms (cache hit)
5782 http fetch POST 200 https://registry.npmjs.org/-/npm/v1/security/advisories/bulk 4332ms
5783 silly audit report {
5783 silly audit report   postcss: [
5783 silly audit report     {
5783 silly audit report       id: 1117015,
5783 silly audit report       url: 'https://github.com/advisories/GHSA-qx2v-qp2m-jg93',
5783 silly audit report       title: 'PostCSS has XSS via Unescaped </style> in its CSS Stringify Output',
5783 silly audit report       severity: 'moderate',
5783 silly audit report       vulnerable_versions: '<8.5.10',
5783 silly audit report       cwe: [Array],
5783 silly audit report       cvss: [Object]
5783 silly audit report     }
5783 silly audit report   ],
5783 silly audit report   uuid: [
5783 silly audit report     {
5783 silly audit report       id: 1116970,
5783 silly audit report       url: 'https://github.com/advisories/GHSA-w5hq-g745-h8pq',
5783 silly audit report       title: 'uuid: Missing buffer bounds check in v3/v5/v6 when buf is provided',
5783 silly audit report       severity: 'moderate',
5783 silly audit report       vulnerable_versions: '<14.0.0',
5783 silly audit report       cwe: [Array],
5783 silly audit report       cvss: [Object]
5783 silly audit report     }
5783 silly audit report   ]
5783 silly audit report }
5784 silly packumentCache corgi:https://registry.npmjs.org/postcss cache-miss
5785 silly packumentCache corgi:https://registry.npmjs.org/uuid cache-miss
5786 warn deprecated inflight@1.0.6: This module is not supported, and leaks memory. Do not use it. Check out lru-cache if you want a good and tested way to coalesce async requests by a key value, which is much more comprehensive and powerful.
5787 http cache https://registry.npmjs.org/uuid 8573ms (cache hit)
5788 silly packumentCache corgi:https://registry.npmjs.org/uuid set size:72733 disposed:false
5789 http cache https://registry.npmjs.org/postcss 8580ms (cache hit)
5790 silly packumentCache corgi:https://registry.npmjs.org/postcss set size:342185 disposed:false
5791 silly packumentCache corgi:https://registry.npmjs.org/@expo%2fmetro-config cache-miss
5792 warn deprecated rimraf@3.0.2: Rimraf versions prior to v4 are no longer supported
5793 warn deprecated glob@7.2.3: Old versions of glob are not supported, and contain widely publicized security vulnerabilities, which have been fixed in the current version. Please update. Support for old versions may be purchased (at exorbitant rates) by contacting i@izs.me
5794 warn deprecated glob@7.2.3: Old versions of glob are not supported, and contain widely publicized security vulnerabilities, which have been fixed in the current version. Please update. Support for old versions may be purchased (at exorbitant rates) by contacting i@izs.me
5795 warn deprecated glob@7.2.3: Old versions of glob are not supported, and contain widely publicized security vulnerabilities, which have been fixed in the current version. Please update. Support for old versions may be purchased (at exorbitant rates) by contacting i@izs.me
5796 warn deprecated glob@7.2.3: Old versions of glob are not supported, and contain widely publicized security vulnerabilities, which have been fixed in the current version. Please update. Support for old versions may be purchased (at exorbitant rates) by contacting i@izs.me
5797 http cache https://registry.npmjs.org/@expo%2fmetro-config 2812ms (cache hit)
5798 silly packumentCache corgi:https://registry.npmjs.org/@expo%2fmetro-config set size:532259 disposed:false
5799 silly packumentCache corgi:https://registry.npmjs.org/xcode cache-miss
5800 http cache https://registry.npmjs.org/xcode 1439ms (cache hit)
5801 silly packumentCache corgi:https://registry.npmjs.org/xcode set size:1850340 disposed:false
5802 silly packumentCache corgi:https://registry.npmjs.org/expo cache-miss
5803 silly packumentCache corgi:https://registry.npmjs.org/@expo%2fcli cache-miss
5804 http cache https://registry.npmjs.org/@expo%2fcli 1097ms (cache hit)
5805 silly packumentCache corgi:https://registry.npmjs.org/@expo%2fcli set size:1494567 disposed:false
5806 http cache https://registry.npmjs.org/expo 1167ms (cache hit)
5807 silly packumentCache corgi:https://registry.npmjs.org/expo set size:1673793 disposed:false
5808 silly packumentCache corgi:https://registry.npmjs.org/@expo%2fconfig-plugins cache-miss
5809 http cache https://registry.npmjs.org/@expo%2fconfig-plugins 1031ms (cache hit)
5810 silly packumentCache corgi:https://registry.npmjs.org/@expo%2fconfig-plugins set size:389308 disposed:false
5811 silly packumentCache corgi:https://registry.npmjs.org/expo-font cache-miss
5812 silly packumentCache corgi:https://registry.npmjs.org/expo-constants cache-miss
5813 silly packumentCache corgi:https://registry.npmjs.org/expo-haptics cache-miss
5814 silly packumentCache corgi:https://registry.npmjs.org/expo-image cache-miss
5815 silly packumentCache corgi:https://registry.npmjs.org/expo-secure-store cache-miss
5816 silly packumentCache corgi:https://registry.npmjs.org/expo-splash-screen cache-miss
5817 silly packumentCache corgi:https://registry.npmjs.org/expo-symbols cache-miss
5818 silly packumentCache corgi:https://registry.npmjs.org/expo-system-ui cache-miss
5819 silly packumentCache corgi:https://registry.npmjs.org/expo-web-browser cache-miss
5820 silly packumentCache corgi:https://registry.npmjs.org/babel-preset-expo cache-miss
5821 silly packumentCache corgi:https://registry.npmjs.org/expo-asset cache-miss
5822 silly packumentCache corgi:https://registry.npmjs.org/expo-file-system cache-miss
5823 silly packumentCache corgi:https://registry.npmjs.org/expo-keep-awake cache-miss
5824 silly packumentCache corgi:https://registry.npmjs.org/@expo%2fprebuild-config cache-miss
5825 http cache https://registry.npmjs.org/expo-haptics 522ms (cache hit)
5826 silly packumentCache corgi:https://registry.npmjs.org/expo-haptics set size:163933 disposed:false
5827 http cache https://registry.npmjs.org/expo-secure-store 527ms (cache hit)
5828 silly packumentCache corgi:https://registry.npmjs.org/expo-secure-store set size:167050 disposed:false
5829 http cache https://registry.npmjs.org/expo-font 538ms (cache hit)
5830 silly packumentCache corgi:https://registry.npmjs.org/expo-font set size:221876 disposed:false
5831 http cache https://registry.npmjs.org/expo-image 541ms (cache hit)
5832 silly packumentCache corgi:https://registry.npmjs.org/expo-image set size:207492 disposed:false
5833 http cache https://registry.npmjs.org/expo-constants 555ms (cache hit)
5834 silly packumentCache corgi:https://registry.npmjs.org/expo-constants set size:263942 disposed:false
5835 http cache https://registry.npmjs.org/expo-symbols 557ms (cache hit)
5836 silly packumentCache corgi:https://registry.npmjs.org/expo-symbols set size:126031 disposed:false
5837 http cache https://registry.npmjs.org/expo-splash-screen 565ms (cache hit)
5838 silly packumentCache corgi:https://registry.npmjs.org/expo-splash-screen set size:254740 disposed:false
5839 http cache https://registry.npmjs.org/expo-system-ui 569ms (cache hit)
5840 silly packumentCache corgi:https://registry.npmjs.org/expo-system-ui set size:182876 disposed:false
5841 http cache https://registry.npmjs.org/expo-web-browser 574ms (cache hit)
5842 silly packumentCache corgi:https://registry.npmjs.org/expo-web-browser set size:190853 disposed:false
5843 http cache https://registry.npmjs.org/babel-preset-expo 580ms (cache hit)
5844 silly packumentCache corgi:https://registry.npmjs.org/babel-preset-expo set size:448197 disposed:false
5845 http cache https://registry.npmjs.org/expo-asset 588ms (cache hit)
5846 silly packumentCache corgi:https://registry.npmjs.org/expo-asset set size:277819 disposed:false
5847 http cache https://registry.npmjs.org/expo-keep-awake 592ms (cache hit)
5848 silly packumentCache corgi:https://registry.npmjs.org/expo-keep-awake set size:175193 disposed:false
5849 http cache https://registry.npmjs.org/@expo%2fprebuild-config 600ms (cache hit)
5850 silly packumentCache corgi:https://registry.npmjs.org/@expo%2fprebuild-config set size:351473 disposed:false
5851 http cache https://registry.npmjs.org/expo-file-system 613ms (cache hit)
5852 silly packumentCache corgi:https://registry.npmjs.org/expo-file-system set size:270105 disposed:false
5853 silly packumentCache corgi:https://registry.npmjs.org/@expo%2fconfig cache-miss
5854 http cache https://registry.npmjs.org/@expo%2fconfig 895ms (cache hit)
5855 silly packumentCache corgi:https://registry.npmjs.org/@expo%2fconfig set size:519425 disposed:false
5856 silly packumentCache corgi:https://registry.npmjs.org/expo-linking cache-miss
5857 http cache https://registry.npmjs.org/expo-linking 563ms (cache hit)
5858 silly packumentCache corgi:https://registry.npmjs.org/expo-linking set size:189922 disposed:false
5859 info run unrs-resolver@1.11.1 postinstall node_modules/unrs-resolver napi-postinstall unrs-resolver 1.11.1 check
5860 info run unrs-resolver@1.11.1 postinstall { code: 0, signal: null }
5861 silly ADD node_modules/define-lazy-prop
5862 silly ADD node_modules/clone
5863 silly ADD node_modules/defaults
5864 silly ADD node_modules/supports-hyperlinks
5865 silly ADD node_modules/ansi-escapes
5866 silly ADD node_modules/ansi-escapes/node_modules/type-fest
5867 silly ADD node_modules/minizlib
5868 silly ADD node_modules/chownr
5869 silly ADD node_modules/@isaacs/fs-minipass
5870 silly ADD node_modules/mimic-fn
5871 silly ADD node_modules/onetime
5872 silly ADD node_modules/ini
5873 silly ADD node_modules/deep-extend
5874 silly ADD node_modules/rc
5875 silly ADD node_modules/rc/node_modules/strip-json-comments
5876 silly ADD node_modules/nested-error-stacks
5877 silly ADD node_modules/sisteransi
5878 silly ADD node_modules/kleur
5879 silly ADD node_modules/restore-cursor
5880 silly ADD node_modules/wcwidth
5881 silly ADD node_modules/log-symbols
5882 silly ADD node_modules/log-symbols/node_modules/has-flag
5883 silly ADD node_modules/log-symbols/node_modules/color-name
5884 silly ADD node_modules/log-symbols/node_modules/color-convert
5885 silly ADD node_modules/log-symbols/node_modules/supports-color
5886 silly ADD node_modules/log-symbols/node_modules/escape-string-regexp
5887 silly ADD node_modules/log-symbols/node_modules/ansi-styles
5888 silly ADD node_modules/log-symbols/node_modules/chalk
5889 silly ADD node_modules/cli-spinners
5890 silly ADD node_modules/cli-cursor
5891 silly ADD node_modules/validate-npm-package-name
5892 silly ADD node_modules/proc-log
5893 silly ADD node_modules/hosted-git-info
5894 silly ADD node_modules/hosted-git-info/node_modules/lru-cache
5895 silly ADD node_modules/vary
5896 silly ADD node_modules/safe-buffer
5897 silly ADD node_modules/on-headers
5898 silly ADD node_modules/compressible
5899 silly ADD node_modules/bytes
5900 silly ADD node_modules/wonka
5901 silly ADD node_modules/@expo/sudo-prompt
5902 silly ADD node_modules/undici
5903 silly ADD node_modules/terminal-link
5904 silly ADD node_modules/tar
5905 silly ADD node_modules/tar/node_modules/yallist
5906 silly ADD node_modules/structured-headers
5907 silly ADD node_modules/resolve.exports
5908 silly ADD node_modules/requireg
5909 silly ADD node_modules/requireg/node_modules/resolve
5910 silly ADD node_modules/qrcode-terminal
5911 silly ADD node_modules/prompts
5912 silly ADD node_modules/progress
5913 silly ADD node_modules/pretty-bytes
5914 silly ADD node_modules/ora
5915 silly ADD node_modules/ora/node_modules/has-flag
5916 silly ADD node_modules/ora/node_modules/ansi-regex
5917 silly ADD node_modules/ora/node_modules/color-name
5918 silly ADD node_modules/ora/node_modules/color-convert
5919 silly ADD node_modules/ora/node_modules/supports-color
5920 silly ADD node_modules/ora/node_modules/escape-string-regexp
5921 silly ADD node_modules/ora/node_modules/ansi-styles
5922 silly ADD node_modules/ora/node_modules/strip-ansi
5923 silly ADD node_modules/ora/node_modules/chalk
5924 silly ADD node_modules/npm-package-arg
5925 silly ADD node_modules/npm-package-arg/node_modules/semver
5926 silly ADD node_modules/node-forge
5927 silly ADD node_modules/lan-network
5928 silly ADD node_modules/freeport-async
5929 silly ADD node_modules/expo-server
5930 silly ADD node_modules/env-editor
5931 silly ADD node_modules/compression
5932 silly ADD node_modules/compression/node_modules/ms
5933 silly ADD node_modules/compression/node_modules/negotiator
5934 silly ADD node_modules/compression/node_modules/debug
5935 silly ADD node_modules/better-opn
5936 silly ADD node_modules/better-opn/node_modules/open
5937 silly ADD node_modules/@urql/exchange-retry
5938 silly ADD node_modules/@urql/core
5939 silly ADD node_modules/@expo/xcpretty
5940 silly ADD node_modules/@expo/ws-tunnel
5941 silly ADD node_modules/@expo/schema-utils
5942 silly ADD node_modules/@expo/package-manager
5943 silly ADD node_modules/@expo/osascript
5944 silly ADD node_modules/@expo/devcert
5945 silly ADD node_modules/@expo/devcert/node_modules/debug
5946 silly ADD node_modules/@expo/code-signing-certificates
5947 silly ADD node_modules/@0no-co/graphql.web
5948 silly ADD node_modules/async-limiter
5949 silly ADD node_modules/wrappy
5950 silly ADD node_modules/path-is-absolute
5951 silly ADD node_modules/once
5952 silly ADD node_modules/inflight
5953 silly ADD node_modules/fs.realpath
5954 silly ADD node_modules/p-try
5955 silly ADD node_modules/sprintf-js
5956 silly ADD node_modules/esprima
5957 silly ADD node_modules/@babel/highlight
5958 silly ADD node_modules/@babel/highlight/node_modules/has-flag
5959 silly ADD node_modules/@babel/highlight/node_modules/color-name
5960 silly ADD node_modules/@babel/highlight/node_modules/color-convert
5961 silly ADD node_modules/@babel/highlight/node_modules/supports-color
5962 silly ADD node_modules/@babel/highlight/node_modules/escape-string-regexp
5963 silly ADD node_modules/@babel/highlight/node_modules/ansi-styles
5964 silly ADD node_modules/@babel/highlight/node_modules/chalk
5965 silly ADD node_modules/is-fullwidth-code-point
5966 silly ADD node_modules/emoji-regex
5967 silly ADD node_modules/wrap-ansi
5968 silly ADD node_modules/strip-ansi
5969 silly ADD node_modules/yargs-parser
5970 silly ADD node_modules/y18n
5971 silly ADD node_modules/string-width
5972 silly ADD node_modules/require-directory
5973 silly ADD node_modules/get-caller-file
5974 silly ADD node_modules/cliui
5975 silly ADD node_modules/sax
5976 silly ADD node_modules/big-integer
5977 silly ADD node_modules/stream-buffers
5978 silly ADD node_modules/plist
5979 silly ADD node_modules/plist/node_modules/@xmldom/xmldom
5980 silly ADD node_modules/bplist-parser
5981 silly ADD node_modules/bplist-creator
5982 silly ADD node_modules/uuid
5983 silly ADD node_modules/simple-plist
5984 silly ADD node_modules/signal-exit
5985 silly ADD node_modules/is-weakset
5986 silly ADD node_modules/is-weakmap
5987 silly ADD node_modules/is-map
5988 silly ADD node_modules/generator-function
5989 silly ADD node_modules/async-function
5990 silly ADD node_modules/which-collection
5991 silly ADD node_modules/is-generator-function
5992 silly ADD node_modules/is-finalizationregistry
5993 silly ADD node_modules/is-async-function
5994 silly ADD node_modules/is-number-object
5995 silly ADD node_modules/is-boolean-object
5996 silly ADD node_modules/is-bigint
5997 silly ADD node_modules/isexe
5998 silly ADD node_modules/ieee754
5999 silly ADD node_modules/buffer
6000 silly ADD node_modules/webidl-conversions
6001 silly ADD node_modules/tr46
6002 silly ADD node_modules/tmpl
6003 silly ADD node_modules/makeerror
6004 silly ADD node_modules/punycode
6005 silly ADD node_modules/escalade
6006 silly ADD
6007 silly ADD
6008 silly ADD
6009 silly ADD
6010 silly ADD
6011 silly ADD
6012 silly ADD node_modules/napi-postinstall
6013 silly ADD node_modules/@unrs/resolver-binding-win32-x64-msvc
6014 silly ADD
6015 silly ADD
6016 silly ADD
6017 silly ADD
6018 silly ADD
6019 silly ADD
6020 silly ADD
6021 silly ADD
6022 silly ADD
6023 silly ADD
6024 silly ADD
6025 silly ADD
6026 silly ADD
6027 silly ADD
6028 silly ADD
6029 silly ADD
6030 silly ADD
6031 silly ADD
6032 silly ADD node_modules/unicode-property-aliases-ecmascript
6033 silly ADD node_modules/unicode-canonical-property-names-ecmascript
6034 silly ADD node_modules/which-boxed-primitive
6035 silly ADD node_modules/has-bigints
6036 silly ADD node_modules/which-builtin-type
6037 silly ADD node_modules/reflect.getprototypeof
6038 silly ADD node_modules/for-each
6039 silly ADD node_modules/strip-bom
6040 silly ADD node_modules/minimist
6041 silly ADD node_modules/@types/json5
6042 silly ADD node_modules/is-number
6043 silly ADD node_modules/thenify
6044 silly ADD node_modules/buffer-from
6045 silly ADD node_modules/source-map-support
6046 silly ADD node_modules/source-map-support/node_modules/source-map
6047 silly ADD node_modules/@jridgewell/source-map
6048 silly ADD node_modules/has-flag
6049 silly ADD node_modules/thenify-all
6050 silly ADD node_modules/any-promise
6051 silly ADD node_modules/ts-interface-checker
6052 silly ADD node_modules/mz
6053 silly ADD node_modules/lines-and-columns
6054 silly ADD node_modules/type-fest
6055 silly ADD node_modules/is-arrayish
6056 silly ADD node_modules/side-channel-weakmap
6057 silly ADD node_modules/side-channel-map
6058 silly ADD node_modules/side-channel-list
6059 silly ADD node_modules/shebang-regex
6060 silly ADD node_modules/toidentifier
6061 silly ADD node_modules/setprototypeof
6062 silly ADD node_modules/range-parser
6063 silly ADD node_modules/mime
6064 silly ADD node_modules/http-errors
6065 silly ADD node_modules/http-errors/node_modules/statuses
6066 silly ADD node_modules/fresh
6067 silly ADD node_modules/etag
6068 silly ADD node_modules/destroy
6069 silly ADD node_modules/depd
6070 silly ADD node_modules/send
6071 silly ADD node_modules/send/node_modules/statuses
6072 silly ADD node_modules/send/node_modules/on-finished
6073 silly ADD node_modules/send/node_modules/encodeurl
6074 silly ADD node_modules/send/node_modules/debug
6075 silly ADD node_modules/send/node_modules/debug/node_modules/ms
6076 silly ADD node_modules/isarray
6077 silly ADD node_modules/supports-preserve-symlinks-flag
6078 silly ADD node_modules/path-parse
6079 silly ADD node_modules/node-exports-info
6080 silly ADD node_modules/unicode-match-property-value-ecmascript
6081 silly ADD node_modules/unicode-match-property-ecmascript
6082 silly ADD node_modules/regjsparser
6083 silly ADD node_modules/regjsgen
6084 silly ADD node_modules/regenerate-unicode-properties
6085 silly ADD node_modules/regenerate
6086 silly ADD node_modules/@babel/plugin-transform-template-literals
6087 silly ADD node_modules/whatwg-url
6088 silly ADD node_modules/hyphenate-style-name
6089 silly ADD node_modules/css-in-js-utils
6090 silly ADD node_modules/node-fetch
6091 silly ADD node_modules/ua-parser-js
6092 silly ADD node_modules/setimmediate
6093 silly ADD node_modules/fbjs-css-vars
6094 silly ADD node_modules/cross-fetch
6095 silly ADD node_modules/styleq
6096 silly ADD node_modules/postcss-value-parser
6097 silly ADD node_modules/inline-style-prefixer
6098 silly ADD node_modules/fbjs
6099 silly ADD node_modules/fbjs/node_modules/promise
6100 silly ADD node_modules/react-freeze
6101 silly ADD node_modules/@callstack/react-theme-provider
6102 silly ADD node_modules/@callstack/react-theme-provider/node_modules/deepmerge
6103 silly ADD node_modules/@types/hammerjs
6104 silly ADD node_modules/hoist-non-react-statics
6105 silly ADD node_modules/hoist-non-react-statics/node_modules/react-is
6106 silly ADD node_modules/@egjs/hammerjs
6107 silly ADD node_modules/shell-quote
6108 silly ADD node_modules/asap
6109 silly ADD node_modules/marky
6110 silly ADD node_modules/stack-utils
6111 silly ADD node_modules/stack-utils/node_modules/escape-string-regexp
6112 silly ADD node_modules/@types/stack-utils
6113 silly ADD node_modules/normalize-path
6114 silly ADD
6115 silly ADD node_modules/anymatch
6116 silly ADD node_modules/@types/graceful-fs
6117 silly ADD node_modules/type-detect
6118 silly ADD node_modules/@sinonjs/commons
6119 silly ADD node_modules/jest-message-util
6120 silly ADD node_modules/@sinonjs/fake-timers
6121 silly ADD node_modules/jest-mock
6122 silly ADD node_modules/@jest/fake-timers
6123 silly ADD node_modules/@jest/environment
6124 silly ADD node_modules/istanbul-lib-coverage
6125 silly ADD node_modules/is-docker
6126 silly ADD node_modules/rimraf
6127 silly ADD node_modules/rimraf/node_modules/glob
6128 silly ADD node_modules/mkdirp
6129 silly ADD node_modules/lighthouse-logger
6130 silly ADD node_modules/lighthouse-logger/node_modules/ms
6131 silly ADD node_modules/lighthouse-logger/node_modules/debug
6132 silly ADD node_modules/is-wsl
6133 silly ADD node_modules/@babel/plugin-syntax-top-level-await
6134 silly ADD node_modules/@babel/plugin-syntax-private-property-in-object
6135 silly ADD node_modules/@babel/plugin-syntax-optional-catch-binding
6136 silly ADD node_modules/@babel/plugin-syntax-object-rest-spread
6137 silly ADD node_modules/@babel/plugin-syntax-numeric-separator
6138 silly ADD node_modules/@babel/plugin-syntax-logical-assignment-operators
6139 silly ADD node_modules/@babel/plugin-syntax-json-strings
6140 silly ADD node_modules/@babel/plugin-syntax-import-meta
6141 silly ADD node_modules/@babel/plugin-syntax-import-attributes
6142 silly ADD node_modules/@babel/plugin-syntax-class-static-block
6143 silly ADD node_modules/@babel/plugin-syntax-class-properties
6144 silly ADD node_modules/@babel/plugin-syntax-bigint
6145 silly ADD node_modules/@babel/plugin-syntax-async-generators
6146 silly ADD node_modules/babel-preset-current-node-syntax
6147 silly ADD node_modules/babel-plugin-jest-hoist
6148 silly ADD node_modules/get-package-type
6149 silly ADD node_modules/test-exclude
6150 silly ADD node_modules/test-exclude/node_modules/glob
6151 silly ADD node_modules/istanbul-lib-instrument
6152 silly ADD node_modules/@istanbuljs/schema
6153 silly ADD node_modules/@istanbuljs/load-nyc-config
6154 silly ADD node_modules/@istanbuljs/load-nyc-config/node_modules/p-limit
6155 silly ADD node_modules/@istanbuljs/load-nyc-config/node_modules/p-locate
6156 silly ADD node_modules/@istanbuljs/load-nyc-config/node_modules/argparse
6157 silly ADD node_modules/@istanbuljs/load-nyc-config/node_modules/locate-path
6158 silly ADD node_modules/@istanbuljs/load-nyc-config/node_modules/js-yaml
6159 silly ADD node_modules/@istanbuljs/load-nyc-config/node_modules/find-up
6160 silly ADD node_modules/@istanbuljs/load-nyc-config/node_modules/camelcase
6161 silly ADD node_modules/@types/babel__traverse
6162 silly ADD node_modules/@types/babel__template
6163 silly ADD node_modules/@types/babel__generator
6164 silly ADD node_modules/write-file-atomic
6165 silly ADD node_modules/pirates
6166 silly ADD node_modules/jest-regex-util
6167 silly ADD node_modules/jest-haste-map
6168 silly ADD node_modules/babel-preset-jest
6169 silly ADD node_modules/babel-plugin-istanbul
6170 silly ADD node_modules/@types/babel__core
6171 silly ADD node_modules/@jest/transform
6172 silly ADD node_modules/event-target-shim
6173 silly ADD node_modules/serve-static
6174 silly ADD node_modules/serve-static/node_modules/encodeurl
6175 silly ADD node_modules/open
6176 silly ADD node_modules/chromium-edge-launcher
6177 silly ADD node_modules/chrome-launcher
6178 silly ADD node_modules/@react-native/debugger-frontend
6179 silly ADD node_modules/@isaacs/ttlcache
6180 silly ADD node_modules/@react-native/dev-middleware
6181 silly ADD node_modules/@react-native/dev-middleware/node_modules/ws
6182 silly ADD node_modules/whatwg-fetch
6183 silly ADD node_modules/stacktrace-parser
6184 silly ADD node_modules/regenerator-runtime
6185 silly ADD node_modules/react-devtools-core
6186 silly ADD node_modules/promise
6187 silly ADD node_modules/memoize-one
6188 silly ADD node_modules/jest-environment-node
6189 silly ADD node_modules/babel-jest
6190 silly ADD node_modules/ansi-regex
6191 silly ADD node_modules/anser
6192 silly ADD node_modules/abort-controller
6193 silly ADD node_modules/@react-native/js-polyfills
6194 silly ADD node_modules/@react-native/gradle-plugin
6195 silly ADD node_modules/@react-native/community-cli-plugin
6196 silly ADD node_modules/@react-native/community-cli-plugin/node_modules/semver
6197 silly ADD node_modules/@react-native/assets-registry
6198 silly ADD node_modules/@jest/create-cache-key-function
6199 silly ADD node_modules/scheduler
6200 silly ADD node_modules/inherits
6201 silly ADD node_modules/strict-uri-encode
6202 silly ADD node_modules/split-on-first
6203 silly ADD node_modules/filter-obj
6204 silly ADD node_modules/decode-uri-component
6205 silly ADD node_modules/object-assign
6206 silly ADD node_modules/source-map-js
6207 silly ADD node_modules/pngjs
6208 silly ADD node_modules/callsites
6209 silly ADD node_modules/yocto-queue
6210 silly ADD node_modules/word-wrap
6211 silly ADD node_modules/fast-levenshtein
6212 silly ADD node_modules/deep-is
6213 silly ADD node_modules/ee-first
6214 silly ADD node_modules/concat-map
6215 silly ADD node_modules/balanced-match
6216 silly ADD node_modules/brace-expansion
6217 silly ADD node_modules/mime-db
6218 silly ADD node_modules/to-regex-range
6219 silly ADD node_modules/fill-range
6220 silly ADD node_modules/braces
6221 silly ADD node_modules/vlq
6222 silly ADD node_modules/ob1
6223 silly ADD node_modules/@babel/traverse--for-generate-function-map
6224 silly ADD node_modules/terser
6225 silly ADD node_modules/terser/node_modules/commander
6226 silly ADD node_modules/node-int64
6227 silly ADD node_modules/bser
6228 silly ADD node_modules/walker
6229 silly ADD node_modules/micromatch
6230 silly ADD node_modules/fb-watchman
6231 silly ADD node_modules/leven
6232 silly ADD node_modules/jest-get-type
6233 silly ADD node_modules/camelcase
6234 silly ADD node_modules/yaml
6235 silly ADD node_modules/jest-validate
6236 silly ADD node_modules/agent-base
6237 silly ADD node_modules/https-proxy-agent
6238 silly ADD node_modules/exponential-backoff
6239 silly ADD node_modules/@types/yargs-parser
6240 silly ADD node_modules/@types/istanbul-lib-report
6241 silly ADD node_modules/@sinclair/typebox
6242 silly ADD node_modules/@types/yargs
6243 silly ADD node_modules/@types/istanbul-reports
6244 silly ADD node_modules/@types/istanbul-lib-coverage
6245 silly ADD node_modules/@jest/schemas
6246 silly ADD node_modules/picomatch
6247 silly ADD node_modules/@jest/types
6248 silly ADD node_modules/undici-types
6249 silly ADD node_modules/merge-stream
6250 silly ADD node_modules/jest-util
6251 silly ADD node_modules/jest-util/node_modules/ci-info
6252 silly ADD node_modules/@types/node
6253 silly ADD node_modules/queue
6254 silly ADD node_modules/unpipe
6255 silly ADD node_modules/statuses
6256 silly ADD node_modules/on-finished
6257 silly ADD node_modules/escape-html
6258 silly ADD node_modules/encodeurl
6259 silly ADD node_modules/stackframe
6260 silly ADD node_modules/utils-merge
6261 silly ADD node_modules/parseurl
6262 silly ADD node_modules/finalhandler
6263 silly ADD node_modules/finalhandler/node_modules/ms
6264 silly ADD node_modules/finalhandler/node_modules/debug
6265 silly ADD node_modules/negotiator
6266 silly ADD node_modules/ws
6267 silly ADD node_modules/throat
6268 silly ADD node_modules/source-map
6269 silly ADD node_modules/serialize-error
6270 silly ADD node_modules/lodash.throttle
6271 silly ADD node_modules/jest-worker
6272 silly ADD node_modules/jest-worker/node_modules/supports-color
6273 silly ADD node_modules/image-size
6274 silly ADD node_modules/graceful-fs
6275 silly ADD node_modules/flow-enums-runtime
6276 silly ADD node_modules/error-stack-parser
6277 silly ADD node_modules/connect
6278 silly ADD node_modules/connect/node_modules/ms
6279 silly ADD node_modules/connect/node_modules/debug
6280 silly ADD node_modules/ci-info
6281 silly ADD node_modules/accepts
6282 silly ADD node_modules/yallist
6283 silly ADD node_modules/p-locate
6284 silly ADD node_modules/lightningcss-win32-x64-msvc
6285 silly ADD
6286 silly ADD
6287 silly ADD
6288 silly ADD
6289 silly ADD
6290 silly ADD
6291 silly ADD
6292 silly ADD
6293 silly ADD
6294 silly ADD
6295 silly ADD node_modules/detect-libc
6296 silly ADD node_modules/type-check
6297 silly ADD node_modules/prelude-ls
6298 silly ADD node_modules/json-buffer
6299 silly ADD node_modules/argparse
6300 silly ADD node_modules/set-function-name
6301 silly ADD node_modules/is-extglob
6302 silly ADD node_modules/loose-envify
6303 silly ADD node_modules/side-channel
6304 silly ADD node_modules/parent-module
6305 silly ADD node_modules/hermes-estree
6306 silly ADD node_modules/path-scurry
6307 silly ADD node_modules/path-scurry/node_modules/lru-cache
6308 silly ADD node_modules/minipass
6309 silly ADD node_modules/resolve-pkg-maps
6310 silly ADD node_modules/dunder-proto
6311 silly ADD node_modules/functions-have-names
6312 silly ADD node_modules/delayed-stream
6313 silly ADD node_modules/mime-types
6314 silly ADD node_modules/combined-stream
6315 silly ADD node_modules/asynckit
6316 silly ADD node_modules/keyv
6317 silly ADD node_modules/flatted
6318 silly ADD node_modules/path-exists
6319 silly ADD node_modules/locate-path
6320 silly ADD node_modules/flat-cache
6321 silly ADD node_modules/react-native-is-edge-to-edge
6322 silly ADD node_modules/@react-native/normalize-colors
6323 silly ADD node_modules/@expo/prebuild-config
6324 silly ADD node_modules/@expo/prebuild-config/node_modules/semver
6325 silly ADD node_modules/commander
6326 silly ADD node_modules/fontfaceobserver
6327 silly ADD node_modules/parse-png
6328 silly ADD node_modules/jimp-compact
6329 silly ADD node_modules/typescript
6330 silly ADD node_modules/@expo/require-utils
6331 silly ADD node_modules/@expo/image-utils
6332 silly ADD node_modules/@expo/image-utils/node_modules/semver
6333 silly ADD node_modules/core-js-compat
6334 silly ADD node_modules/lodash.debounce
6335 silly ADD node_modules/@babel/helper-define-polyfill-provider
6336 silly ADD node_modules/@babel/helper-define-polyfill-provider/node_modules/resolve
6337 silly ADD node_modules/yargs
6338 silly ADD node_modules/nullthrows
6339 silly ADD node_modules/invariant
6340 silly ADD node_modules/@react-native/codegen
6341 silly ADD node_modules/@react-native/codegen/node_modules/glob
6342 silly ADD node_modules/regexpu-core
6343 silly ADD node_modules/@babel/helper-create-regexp-features-plugin
6344 silly ADD node_modules/@babel/helper-wrap-function
6345 silly ADD node_modules/@babel/helper-remap-async-to-generator
6346 silly ADD node_modules/@react-native/babel-plugin-codegen
6347 silly ADD node_modules/@babel/plugin-transform-unicode-regex
6348 silly ADD node_modules/@babel/plugin-transform-sticky-regex
6349 silly ADD node_modules/@babel/plugin-transform-spread
6350 silly ADD node_modules/@babel/plugin-transform-shorthand-properties
6351 silly ADD node_modules/@babel/plugin-transform-regenerator
6352 silly ADD node_modules/@babel/plugin-transform-react-jsx-source
6353 silly ADD node_modules/@babel/plugin-transform-react-jsx-self
6354 silly ADD node_modules/@babel/plugin-transform-optional-chaining
6355 silly ADD node_modules/@babel/plugin-transform-optional-catch-binding
6356 silly ADD node_modules/@babel/plugin-transform-numeric-separator
6357 silly ADD node_modules/@babel/plugin-transform-nullish-coalescing-operator
6358 silly ADD node_modules/@babel/plugin-transform-named-capturing-groups-regex
6359 silly ADD node_modules/@babel/plugin-transform-logical-assignment-operators
6360 silly ADD node_modules/@babel/plugin-transform-literals
6361 silly ADD node_modules/@babel/plugin-transform-function-name
6362 silly ADD node_modules/@babel/plugin-transform-for-of
6363 silly ADD node_modules/@babel/plugin-transform-computed-properties
6364 silly ADD node_modules/@babel/plugin-transform-classes
6365 silly ADD node_modules/@babel/plugin-transform-class-properties
6366 silly ADD node_modules/@babel/plugin-transform-block-scoping
6367 silly ADD node_modules/@babel/plugin-transform-async-to-generator
6368 silly ADD node_modules/@babel/plugin-transform-async-generator-functions
6369 silly ADD node_modules/@babel/plugin-transform-arrow-functions
6370 silly ADD node_modules/@babel/plugin-syntax-optional-chaining
6371 silly ADD node_modules/@babel/plugin-syntax-nullish-coalescing-operator
6372 silly ADD node_modules/@babel/plugin-syntax-dynamic-import
6373 silly ADD node_modules/@babel/plugin-syntax-typescript
6374 silly ADD node_modules/@babel/plugin-transform-typescript
6375 silly ADD node_modules/@babel/plugin-syntax-jsx
6376 silly ADD node_modules/@babel/plugin-transform-react-pure-annotations
6377 silly ADD node_modules/@babel/plugin-transform-react-jsx-development
6378 silly ADD node_modules/@babel/plugin-transform-react-jsx
6379 silly ADD node_modules/@babel/plugin-transform-react-display-name
6380 silly ADD node_modules/babel-plugin-polyfill-regenerator
6381 silly ADD node_modules/babel-plugin-polyfill-corejs3
6382 silly ADD node_modules/babel-plugin-polyfill-corejs2
6383 silly ADD node_modules/@babel/plugin-transform-destructuring
6384 silly ADD node_modules/@babel/plugin-syntax-flow
6385 silly ADD node_modules/@babel/helper-skip-transparent-expression-wrappers
6386 silly ADD node_modules/@babel/helper-replace-supers
6387 silly ADD node_modules/@babel/helper-optimise-call-expression
6388 silly ADD node_modules/@babel/helper-member-expression-to-functions
6389 silly ADD node_modules/@babel/helper-annotate-as-pure
6390 silly ADD node_modules/@babel/plugin-syntax-decorators
6391 silly ADD node_modules/@babel/helper-plugin-utils
6392 silly ADD node_modules/@babel/helper-create-class-features-plugin
6393 silly ADD node_modules/babel-plugin-transform-flow-enums
6394 silly ADD node_modules/babel-plugin-syntax-hermes-parser
6395 silly ADD node_modules/babel-plugin-react-native-web
6396 silly ADD node_modules/babel-plugin-react-compiler
6397 silly ADD node_modules/@react-native/babel-preset
6398 silly ADD node_modules/@babel/preset-typescript
6399 silly ADD node_modules/@babel/preset-react
6400 silly ADD node_modules/@babel/plugin-transform-runtime
6401 silly ADD node_modules/@babel/plugin-transform-private-property-in-object
6402 silly ADD node_modules/@babel/plugin-transform-private-methods
6403 silly ADD node_modules/@babel/plugin-transform-parameters
6404 silly ADD node_modules/@babel/plugin-transform-object-rest-spread
6405 silly ADD node_modules/@babel/plugin-transform-modules-commonjs
6406 silly ADD node_modules/@babel/plugin-transform-flow-strip-types
6407 silly ADD node_modules/@babel/plugin-transform-export-namespace-from
6408 silly ADD node_modules/@babel/plugin-transform-class-static-block
6409 silly ADD node_modules/@babel/plugin-syntax-export-default-from
6410 silly ADD node_modules/@babel/plugin-proposal-export-default-from
6411 silly ADD node_modules/@babel/plugin-proposal-decorators
6412 silly ADD node_modules/xmlbuilder
6413 silly ADD node_modules/base64-js
6414 silly ADD node_modules/@xmldom/xmldom
6415 silly ADD node_modules/postcss
6416 silly ADD node_modules/lightningcss
6417 silly ADD node_modules/jsc-safe-url
6418 silly ADD node_modules/hermes-parser
6419 silly ADD node_modules/dotenv-expand
6420 silly ADD node_modules/dotenv
6421 silly ADD node_modules/@expo/env
6422 silly ADD node_modules/metro-transform-worker
6423 silly ADD node_modules/metro-transform-plugins
6424 silly ADD node_modules/metro-symbolicate
6425 silly ADD node_modules/metro-source-map
6426 silly ADD node_modules/metro-runtime
6427 silly ADD node_modules/metro-resolver
6428 silly ADD node_modules/metro-minify-terser
6429 silly ADD node_modules/metro-file-map
6430 silly ADD node_modules/metro-core
6431 silly ADD node_modules/metro-config
6432 silly ADD node_modules/metro-cache-key
6433 silly ADD node_modules/metro-cache
6434 silly ADD node_modules/metro-babel-transformer
6435 silly ADD node_modules/metro-babel-transformer/node_modules/hermes-estree
6436 silly ADD node_modules/metro-babel-transformer/node_modules/hermes-parser
6437 silly ADD node_modules/metro
6438 silly ADD node_modules/metro/node_modules/hermes-estree
6439 silly ADD node_modules/metro/node_modules/hermes-parser
6440 silly ADD node_modules/p-limit
6441 silly ADD node_modules/arg
6442 silly ADD node_modules/@expo/spawn-async
6443 silly ADD node_modules/xml2js
6444 silly ADD node_modules/xml2js/node_modules/xmlbuilder
6445 silly ADD node_modules/xcode
6446 silly ADD node_modules/slash
6447 silly ADD node_modules/@expo/sdk-runtime-versions
6448 silly ADD node_modules/@expo/plist
6449 silly ADD node_modules/sucrase
6450 silly ADD node_modules/sucrase/node_modules/commander
6451 silly ADD node_modules/slugify
6452 silly ADD node_modules/resolve-workspace-root
6453 silly ADD node_modules/resolve-from
6454 silly ADD node_modules/require-from-string
6455 silly ADD node_modules/glob
6456 silly ADD node_modules/glob/node_modules/balanced-match
6457 silly ADD node_modules/glob/node_modules/brace-expansion
6458 silly ADD node_modules/glob/node_modules/minimatch
6459 silly ADD node_modules/getenv
6460 silly ADD node_modules/deepmerge
6461 silly ADD node_modules/@expo/json-file
6462 silly ADD node_modules/@expo/config-types
6463 silly ADD node_modules/whatwg-url-without-unicode
6464 silly ADD node_modules/whatwg-url-without-unicode/node_modules/webidl-conversions
6465 silly ADD node_modules/pretty-format
6466 silly ADD node_modules/pretty-format/node_modules/react-is
6467 silly ADD node_modules/pretty-format/node_modules/ansi-styles
6468 silly ADD node_modules/expo-modules-core
6469 silly ADD node_modules/expo-modules-autolinking
6470 silly ADD node_modules/expo-keep-awake
6471 silly ADD node_modules/expo-file-system
6472 silly ADD node_modules/expo-asset
6473 silly ADD node_modules/react-refresh
6474 silly ADD node_modules/babel-preset-expo
6475 silly ADD node_modules/@ungap/structured-clone
6476 silly ADD node_modules/@expo/metro-config
6477 silly ADD node_modules/@expo/metro-config/node_modules/brace-expansion
6478 silly ADD node_modules/@expo/metro-config/node_modules/minimatch
6479 silly ADD node_modules/@expo/metro
6480 silly ADD node_modules/@expo/fingerprint
6481 silly ADD node_modules/@expo/fingerprint/node_modules/brace-expansion
6482 silly ADD node_modules/@expo/fingerprint/node_modules/semver
6483 silly ADD node_modules/@expo/fingerprint/node_modules/minimatch
6484 silly ADD node_modules/@expo/devtools
6485 silly ADD node_modules/@expo/config-plugins
6486 silly ADD node_modules/@expo/config-plugins/node_modules/semver
6487 silly ADD node_modules/@expo/config
6488 silly ADD node_modules/@expo/config/node_modules/semver
6489 silly ADD node_modules/@expo/config/node_modules/@babel/code-frame
6490 silly ADD node_modules/@babel/runtime
6491 silly ADD node_modules/acorn-jsx
6492 silly ADD node_modules/acorn
6493 silly ADD node_modules/esrecurse
6494 silly ADD node_modules/iterator.prototype
6495 silly ADD node_modules/string.prototype.repeat
6496 silly ADD node_modules/string.prototype.matchall
6497 silly ADD node_modules/prop-types
6498 silly ADD node_modules/prop-types/node_modules/react-is
6499 silly ADD node_modules/object.entries
6500 silly ADD node_modules/jsx-ast-utils
6501 silly ADD node_modules/estraverse
6502 silly ADD node_modules/es-iterator-helpers
6503 silly ADD node_modules/array.prototype.tosorted
6504 silly ADD node_modules/array.prototype.findlast
6505 silly ADD node_modules/resolve
6506 silly ADD node_modules/is-symbol
6507 silly ADD node_modules/is-date-object
6508 silly ADD node_modules/has-tostringtag
6509 silly ADD node_modules/possible-typed-array-names
6510 silly ADD node_modules/which-typed-array
6511 silly ADD node_modules/unbox-primitive
6512 silly ADD node_modules/typed-array-length
6513 silly ADD node_modules/typed-array-byte-offset
6514 silly ADD node_modules/typed-array-byte-length
6515 silly ADD node_modules/typed-array-buffer
6516 silly ADD node_modules/string.prototype.trimstart
6517 silly ADD node_modules/string.prototype.trim
6518 silly ADD node_modules/stop-iteration-iterator
6519 silly ADD node_modules/set-proto
6520 silly ADD node_modules/safe-regex-test
6521 silly ADD node_modules/safe-push-apply
6522 silly ADD node_modules/safe-array-concat
6523 silly ADD node_modules/regexp.prototype.flags
6524 silly ADD node_modules/own-keys
6525 silly ADD node_modules/object.assign
6526 silly ADD node_modules/object-inspect
6527 silly ADD node_modules/is-weakref
6528 silly ADD node_modules/is-typed-array
6529 silly ADD node_modules/is-shared-array-buffer
6530 silly ADD node_modules/is-set
6531 silly ADD node_modules/is-regex
6532 silly ADD node_modules/is-negative-zero
6533 silly ADD node_modules/is-data-view
6534 silly ADD node_modules/is-callable
6535 silly ADD node_modules/is-array-buffer
6536 silly ADD node_modules/internal-slot
6537 silly ADD node_modules/has-symbols
6538 silly ADD node_modules/has-proto
6539 silly ADD node_modules/globalthis
6540 silly ADD node_modules/get-symbol-description
6541 silly ADD node_modules/get-proto
6542 silly ADD node_modules/function.prototype.name
6543 silly ADD node_modules/es-to-primitive
6544 silly ADD node_modules/es-set-tostringtag
6545 silly ADD node_modules/data-view-byte-offset
6546 silly ADD node_modules/data-view-byte-length
6547 silly ADD node_modules/data-view-buffer
6548 silly ADD node_modules/available-typed-arrays
6549 silly ADD node_modules/arraybuffer.prototype.slice
6550 silly ADD node_modules/array-buffer-byte-length
6551 silly ADD node_modules/gopd
6552 silly ADD node_modules/object-keys
6553 silly ADD node_modules/has-property-descriptors
6554 silly ADD node_modules/define-data-property
6555 silly ADD node_modules/function-bind
6556 silly ADD node_modules/set-function-length
6557 silly ADD node_modules/es-define-property
6558 silly ADD node_modules/call-bind-apply-helpers
6559 silly ADD node_modules/es-shim-unscopables
6560 silly ADD node_modules/es-errors
6561 silly ADD node_modules/math-intrinsics
6562 silly ADD node_modules/is-string
6563 silly ADD node_modules/get-intrinsic
6564 silly ADD node_modules/es-object-atoms
6565 silly ADD node_modules/es-abstract
6566 silly ADD node_modules/define-properties
6567 silly ADD node_modules/call-bound
6568 silly ADD node_modules/call-bind
6569 silly ADD node_modules/tsconfig-paths
6570 silly ADD node_modules/tsconfig-paths/node_modules/json5
6571 silly ADD node_modules/string.prototype.trimend
6572 silly ADD node_modules/object.values
6573 silly ADD node_modules/object.groupby
6574 silly ADD node_modules/object.fromentries
6575 silly ADD node_modules/is-core-module
6576 silly ADD node_modules/hasown
6577 silly ADD node_modules/eslint-module-utils
6578 silly ADD node_modules/eslint-module-utils/node_modules/debug
6579 silly ADD node_modules/eslint-import-resolver-node
6580 silly ADD node_modules/eslint-import-resolver-node/node_modules/debug
6581 silly ADD node_modules/doctrine
6582 silly ADD node_modules/array.prototype.flatmap
6583 silly ADD node_modules/array.prototype.flat
6584 silly ADD node_modules/array.prototype.findlastindex
6585 silly ADD node_modules/array-includes
6586 silly ADD node_modules/@rtsao/scc
6587 silly ADD node_modules/unrs-resolver
6588 silly ADD node_modules/stable-hash
6589 silly ADD node_modules/is-bun-module
6590 silly ADD node_modules/is-bun-module/node_modules/semver
6591 silly ADD node_modules/get-tsconfig
6592 silly ADD node_modules/@nolyfill/is-core-module
6593 silly ADD node_modules/tinyglobby
6594 silly ADD node_modules/tinyglobby/node_modules/picomatch
6595 silly ADD node_modules/tinyglobby/node_modules/fdir
6596 silly ADD node_modules/@typescript-eslint/tsconfig-utils
6597 silly ADD node_modules/@typescript-eslint/project-service
6598 silly ADD node_modules/@typescript-eslint/typescript-estree
6599 silly ADD node_modules/@typescript-eslint/typescript-estree/node_modules/balanced-match
6600 silly ADD node_modules/@typescript-eslint/typescript-estree/node_modules/brace-expansion
6601 silly ADD node_modules/@typescript-eslint/typescript-estree/node_modules/semver
6602 silly ADD node_modules/@typescript-eslint/typescript-estree/node_modules/minimatch
6603 silly ADD node_modules/@typescript-eslint/types
6604 silly ADD node_modules/ts-api-utils
6605 silly ADD node_modules/@typescript-eslint/visitor-keys
6606 silly ADD node_modules/@typescript-eslint/visitor-keys/node_modules/eslint-visitor-keys
6607 silly ADD node_modules/@typescript-eslint/utils
6608 silly ADD node_modules/@typescript-eslint/type-utils
6609 silly ADD node_modules/@typescript-eslint/scope-manager
6610 silly ADD node_modules/eslint-plugin-react-hooks
6611 silly ADD node_modules/eslint-plugin-react
6612 silly ADD node_modules/eslint-plugin-import
6613 silly ADD node_modules/eslint-plugin-import/node_modules/debug
6614 silly ADD node_modules/eslint-plugin-expo
6615 silly ADD node_modules/eslint-import-resolver-typescript
6616 silly ADD node_modules/@typescript-eslint/parser
6617 silly ADD node_modules/@typescript-eslint/eslint-plugin
6618 silly ADD node_modules/@typescript-eslint/eslint-plugin/node_modules/ignore
6619 silly ADD node_modules/which
6620 silly ADD node_modules/shebang-command
6621 silly ADD node_modules/path-key
6622 silly ADD node_modules/supports-color
6623 silly ADD node_modules/ansi-styles
6624 silly ADD node_modules/uri-js
6625 silly ADD node_modules/json-schema-traverse
6626 silly ADD node_modules/fast-json-stable-stringify
6627 silly ADD node_modules/@humanfs/types
6628 silly ADD node_modules/@humanfs/core
6629 silly ADD node_modules/levn
6630 silly ADD node_modules/strip-json-comments
6631 silly ADD node_modules/js-yaml
6632 silly ADD node_modules/import-fresh
6633 silly ADD node_modules/import-fresh/node_modules/resolve-from
6634 silly ADD node_modules/globals
6635 silly ADD node_modules/@types/json-schema
6636 silly ADD node_modules/@eslint/object-schema
6637 silly ADD node_modules/optionator
6638 silly ADD node_modules/natural-compare
6639 silly ADD node_modules/minimatch
6640 silly ADD node_modules/lodash.merge
6641 silly ADD node_modules/json-stable-stringify-without-jsonify
6642 silly ADD node_modules/is-glob
6643 silly ADD node_modules/imurmurhash
6644 silly ADD node_modules/ignore
6645 silly ADD node_modules/glob-parent
6646 silly ADD node_modules/find-up
6647 silly ADD node_modules/file-entry-cache
6648 silly ADD node_modules/esutils
6649 silly ADD node_modules/esquery
6650 silly ADD node_modules/espree
6651 silly ADD node_modules/eslint-visitor-keys
6652 silly ADD node_modules/eslint-scope
6653 silly ADD node_modules/cross-spawn
6654 silly ADD node_modules/chalk
6655 silly ADD node_modules/ajv
6656 silly ADD node_modules/@types/estree
6657 silly ADD node_modules/@humanwhocodes/retry
6658 silly ADD node_modules/@humanwhocodes/module-importer
6659 silly ADD node_modules/@humanfs/node
6660 silly ADD node_modules/@eslint/plugin-kit
6661 silly ADD node_modules/@eslint/js
6662 silly ADD node_modules/@eslint/eslintrc
6663 silly ADD node_modules/@eslint/core
6664 silly ADD node_modules/@eslint/config-helpers
6665 silly ADD node_modules/@eslint/config-array
6666 silly ADD node_modules/@eslint-community/regexpp
6667 silly ADD node_modules/@eslint-community/eslint-utils
6668 silly ADD node_modules/@eslint-community/eslint-utils/node_modules/eslint-visitor-keys
6669 silly ADD node_modules/ms
6670 silly ADD node_modules/simple-swizzle
6671 silly ADD node_modules/color-name
6672 silly ADD node_modules/color-string
6673 silly ADD node_modules/color-convert
6674 silly ADD node_modules/update-browserslist-db
6675 silly ADD node_modules/node-releases
6676 silly ADD node_modules/electron-to-chromium
6677 silly ADD node_modules/caniuse-lite
6678 silly ADD node_modules/baseline-browser-mapping
6679 silly ADD node_modules/proxy-from-env
6680 silly ADD node_modules/form-data
6681 silly ADD node_modules/follow-redirects
6682 silly ADD node_modules/csstype
6683 silly ADD node_modules/warn-once
6684 silly ADD node_modules/react-is
6685 silly ADD node_modules/query-string
6686 silly ADD node_modules/@react-navigation/routers
6687 silly ADD node_modules/nanoid
6688 silly ADD node_modules/fast-deep-equal
6689 silly ADD node_modules/escape-string-regexp
6690 silly ADD node_modules/@react-navigation/core
6691 silly ADD node_modules/use-sync-external-store
6692 silly ADD node_modules/use-latest-callback
6693 silly ADD node_modules/sf-symbols-typescript
6694 silly ADD node_modules/color
6695 silly ADD node_modules/@jridgewell/resolve-uri
6696 silly ADD node_modules/@jridgewell/sourcemap-codec
6697 silly ADD node_modules/@babel/helper-string-parser
6698 silly ADD node_modules/@babel/helper-globals
6699 silly ADD node_modules/@babel/helper-module-imports
6700 silly ADD node_modules/lru-cache
6701 silly ADD node_modules/browserslist
6702 silly ADD node_modules/@babel/helper-validator-option
6703 silly ADD node_modules/@babel/compat-data
6704 silly ADD node_modules/jsesc
6705 silly ADD node_modules/@jridgewell/trace-mapping
6706 silly ADD node_modules/@jridgewell/gen-mapping
6707 silly ADD node_modules/picocolors
6708 silly ADD node_modules/js-tokens
6709 silly ADD node_modules/@babel/helper-validator-identifier
6710 silly ADD node_modules/semver
6711 silly ADD node_modules/json5
6712 silly ADD node_modules/gensync
6713 silly ADD node_modules/debug
6714 silly ADD node_modules/convert-source-map
6715 silly ADD node_modules/@jridgewell/remapping
6716 silly ADD node_modules/@babel/types
6717 silly ADD node_modules/@babel/traverse
6718 silly ADD node_modules/@babel/template
6719 silly ADD node_modules/@babel/parser
6720 silly ADD node_modules/@babel/helpers
6721 silly ADD node_modules/@babel/helper-module-transforms
6722 silly ADD node_modules/@babel/helper-compilation-targets
6723 silly ADD node_modules/@babel/generator
6724 silly ADD node_modules/@babel/code-frame
6725 silly ADD node_modules/react-native-web
6726 silly ADD node_modules/react-native-web/node_modules/memoize-one
6727 silly ADD node_modules/react-native-web/node_modules/@react-native/normalize-colors
6728 silly ADD node_modules/@babel/core
6729 silly ADD node_modules/react-native-worklets
6730 silly ADD node_modules/react-native-worklets/node_modules/semver
6731 silly ADD node_modules/react-native-reanimated
6732 silly ADD node_modules/react-native-reanimated/node_modules/semver
6733 silly ADD node_modules/react-native-paper
6734 silly ADD node_modules/react-native-paper/node_modules/color-name
6735 silly ADD node_modules/react-native-paper/node_modules/color-convert
6736 silly ADD node_modules/react-native-paper/node_modules/color
6737 silly ADD node_modules/react-native-gesture-handler
6738 silly ADD node_modules/react-dom
6739 silly ADD node_modules/expo-web-browser
6740 silly ADD node_modules/expo-system-ui
6741 silly ADD node_modules/expo-symbols
6742 silly ADD node_modules/expo-status-bar
6743 silly ADD node_modules/expo-splash-screen
6744 silly ADD node_modules/expo-secure-store
6745 silly ADD node_modules/expo-linking
6746 silly ADD node_modules/expo-image
6747 silly ADD node_modules/expo-haptics
6748 silly ADD node_modules/expo-constants
6749 silly ADD node_modules/eslint-config-expo
6750 silly ADD node_modules/eslint-config-expo/node_modules/globals
6751 silly ADD node_modules/eslint
6752 silly ADD node_modules/axios
6753 silly ADD node_modules/@types/react
6754 silly ADD node_modules/@react-navigation/native-stack
6755 silly ADD node_modules/@react-navigation/elements
6756 silly ADD node_modules/react-native-safe-area-context
6757 silly ADD node_modules/@react-navigation/native
6758 silly ADD node_modules/react-native-screens
6759 silly ADD node_modules/@react-navigation/bottom-tabs
6760 silly ADD node_modules/expo
6761 silly ADD node_modules/expo/node_modules/brace-expansion
6762 silly ADD node_modules/expo/node_modules/ws
6763 silly ADD node_modules/expo/node_modules/semver
6764 silly ADD node_modules/expo/node_modules/resolve
6765 silly ADD node_modules/expo/node_modules/picomatch
6766 silly ADD node_modules/expo/node_modules/minimatch
6767 silly ADD node_modules/expo/node_modules/ci-info
6768 silly ADD node_modules/expo/node_modules/@expo/cli
6769 silly ADD node_modules/expo-font
6770 silly ADD node_modules/react
6771 silly ADD node_modules/@expo/vector-icons
6772 silly CHANGE node_modules/react-native
6773 silly ADD node_modules/react-native/node_modules/ws
6774 silly ADD node_modules/react-native/node_modules/semver
6775 silly ADD node_modules/react-native/node_modules/glob
6776 silly ADD node_modules/react-native/node_modules/commander
6777 silly ADD node_modules/react-native/node_modules/@react-native/virtualized-lists
6778 verbose cwd C:\Users\nyath\Desktop\2.2\ZimCrafts Hub fullstack\zimcrafts-mobile
6779 verbose os Windows_NT 10.0.26100
6780 verbose node v22.20.0
6781 verbose npm  v10.9.3
6782 verbose exit 0
6783 info ok
